25-05-19 12:13:46 [INFO] Logger started.
25-05-19 12:13:46 [INFO] Logging system initialized.
25-05-19 12:13:46 [INFO] Detected Minecraft version: 1.16.5
25-05-19 12:13:48 [INFO] McAccess set to: 1.13-1.21|? / Bukkit-API
25-05-19 12:13:48 [INFO] Inventory checks: FastConsume is available, disabled InstantEat.
25-05-19 12:13:48 [INFO] Packet level access: ProtocolLib is not available.
25-05-19 12:13:48 [INFO] Force disable FastHeal, FastConsume, PacketFrequency and InstantBow on Minecraft 1.9 and later.
25-05-19 12:13:48 [INFO] Version 3.17.1-SNAPSHOT-Updated-b198 is enabled.
25-05-19 12:13:51 [INFO] [GenericInstanceRegistry] Registered (override) for itself: fr.neatmonster.nocheatplus.hooks.ExemptionSettings
25-05-19 12:13:51 [INFO] [GenericInstanceRegistry] Registered for itself: fr.neatmonster.nocheatplus.stats.Counters
25-05-19 12:13:51 [INFO] [GenericInstanceRegistry] Registered for itself: fr.neatmonster.nocheatplus.checks.workaround.WRPT
25-05-19 12:13:51 [INFO] [GenericInstanceRegistry] Registered for itself: fr.neatmonster.nocheatplus.checks.moving.location.tracking.LocationTrace$TraceEntryPool
25-05-19 12:13:51 [INFO] [GenericInstanceRegistry] Registered for itself: fr.neatmonster.nocheatplus.utilities.entity.PassengerUtil
25-05-19 12:13:51 [INFO] [GenericInstanceRegistry] Registered for fr.neatmonster.nocheatplus.compat.IBridgeCrossPlugin: fr.neatmonster.nocheatplus.compat.meta.BridgeCrossPlugin
25-05-19 12:13:51 [INFO] [GenericInstanceRegistry] Registered for fr.neatmonster.nocheatplus.compat.MCAccess: fr.neatmonster.nocheatplus.compat.bukkit.MCAccessBukkitModern
25-05-19 12:13:51 [INFO] [GenericInstanceRegistry] Registered for fr.neatmonster.nocheatplus.utilities.map.BlockCache: fr.neatmonster.nocheatplus.compat.bukkit.BlockCacheBukkitModern
25-05-19 12:13:51 [INFO] [GenericInstanceRegistry] Registered for fr.neatmonster.nocheatplus.components.modifier.IAttributeAccess: fr.neatmonster.nocheatplus.compat.bukkit.BukkitAttributeAccess
25-05-19 12:13:51 [INFO] [GenericInstanceRegistry] Registered for fr.neatmonster.nocheatplus.components.entity.IEntityAccessVehicle: fr.neatmonster.nocheatplus.compat.bukkit.EntityAccessVehicleMultiPassenger
25-05-19 12:13:51 [INFO] [GenericInstanceRegistry] Registered for itself: fr.neatmonster.nocheatplus.checks.moving.util.AuxMoving
25-05-19 12:13:51 [INFO] Added hook: AllViolations(NCP) [1.0].
25-05-19 12:13:51 [INFO] Added hook: ViolationFrequency(NCP) [1.0].
25-05-19 12:13:51 [INFO] Post-enable running...
25-05-19 12:13:51 [INFO] Post-enable finished.
25-05-19 12:13:51 [INFO] §c§l»Version information«§7
§6§lServer:§7
§7git-Patina-ver/1.16.5-"667fb1b" ~MC: 1.16.5~
§7§eDetected: §71.16.5
§6§lNoCheatPlus:§7
§7§ePlugin: §73.17.1-SNAPSHOT-Updated-b198
§7§eMCAccess: §71.13-1.21|? / Bukkit-API
§6§lFeatures:
§7§eblocks§7: BlocksMC1_4§f, §7BlocksMC1_5§f, §7BlocksMC1_6_1§f, §7BlocksMC1_7_2§f, §7BlocksMC1_8§f, §7BlocksMC1_9§f, §7BlocksMC1_10§f, §7BlocksMC1_11§f, §7BlocksMC1_12§f, §7BlocksMC1_13§f, §7BlocksMC1_14§f, §7BlocksMC1_15§f, §7BlocksMC1_16§f, §7MCAccessBukkitModern
§7§echecks§7: FastConsume§f, §7Gutenberg§f, §7HotFixFallingBlockPortalEnter
§7§edefaults§7: pvpKnockBackVelocity
§6§lHooks:
§7AllViolations~NCP~ 1.0§f, §7ViolationFrequency~NCP~ 1.0
25-05-19 12:16:13 [INFO] Logger started.
25-05-19 12:16:13 [INFO] Logging system initialized.
25-05-19 12:16:13 [INFO] Detected Minecraft version: 1.16.5
25-05-19 12:16:14 [INFO] McAccess set to: 1.13-1.21|? / Bukkit-API
25-05-19 12:16:14 [INFO] Inventory checks: FastConsume is available, disabled InstantEat.
25-05-19 12:16:14 [INFO] Packet level access: ProtocolLib is not available.
25-05-19 12:16:14 [INFO] Force disable FastHeal, FastConsume, PacketFrequency and InstantBow on Minecraft 1.9 and later.
25-05-19 12:16:14 [INFO] Version 3.17.1-SNAPSHOT-Updated-b198 is enabled.
25-05-19 12:16:15 [INFO] [GenericInstanceRegistry] Registered (override) for itself: fr.neatmonster.nocheatplus.hooks.ExemptionSettings
25-05-19 12:16:15 [INFO] [GenericInstanceRegistry] Registered for itself: fr.neatmonster.nocheatplus.stats.Counters
25-05-19 12:16:15 [INFO] [GenericInstanceRegistry] Registered for itself: fr.neatmonster.nocheatplus.checks.workaround.WRPT
25-05-19 12:16:15 [INFO] [GenericInstanceRegistry] Registered for itself: fr.neatmonster.nocheatplus.checks.moving.location.tracking.LocationTrace$TraceEntryPool
25-05-19 12:16:15 [INFO] [GenericInstanceRegistry] Registered for itself: fr.neatmonster.nocheatplus.utilities.entity.PassengerUtil
25-05-19 12:16:15 [INFO] [GenericInstanceRegistry] Registered for fr.neatmonster.nocheatplus.compat.IBridgeCrossPlugin: fr.neatmonster.nocheatplus.compat.meta.BridgeCrossPlugin
25-05-19 12:16:15 [INFO] [GenericInstanceRegistry] Registered for fr.neatmonster.nocheatplus.compat.MCAccess: fr.neatmonster.nocheatplus.compat.bukkit.MCAccessBukkitModern
25-05-19 12:16:15 [INFO] [GenericInstanceRegistry] Registered for fr.neatmonster.nocheatplus.utilities.map.BlockCache: fr.neatmonster.nocheatplus.compat.bukkit.BlockCacheBukkitModern
25-05-19 12:16:15 [INFO] [GenericInstanceRegistry] Registered for fr.neatmonster.nocheatplus.components.modifier.IAttributeAccess: fr.neatmonster.nocheatplus.compat.bukkit.BukkitAttributeAccess
25-05-19 12:16:15 [INFO] [GenericInstanceRegistry] Registered for fr.neatmonster.nocheatplus.components.entity.IEntityAccessVehicle: fr.neatmonster.nocheatplus.compat.bukkit.EntityAccessVehicleMultiPassenger
25-05-19 12:16:15 [INFO] [GenericInstanceRegistry] Registered for itself: fr.neatmonster.nocheatplus.checks.moving.util.AuxMoving
25-05-19 12:16:15 [INFO] Added hook: AllViolations(NCP) [1.0].
25-05-19 12:16:15 [INFO] Added hook: ViolationFrequency(NCP) [1.0].
25-05-19 12:16:15 [INFO] Post-enable running...
25-05-19 12:16:15 [INFO] Post-enable finished.
25-05-19 12:16:15 [INFO] §c§l»Version information«§7
§6§lServer:§7
§7git-Patina-ver/1.16.5-"667fb1b" ~MC: 1.16.5~
§7§eDetected: §71.16.5
§6§lNoCheatPlus:§7
§7§ePlugin: §73.17.1-SNAPSHOT-Updated-b198
§7§eMCAccess: §71.13-1.21|? / Bukkit-API
§6§lFeatures:
§7§eblocks§7: BlocksMC1_4§f, §7BlocksMC1_5§f, §7BlocksMC1_6_1§f, §7BlocksMC1_7_2§f, §7BlocksMC1_8§f, §7BlocksMC1_9§f, §7BlocksMC1_10§f, §7BlocksMC1_11§f, §7BlocksMC1_12§f, §7BlocksMC1_13§f, §7BlocksMC1_14§f, §7BlocksMC1_15§f, §7BlocksMC1_16§f, §7MCAccessBukkitModern
§7§echecks§7: FastConsume§f, §7Gutenberg§f, §7HotFixFallingBlockPortalEnter
§7§edefaults§7: pvpKnockBackVelocity
§6§lHooks:
§7AllViolations~NCP~ 1.0§f, §7ViolationFrequency~NCP~ 1.0
25-05-19 12:27:51 [INFO] Removed hook: ViolationFrequency(NCP) [1.0].
25-05-19 12:27:51 [INFO] Removed hook: AllViolations(NCP) [1.0].
25-05-19 12:27:51 [FINE] | cancel.dead 0 | cancel.offline 0 | block.interact.look.current 0 | block.interact.look.flying.first 0 | block.interact.look.flying.other 0 | illegalitem 0 | boatsanywhere 0 | throwenderpearl 0 | fakeinvulnerable 0 | eggonentity 0 | event.player.move 1487 (1487/0) |
25-05-19 12:27:51 [INFO] [GenericInstanceRegistry] Registry cleared.
25-05-19 12:44:47 [INFO] Logger started.
25-05-19 12:44:47 [INFO] Logging system initialized.
25-05-19 12:44:47 [INFO] Detected Minecraft version: 1.16.5
25-05-19 12:44:48 [INFO] McAccess set to: 1.13-1.21|? / Bukkit-API
25-05-19 12:44:48 [INFO] Inventory checks: FastConsume is available, disabled InstantEat.
25-05-19 12:44:48 [INFO] Packet level access: ProtocolLib is not available.
25-05-19 12:44:48 [INFO] Force disable FastHeal, FastConsume, PacketFrequency and InstantBow on Minecraft 1.9 and later.
25-05-19 12:44:48 [INFO] Version 3.17.1-SNAPSHOT-Updated-b198 is enabled.
25-05-19 12:44:50 [INFO] [GenericInstanceRegistry] Registered (override) for itself: fr.neatmonster.nocheatplus.hooks.ExemptionSettings
25-05-19 12:44:50 [INFO] [GenericInstanceRegistry] Registered for itself: fr.neatmonster.nocheatplus.stats.Counters
25-05-19 12:44:50 [INFO] [GenericInstanceRegistry] Registered for itself: fr.neatmonster.nocheatplus.checks.workaround.WRPT
25-05-19 12:44:50 [INFO] [GenericInstanceRegistry] Registered for itself: fr.neatmonster.nocheatplus.checks.moving.location.tracking.LocationTrace$TraceEntryPool
25-05-19 12:44:50 [INFO] [GenericInstanceRegistry] Registered for itself: fr.neatmonster.nocheatplus.utilities.entity.PassengerUtil
25-05-19 12:44:50 [INFO] [GenericInstanceRegistry] Registered for fr.neatmonster.nocheatplus.compat.IBridgeCrossPlugin: fr.neatmonster.nocheatplus.compat.meta.BridgeCrossPlugin
25-05-19 12:44:50 [INFO] [GenericInstanceRegistry] Registered for fr.neatmonster.nocheatplus.compat.MCAccess: fr.neatmonster.nocheatplus.compat.bukkit.MCAccessBukkitModern
25-05-19 12:44:50 [INFO] [GenericInstanceRegistry] Registered for fr.neatmonster.nocheatplus.utilities.map.BlockCache: fr.neatmonster.nocheatplus.compat.bukkit.BlockCacheBukkitModern
25-05-19 12:44:50 [INFO] [GenericInstanceRegistry] Registered for fr.neatmonster.nocheatplus.components.modifier.IAttributeAccess: fr.neatmonster.nocheatplus.compat.bukkit.BukkitAttributeAccess
25-05-19 12:44:50 [INFO] [GenericInstanceRegistry] Registered for fr.neatmonster.nocheatplus.components.entity.IEntityAccessVehicle: fr.neatmonster.nocheatplus.compat.bukkit.EntityAccessVehicleMultiPassenger
25-05-19 12:44:50 [INFO] [GenericInstanceRegistry] Registered for itself: fr.neatmonster.nocheatplus.checks.moving.util.AuxMoving
25-05-19 12:44:50 [INFO] Added hook: AllViolations(NCP) [1.0].
25-05-19 12:44:50 [INFO] Added hook: ViolationFrequency(NCP) [1.0].
25-05-19 12:44:50 [INFO] Post-enable running...
25-05-19 12:44:50 [INFO] Post-enable finished.
25-05-19 12:44:50 [INFO] §c§l»Version information«§7
§6§lServer:§7
§7git-Patina-ver/1.16.5-"667fb1b" ~MC: 1.16.5~
§7§eDetected: §71.16.5
§6§lNoCheatPlus:§7
§7§ePlugin: §73.17.1-SNAPSHOT-Updated-b198
§7§eMCAccess: §71.13-1.21|? / Bukkit-API
§6§lFeatures:
§7§eblocks§7: BlocksMC1_4§f, §7BlocksMC1_5§f, §7BlocksMC1_6_1§f, §7BlocksMC1_7_2§f, §7BlocksMC1_8§f, §7BlocksMC1_9§f, §7BlocksMC1_10§f, §7BlocksMC1_11§f, §7BlocksMC1_12§f, §7BlocksMC1_13§f, §7BlocksMC1_14§f, §7BlocksMC1_15§f, §7BlocksMC1_16§f, §7MCAccessBukkitModern
§7§echecks§7: FastConsume§f, §7Gutenberg§f, §7HotFixFallingBlockPortalEnter
§7§edefaults§7: pvpKnockBackVelocity
§6§lHooks:
§7AllViolations~NCP~ 1.0§f, §7ViolationFrequency~NCP~ 1.0
25-05-19 12:52:56 [INFO] Removed hook: ViolationFrequency(NCP) [1.0].
25-05-19 12:52:56 [INFO] Removed hook: AllViolations(NCP) [1.0].
25-05-19 12:52:56 [FINE] | cancel.dead 0 | cancel.offline 0 | block.interact.look.current 0 | block.interact.look.flying.first 0 | block.interact.look.flying.other 0 | illegalitem 0 | boatsanywhere 0 | throwenderpearl 0 | fakeinvulnerable 0 | eggonentity 0 | event.player.move 6326 (6326/0) |
25-05-19 12:52:56 [INFO] [GenericInstanceRegistry] Registry cleared.
25-05-19 12:52:58 [INFO] Logger started.
25-05-19 12:52:58 [INFO] Logging system initialized.
25-05-19 12:52:58 [INFO] Detected Minecraft version: 1.16.5
25-05-19 12:52:59 [INFO] McAccess set to: 1.13-1.21|? / Bukkit-API
25-05-19 12:52:59 [INFO] Inventory checks: FastConsume is available, disabled InstantEat.
25-05-19 12:52:59 [INFO] Packet level access: ProtocolLib is not available.
25-05-19 12:52:59 [INFO] Force disable FastHeal, FastConsume, PacketFrequency and InstantBow on Minecraft 1.9 and later.
25-05-19 12:52:59 [INFO] Version 3.17.1-SNAPSHOT-Updated-b198 is enabled.
25-05-19 12:53:00 [INFO] [GenericInstanceRegistry] Registered (override) for itself: fr.neatmonster.nocheatplus.hooks.ExemptionSettings
25-05-19 12:53:00 [INFO] [GenericInstanceRegistry] Registered for itself: fr.neatmonster.nocheatplus.stats.Counters
25-05-19 12:53:00 [INFO] [GenericInstanceRegistry] Registered for itself: fr.neatmonster.nocheatplus.checks.workaround.WRPT
25-05-19 12:53:00 [INFO] [GenericInstanceRegistry] Registered for itself: fr.neatmonster.nocheatplus.checks.moving.location.tracking.LocationTrace$TraceEntryPool
25-05-19 12:53:00 [INFO] [GenericInstanceRegistry] Registered for itself: fr.neatmonster.nocheatplus.utilities.entity.PassengerUtil
25-05-19 12:53:00 [INFO] [GenericInstanceRegistry] Registered for fr.neatmonster.nocheatplus.compat.IBridgeCrossPlugin: fr.neatmonster.nocheatplus.compat.meta.BridgeCrossPlugin
25-05-19 12:53:00 [INFO] [GenericInstanceRegistry] Registered for fr.neatmonster.nocheatplus.compat.MCAccess: fr.neatmonster.nocheatplus.compat.bukkit.MCAccessBukkitModern
25-05-19 12:53:00 [INFO] [GenericInstanceRegistry] Registered for fr.neatmonster.nocheatplus.utilities.map.BlockCache: fr.neatmonster.nocheatplus.compat.bukkit.BlockCacheBukkitModern
25-05-19 12:53:00 [INFO] [GenericInstanceRegistry] Registered for fr.neatmonster.nocheatplus.components.modifier.IAttributeAccess: fr.neatmonster.nocheatplus.compat.bukkit.BukkitAttributeAccess
25-05-19 12:53:00 [INFO] [GenericInstanceRegistry] Registered for fr.neatmonster.nocheatplus.components.entity.IEntityAccessVehicle: fr.neatmonster.nocheatplus.compat.bukkit.EntityAccessVehicleMultiPassenger
25-05-19 12:53:00 [INFO] [GenericInstanceRegistry] Registered for itself: fr.neatmonster.nocheatplus.checks.moving.util.AuxMoving
25-05-19 12:53:00 [INFO] Added hook: AllViolations(NCP) [1.0].
25-05-19 12:53:00 [INFO] Added hook: ViolationFrequency(NCP) [1.0].
25-05-19 12:53:00 [INFO] Post-enable running...
25-05-19 12:53:00 [INFO] Updated data for 1 players (post-enable).
25-05-19 12:53:00 [INFO] Post-enable finished.
25-05-19 12:53:00 [INFO] §c§l»Version information«§7
§6§lServer:§7
§7git-Patina-ver/1.16.5-"667fb1b" ~MC: 1.16.5~
§7§eDetected: §71.16.5
§6§lNoCheatPlus:§7
§7§ePlugin: §73.17.1-SNAPSHOT-Updated-b198
§7§eMCAccess: §71.13-1.21|? / Bukkit-API
§6§lFeatures:
§7§eblocks§7: BlocksMC1_4§f, §7BlocksMC1_5§f, §7BlocksMC1_6_1§f, §7BlocksMC1_7_2§f, §7BlocksMC1_8§f, §7BlocksMC1_9§f, §7BlocksMC1_10§f, §7BlocksMC1_11§f, §7BlocksMC1_12§f, §7BlocksMC1_13§f, §7BlocksMC1_14§f, §7BlocksMC1_15§f, §7BlocksMC1_16§f, §7MCAccessBukkitModern
§7§echecks§7: FastConsume§f, §7Gutenberg§f, §7HotFixFallingBlockPortalEnter
§7§edefaults§7: pvpKnockBackVelocity
§6§lHooks:
§7AllViolations~NCP~ 1.0§f, §7ViolationFrequency~NCP~ 1.0
25-05-19 13:22:22 [INFO] Removed hook: ViolationFrequency(NCP) [1.0].
25-05-19 13:22:22 [INFO] Removed hook: AllViolations(NCP) [1.0].
25-05-19 13:22:22 [FINE] | cancel.dead 0 | cancel.offline 0 | block.interact.look.current 42 (42/0) | block.interact.look.flying.first 0 | block.interact.look.flying.other 0 | illegalitem 0 | boatsanywhere 0 | throwenderpearl 0 | fakeinvulnerable 0 | eggonentity 0 | event.player.move 18537 (18537/0) |
25-05-19 13:22:22 [INFO] [GenericInstanceRegistry] Registry cleared.
25-05-19 13:22:58 [INFO] Logger started.
25-05-19 13:22:58 [INFO] Logging system initialized.
25-05-19 13:22:58 [INFO] Detected Minecraft version: 1.16.5
25-05-19 13:23:01 [INFO] McAccess set to: 1.13-1.21|? / Bukkit-API
25-05-19 13:23:01 [INFO] Inventory checks: FastConsume is available, disabled InstantEat.
25-05-19 13:23:01 [INFO] Packet level access: ProtocolLib is not available.
25-05-19 13:23:01 [INFO] Force disable FastHeal, FastConsume, PacketFrequency and InstantBow on Minecraft 1.9 and later.
25-05-19 13:23:01 [INFO] Version 3.17.1-SNAPSHOT-Updated-b198 is enabled.
25-05-19 13:23:03 [INFO] [GenericInstanceRegistry] Registered (override) for itself: fr.neatmonster.nocheatplus.hooks.ExemptionSettings
25-05-19 13:23:03 [INFO] [GenericInstanceRegistry] Registered for itself: fr.neatmonster.nocheatplus.stats.Counters
25-05-19 13:23:03 [INFO] [GenericInstanceRegistry] Registered for itself: fr.neatmonster.nocheatplus.checks.workaround.WRPT
25-05-19 13:23:03 [INFO] [GenericInstanceRegistry] Registered for itself: fr.neatmonster.nocheatplus.checks.moving.location.tracking.LocationTrace$TraceEntryPool
25-05-19 13:23:03 [INFO] [GenericInstanceRegistry] Registered for itself: fr.neatmonster.nocheatplus.utilities.entity.PassengerUtil
25-05-19 13:23:03 [INFO] [GenericInstanceRegistry] Registered for fr.neatmonster.nocheatplus.compat.IBridgeCrossPlugin: fr.neatmonster.nocheatplus.compat.meta.BridgeCrossPlugin
25-05-19 13:23:03 [INFO] [GenericInstanceRegistry] Registered for fr.neatmonster.nocheatplus.compat.MCAccess: fr.neatmonster.nocheatplus.compat.bukkit.MCAccessBukkitModern
25-05-19 13:23:03 [INFO] [GenericInstanceRegistry] Registered for fr.neatmonster.nocheatplus.utilities.map.BlockCache: fr.neatmonster.nocheatplus.compat.bukkit.BlockCacheBukkitModern
25-05-19 13:23:03 [INFO] [GenericInstanceRegistry] Registered for fr.neatmonster.nocheatplus.components.modifier.IAttributeAccess: fr.neatmonster.nocheatplus.compat.bukkit.BukkitAttributeAccess
25-05-19 13:23:03 [INFO] [GenericInstanceRegistry] Registered for fr.neatmonster.nocheatplus.components.entity.IEntityAccessVehicle: fr.neatmonster.nocheatplus.compat.bukkit.EntityAccessVehicleMultiPassenger
25-05-19 13:23:03 [INFO] [GenericInstanceRegistry] Registered for itself: fr.neatmonster.nocheatplus.checks.moving.util.AuxMoving
25-05-19 13:23:03 [INFO] Added hook: AllViolations(NCP) [1.0].
25-05-19 13:23:03 [INFO] Added hook: ViolationFrequency(NCP) [1.0].
25-05-19 13:23:03 [INFO] Post-enable running...
25-05-19 13:23:03 [INFO] Post-enable finished.
25-05-19 13:23:03 [INFO] §c§l»Version information«§7
§6§lServer:§7
§7git-Patina-ver/1.16.5-"667fb1b" ~MC: 1.16.5~
§7§eDetected: §71.16.5
§6§lNoCheatPlus:§7
§7§ePlugin: §73.17.1-SNAPSHOT-Updated-b198
§7§eMCAccess: §71.13-1.21|? / Bukkit-API
§6§lFeatures:
§7§eblocks§7: BlocksMC1_4§f, §7BlocksMC1_5§f, §7BlocksMC1_6_1§f, §7BlocksMC1_7_2§f, §7BlocksMC1_8§f, §7BlocksMC1_9§f, §7BlocksMC1_10§f, §7BlocksMC1_11§f, §7BlocksMC1_12§f, §7BlocksMC1_13§f, §7BlocksMC1_14§f, §7BlocksMC1_15§f, §7BlocksMC1_16§f, §7MCAccessBukkitModern
§7§echecks§7: FastConsume§f, §7Gutenberg§f, §7HotFixFallingBlockPortalEnter
§7§edefaults§7: pvpKnockBackVelocity
§6§lHooks:
§7AllViolations~NCP~ 1.0§f, §7ViolationFrequency~NCP~ 1.0
25-05-19 13:26:07 [INFO] Removed hook: ViolationFrequency(NCP) [1.0].
25-05-19 13:26:07 [INFO] Removed hook: AllViolations(NCP) [1.0].
25-05-19 13:26:07 [FINE] | cancel.dead 0 | cancel.offline 0 | block.interact.look.current 3 (3/0) | block.interact.look.flying.first 0 | block.interact.look.flying.other 0 | illegalitem 0 | boatsanywhere 0 | throwenderpearl 0 | fakeinvulnerable 0 | eggonentity 0 | event.player.move 651 (651/0) |
25-05-19 13:26:07 [INFO] [GenericInstanceRegistry] Registry cleared.
25-05-19 13:26:08 [INFO] Logger started.
25-05-19 13:26:08 [INFO] Logging system initialized.
25-05-19 13:26:08 [INFO] Detected Minecraft version: 1.16.5
25-05-19 13:26:09 [INFO] McAccess set to: 1.13-1.21|? / Bukkit-API
25-05-19 13:26:09 [INFO] Inventory checks: FastConsume is available, disabled InstantEat.
25-05-19 13:26:09 [INFO] Packet level access: ProtocolLib is not available.
25-05-19 13:26:09 [INFO] Force disable FastHeal, FastConsume, PacketFrequency and InstantBow on Minecraft 1.9 and later.
25-05-19 13:26:09 [INFO] Version 3.17.1-SNAPSHOT-Updated-b198 is enabled.
25-05-19 13:26:10 [INFO] [GenericInstanceRegistry] Registered (override) for itself: fr.neatmonster.nocheatplus.hooks.ExemptionSettings
25-05-19 13:26:10 [INFO] [GenericInstanceRegistry] Registered for itself: fr.neatmonster.nocheatplus.stats.Counters
25-05-19 13:26:10 [INFO] [GenericInstanceRegistry] Registered for itself: fr.neatmonster.nocheatplus.checks.workaround.WRPT
25-05-19 13:26:10 [INFO] [GenericInstanceRegistry] Registered for itself: fr.neatmonster.nocheatplus.checks.moving.location.tracking.LocationTrace$TraceEntryPool
25-05-19 13:26:10 [INFO] [GenericInstanceRegistry] Registered for itself: fr.neatmonster.nocheatplus.utilities.entity.PassengerUtil
25-05-19 13:26:10 [INFO] [GenericInstanceRegistry] Registered for fr.neatmonster.nocheatplus.compat.IBridgeCrossPlugin: fr.neatmonster.nocheatplus.compat.meta.BridgeCrossPlugin
25-05-19 13:26:10 [INFO] [GenericInstanceRegistry] Registered for fr.neatmonster.nocheatplus.compat.MCAccess: fr.neatmonster.nocheatplus.compat.bukkit.MCAccessBukkitModern
25-05-19 13:26:10 [INFO] [GenericInstanceRegistry] Registered for fr.neatmonster.nocheatplus.utilities.map.BlockCache: fr.neatmonster.nocheatplus.compat.bukkit.BlockCacheBukkitModern
25-05-19 13:26:10 [INFO] [GenericInstanceRegistry] Registered for fr.neatmonster.nocheatplus.components.modifier.IAttributeAccess: fr.neatmonster.nocheatplus.compat.bukkit.BukkitAttributeAccess
25-05-19 13:26:10 [INFO] [GenericInstanceRegistry] Registered for fr.neatmonster.nocheatplus.components.entity.IEntityAccessVehicle: fr.neatmonster.nocheatplus.compat.bukkit.EntityAccessVehicleMultiPassenger
25-05-19 13:26:10 [INFO] [GenericInstanceRegistry] Registered for itself: fr.neatmonster.nocheatplus.checks.moving.util.AuxMoving
25-05-19 13:26:10 [INFO] Added hook: AllViolations(NCP) [1.0].
25-05-19 13:26:10 [INFO] Added hook: ViolationFrequency(NCP) [1.0].
25-05-19 13:26:10 [INFO] Post-enable running...
25-05-19 13:26:10 [INFO] Updated data for 1 players (post-enable).
25-05-19 13:26:10 [INFO] Post-enable finished.
25-05-19 13:26:10 [INFO] §c§l»Version information«§7
§6§lServer:§7
§7git-Patina-ver/1.16.5-"667fb1b" ~MC: 1.16.5~
§7§eDetected: §71.16.5
§6§lNoCheatPlus:§7
§7§ePlugin: §73.17.1-SNAPSHOT-Updated-b198
§7§eMCAccess: §71.13-1.21|? / Bukkit-API
§6§lFeatures:
§7§eblocks§7: BlocksMC1_4§f, §7BlocksMC1_5§f, §7BlocksMC1_6_1§f, §7BlocksMC1_7_2§f, §7BlocksMC1_8§f, §7BlocksMC1_9§f, §7BlocksMC1_10§f, §7BlocksMC1_11§f, §7BlocksMC1_12§f, §7BlocksMC1_13§f, §7BlocksMC1_14§f, §7BlocksMC1_15§f, §7BlocksMC1_16§f, §7MCAccessBukkitModern
§7§echecks§7: FastConsume§f, §7Gutenberg§f, §7HotFixFallingBlockPortalEnter
§7§edefaults§7: pvpKnockBackVelocity
§6§lHooks:
§7AllViolations~NCP~ 1.0§f, §7ViolationFrequency~NCP~ 1.0
25-05-19 13:31:26 [INFO] Removed hook: ViolationFrequency(NCP) [1.0].
25-05-19 13:31:26 [INFO] Removed hook: AllViolations(NCP) [1.0].
25-05-19 13:31:26 [FINE] | cancel.dead 0 | cancel.offline 0 | block.interact.look.current 0 | block.interact.look.flying.first 0 | block.interact.look.flying.other 0 | illegalitem 0 | boatsanywhere 0 | throwenderpearl 0 | fakeinvulnerable 0 | eggonentity 0 | event.player.move 5338 (5338/0) |
25-05-19 13:31:26 [INFO] [GenericInstanceRegistry] Registry cleared.
25-05-19 13:33:11 [INFO] Logger started.
25-05-19 13:33:11 [INFO] Logging system initialized.
25-05-19 13:33:11 [INFO] Detected Minecraft version: 1.16.5
25-05-19 13:33:14 [INFO] McAccess set to: 1.13-1.21|? / Bukkit-API
25-05-19 13:33:14 [INFO] Inventory checks: FastConsume is available, disabled InstantEat.
25-05-19 13:33:14 [INFO] Packet level access: ProtocolLib is not available.
25-05-19 13:33:14 [INFO] Force disable FastHeal, FastConsume, PacketFrequency and InstantBow on Minecraft 1.9 and later.
25-05-19 13:33:14 [INFO] Version 3.17.1-SNAPSHOT-Updated-b198 is enabled.
25-05-19 13:33:16 [INFO] [GenericInstanceRegistry] Registered (override) for itself: fr.neatmonster.nocheatplus.hooks.ExemptionSettings
25-05-19 13:33:16 [INFO] [GenericInstanceRegistry] Registered for itself: fr.neatmonster.nocheatplus.stats.Counters
25-05-19 13:33:16 [INFO] [GenericInstanceRegistry] Registered for itself: fr.neatmonster.nocheatplus.checks.workaround.WRPT
25-05-19 13:33:16 [INFO] [GenericInstanceRegistry] Registered for itself: fr.neatmonster.nocheatplus.checks.moving.location.tracking.LocationTrace$TraceEntryPool
25-05-19 13:33:16 [INFO] [GenericInstanceRegistry] Registered for itself: fr.neatmonster.nocheatplus.utilities.entity.PassengerUtil
25-05-19 13:33:16 [INFO] [GenericInstanceRegistry] Registered for fr.neatmonster.nocheatplus.compat.IBridgeCrossPlugin: fr.neatmonster.nocheatplus.compat.meta.BridgeCrossPlugin
25-05-19 13:33:16 [INFO] [GenericInstanceRegistry] Registered for fr.neatmonster.nocheatplus.compat.MCAccess: fr.neatmonster.nocheatplus.compat.bukkit.MCAccessBukkitModern
25-05-19 13:33:16 [INFO] [GenericInstanceRegistry] Registered for fr.neatmonster.nocheatplus.utilities.map.BlockCache: fr.neatmonster.nocheatplus.compat.bukkit.BlockCacheBukkitModern
25-05-19 13:33:16 [INFO] [GenericInstanceRegistry] Registered for fr.neatmonster.nocheatplus.components.modifier.IAttributeAccess: fr.neatmonster.nocheatplus.compat.bukkit.BukkitAttributeAccess
25-05-19 13:33:16 [INFO] [GenericInstanceRegistry] Registered for fr.neatmonster.nocheatplus.components.entity.IEntityAccessVehicle: fr.neatmonster.nocheatplus.compat.bukkit.EntityAccessVehicleMultiPassenger
25-05-19 13:33:16 [INFO] [GenericInstanceRegistry] Registered for itself: fr.neatmonster.nocheatplus.checks.moving.util.AuxMoving
25-05-19 13:33:16 [INFO] Added hook: AllViolations(NCP) [1.0].
25-05-19 13:33:16 [INFO] Added hook: ViolationFrequency(NCP) [1.0].
25-05-19 13:33:16 [INFO] Post-enable running...
25-05-19 13:33:16 [INFO] Post-enable finished.
25-05-19 13:33:16 [INFO] §c§l»Version information«§7
§6§lServer:§7
§7git-Patina-ver/1.16.5-"667fb1b" ~MC: 1.16.5~
§7§eDetected: §71.16.5
§6§lNoCheatPlus:§7
§7§ePlugin: §73.17.1-SNAPSHOT-Updated-b198
§7§eMCAccess: §71.13-1.21|? / Bukkit-API
§6§lFeatures:
§7§eblocks§7: BlocksMC1_4§f, §7BlocksMC1_5§f, §7BlocksMC1_6_1§f, §7BlocksMC1_7_2§f, §7BlocksMC1_8§f, §7BlocksMC1_9§f, §7BlocksMC1_10§f, §7BlocksMC1_11§f, §7BlocksMC1_12§f, §7BlocksMC1_13§f, §7BlocksMC1_14§f, §7BlocksMC1_15§f, §7BlocksMC1_16§f, §7MCAccessBukkitModern
§7§echecks§7: FastConsume§f, §7Gutenberg§f, §7HotFixFallingBlockPortalEnter
§7§edefaults§7: pvpKnockBackVelocity
§6§lHooks:
§7AllViolations~NCP~ 1.0§f, §7ViolationFrequency~NCP~ 1.0
25-05-19 15:40:30 [INFO] Removed hook: ViolationFrequency(NCP) [1.0].
25-05-19 15:40:30 [INFO] Removed hook: AllViolations(NCP) [1.0].
25-05-19 15:40:30 [FINE] | cancel.dead 0 | cancel.offline 0 | block.interact.look.current 6 (6/0) | block.interact.look.flying.first 0 | block.interact.look.flying.other 0 | illegalitem 0 | boatsanywhere 0 | throwenderpearl 0 | fakeinvulnerable 0 | eggonentity 0 | event.player.move 6019 (6019/0) |
25-05-19 15:40:30 [INFO] [GenericInstanceRegistry] Registry cleared.
25-05-22 17:44:06 [INFO] Logger started.
25-05-22 17:44:06 [INFO] Logging system initialized.
25-05-22 17:44:06 [INFO] Detected Minecraft version: 1.16.5
25-05-22 17:44:08 [INFO] McAccess set to: 1.13-1.21|? / Bukkit-API
25-05-22 17:44:08 [INFO] Inventory checks: FastConsume is available, disabled InstantEat.
25-05-22 17:44:08 [INFO] Packet level access: ProtocolLib is not available.
25-05-22 17:44:08 [INFO] Force disable FastHeal, FastConsume, PacketFrequency and InstantBow on Minecraft 1.9 and later.
25-05-22 17:44:08 [INFO] Version 3.17.1-SNAPSHOT-Updated-b198 is enabled.
25-05-22 17:44:10 [INFO] [GenericInstanceRegistry] Registered (override) for itself: fr.neatmonster.nocheatplus.hooks.ExemptionSettings
25-05-22 17:44:10 [INFO] [GenericInstanceRegistry] Registered for itself: fr.neatmonster.nocheatplus.stats.Counters
25-05-22 17:44:10 [INFO] [GenericInstanceRegistry] Registered for itself: fr.neatmonster.nocheatplus.checks.workaround.WRPT
25-05-22 17:44:10 [INFO] [GenericInstanceRegistry] Registered for itself: fr.neatmonster.nocheatplus.checks.moving.location.tracking.LocationTrace$TraceEntryPool
25-05-22 17:44:10 [INFO] [GenericInstanceRegistry] Registered for itself: fr.neatmonster.nocheatplus.utilities.entity.PassengerUtil
25-05-22 17:44:10 [INFO] [GenericInstanceRegistry] Registered for fr.neatmonster.nocheatplus.compat.IBridgeCrossPlugin: fr.neatmonster.nocheatplus.compat.meta.BridgeCrossPlugin
25-05-22 17:44:10 [INFO] [GenericInstanceRegistry] Registered for fr.neatmonster.nocheatplus.compat.MCAccess: fr.neatmonster.nocheatplus.compat.bukkit.MCAccessBukkitModern
25-05-22 17:44:10 [INFO] [GenericInstanceRegistry] Registered for fr.neatmonster.nocheatplus.utilities.map.BlockCache: fr.neatmonster.nocheatplus.compat.bukkit.BlockCacheBukkitModern
25-05-22 17:44:10 [INFO] [GenericInstanceRegistry] Registered for fr.neatmonster.nocheatplus.components.modifier.IAttributeAccess: fr.neatmonster.nocheatplus.compat.bukkit.BukkitAttributeAccess
25-05-22 17:44:10 [INFO] [GenericInstanceRegistry] Registered for fr.neatmonster.nocheatplus.components.entity.IEntityAccessVehicle: fr.neatmonster.nocheatplus.compat.bukkit.EntityAccessVehicleMultiPassenger
25-05-22 17:44:10 [INFO] [GenericInstanceRegistry] Registered for itself: fr.neatmonster.nocheatplus.checks.moving.util.AuxMoving
25-05-22 17:44:10 [INFO] Added hook: AllViolations(NCP) [1.0].
25-05-22 17:44:10 [INFO] Added hook: ViolationFrequency(NCP) [1.0].
25-05-22 17:44:10 [INFO] Post-enable running...
25-05-22 17:44:10 [INFO] Post-enable finished.
25-05-22 17:44:10 [INFO] §c§l»Version information«§7
§6§lServer:§7
§7git-Patina-ver/1.16.5-"667fb1b" ~MC: 1.16.5~
§7§eDetected: §71.16.5
§6§lNoCheatPlus:§7
§7§ePlugin: §73.17.1-SNAPSHOT-Updated-b198
§7§eMCAccess: §71.13-1.21|? / Bukkit-API
§6§lFeatures:
§7§eblocks§7: BlocksMC1_4§f, §7BlocksMC1_5§f, §7BlocksMC1_6_1§f, §7BlocksMC1_7_2§f, §7BlocksMC1_8§f, §7BlocksMC1_9§f, §7BlocksMC1_10§f, §7BlocksMC1_11§f, §7BlocksMC1_12§f, §7BlocksMC1_13§f, §7BlocksMC1_14§f, §7BlocksMC1_15§f, §7BlocksMC1_16§f, §7MCAccessBukkitModern
§7§echecks§7: FastConsume§f, §7Gutenberg§f, §7HotFixFallingBlockPortalEnter
§7§edefaults§7: pvpKnockBackVelocity
§6§lHooks:
§7AllViolations~NCP~ 1.0§f, §7ViolationFrequency~NCP~ 1.0
25-05-22 17:45:43 [INFO] Removed hook: ViolationFrequency(NCP) [1.0].
25-05-22 17:45:43 [INFO] Removed hook: AllViolations(NCP) [1.0].
25-05-22 17:45:43 [FINE] | cancel.dead 0 | cancel.offline 0 | block.interact.look.current 0 | block.interact.look.flying.first 0 | block.interact.look.flying.other 0 | illegalitem 0 | boatsanywhere 0 | throwenderpearl 0 | fakeinvulnerable 0 | eggonentity 0 | event.player.move 1040 (1040/0) |
25-05-22 17:45:43 [INFO] [GenericInstanceRegistry] Registry cleared.
25-05-22 17:46:27 [INFO] Logger started.
25-05-22 17:46:27 [INFO] Logging system initialized.
25-05-22 17:46:27 [INFO] Detected Minecraft version: 1.16.5
25-05-22 17:46:29 [INFO] McAccess set to: 1.13-1.21|? / Bukkit-API
25-05-22 17:46:29 [INFO] Inventory checks: FastConsume is available, disabled InstantEat.
25-05-22 17:46:29 [INFO] Packet level access: ProtocolLib is not available.
25-05-22 17:46:29 [INFO] Force disable FastHeal, FastConsume, PacketFrequency and InstantBow on Minecraft 1.9 and later.
25-05-22 17:46:29 [INFO] Version 3.17.1-SNAPSHOT-Updated-b198 is enabled.
25-05-22 17:46:31 [INFO] [GenericInstanceRegistry] Registered (override) for itself: fr.neatmonster.nocheatplus.hooks.ExemptionSettings
25-05-22 17:46:31 [INFO] [GenericInstanceRegistry] Registered for itself: fr.neatmonster.nocheatplus.stats.Counters
25-05-22 17:46:31 [INFO] [GenericInstanceRegistry] Registered for itself: fr.neatmonster.nocheatplus.checks.workaround.WRPT
25-05-22 17:46:31 [INFO] [GenericInstanceRegistry] Registered for itself: fr.neatmonster.nocheatplus.checks.moving.location.tracking.LocationTrace$TraceEntryPool
25-05-22 17:46:31 [INFO] [GenericInstanceRegistry] Registered for itself: fr.neatmonster.nocheatplus.utilities.entity.PassengerUtil
25-05-22 17:46:31 [INFO] [GenericInstanceRegistry] Registered for fr.neatmonster.nocheatplus.compat.IBridgeCrossPlugin: fr.neatmonster.nocheatplus.compat.meta.BridgeCrossPlugin
25-05-22 17:46:31 [INFO] [GenericInstanceRegistry] Registered for fr.neatmonster.nocheatplus.compat.MCAccess: fr.neatmonster.nocheatplus.compat.bukkit.MCAccessBukkitModern
25-05-22 17:46:31 [INFO] [GenericInstanceRegistry] Registered for fr.neatmonster.nocheatplus.utilities.map.BlockCache: fr.neatmonster.nocheatplus.compat.bukkit.BlockCacheBukkitModern
25-05-22 17:46:31 [INFO] [GenericInstanceRegistry] Registered for fr.neatmonster.nocheatplus.components.modifier.IAttributeAccess: fr.neatmonster.nocheatplus.compat.bukkit.BukkitAttributeAccess
25-05-22 17:46:31 [INFO] [GenericInstanceRegistry] Registered for fr.neatmonster.nocheatplus.components.entity.IEntityAccessVehicle: fr.neatmonster.nocheatplus.compat.bukkit.EntityAccessVehicleMultiPassenger
25-05-22 17:46:31 [INFO] [GenericInstanceRegistry] Registered for itself: fr.neatmonster.nocheatplus.checks.moving.util.AuxMoving
25-05-22 17:46:31 [INFO] Added hook: AllViolations(NCP) [1.0].
25-05-22 17:46:31 [INFO] Added hook: ViolationFrequency(NCP) [1.0].
25-05-22 17:46:31 [INFO] Post-enable running...
25-05-22 17:46:31 [INFO] Post-enable finished.
25-05-22 17:46:31 [INFO] §c§l»Version information«§7
§6§lServer:§7
§7git-Patina-ver/1.16.5-"667fb1b" ~MC: 1.16.5~
§7§eDetected: §71.16.5
§6§lNoCheatPlus:§7
§7§ePlugin: §73.17.1-SNAPSHOT-Updated-b198
§7§eMCAccess: §71.13-1.21|? / Bukkit-API
§6§lFeatures:
§7§eblocks§7: BlocksMC1_4§f, §7BlocksMC1_5§f, §7BlocksMC1_6_1§f, §7BlocksMC1_7_2§f, §7BlocksMC1_8§f, §7BlocksMC1_9§f, §7BlocksMC1_10§f, §7BlocksMC1_11§f, §7BlocksMC1_12§f, §7BlocksMC1_13§f, §7BlocksMC1_14§f, §7BlocksMC1_15§f, §7BlocksMC1_16§f, §7MCAccessBukkitModern
§7§echecks§7: FastConsume§f, §7Gutenberg§f, §7HotFixFallingBlockPortalEnter
§7§edefaults§7: pvpKnockBackVelocity
§6§lHooks:
§7AllViolations~NCP~ 1.0§f, §7ViolationFrequency~NCP~ 1.0
25-05-22 17:50:20 [INFO] Removed hook: ViolationFrequency(NCP) [1.0].
25-05-22 17:50:20 [INFO] Removed hook: AllViolations(NCP) [1.0].
25-05-22 17:50:20 [FINE] | cancel.dead 0 | cancel.offline 0 | block.interact.look.current 0 | block.interact.look.flying.first 0 | block.interact.look.flying.other 0 | illegalitem 0 | boatsanywhere 0 | throwenderpearl 0 | fakeinvulnerable 0 | eggonentity 0 | event.player.move 4230 (4230/0) |
25-05-22 17:50:20 [INFO] [GenericInstanceRegistry] Registry cleared.
25-05-22 19:45:58 [INFO] Logger started.
25-05-22 19:45:58 [INFO] Logging system initialized.
25-05-22 19:45:58 [INFO] Detected Minecraft version: 1.16.5
25-05-22 19:46:00 [INFO] McAccess set to: 1.13-1.21|? / Bukkit-API
25-05-22 19:46:00 [INFO] Inventory checks: FastConsume is available, disabled InstantEat.
25-05-22 19:46:00 [INFO] Packet level access: ProtocolLib is not available.
25-05-22 19:46:00 [INFO] Force disable FastHeal, FastConsume, PacketFrequency and InstantBow on Minecraft 1.9 and later.
25-05-22 19:46:00 [INFO] Version 3.17.1-SNAPSHOT-Updated-b198 is enabled.
25-05-22 19:46:02 [INFO] [GenericInstanceRegistry] Registered (override) for itself: fr.neatmonster.nocheatplus.hooks.ExemptionSettings
25-05-22 19:46:02 [INFO] [GenericInstanceRegistry] Registered for itself: fr.neatmonster.nocheatplus.stats.Counters
25-05-22 19:46:02 [INFO] [GenericInstanceRegistry] Registered for itself: fr.neatmonster.nocheatplus.checks.workaround.WRPT
25-05-22 19:46:02 [INFO] [GenericInstanceRegistry] Registered for itself: fr.neatmonster.nocheatplus.checks.moving.location.tracking.LocationTrace$TraceEntryPool
25-05-22 19:46:02 [INFO] [GenericInstanceRegistry] Registered for itself: fr.neatmonster.nocheatplus.utilities.entity.PassengerUtil
25-05-22 19:46:02 [INFO] [GenericInstanceRegistry] Registered for fr.neatmonster.nocheatplus.compat.IBridgeCrossPlugin: fr.neatmonster.nocheatplus.compat.meta.BridgeCrossPlugin
25-05-22 19:46:02 [INFO] [GenericInstanceRegistry] Registered for fr.neatmonster.nocheatplus.compat.MCAccess: fr.neatmonster.nocheatplus.compat.bukkit.MCAccessBukkitModern
25-05-22 19:46:02 [INFO] [GenericInstanceRegistry] Registered for fr.neatmonster.nocheatplus.utilities.map.BlockCache: fr.neatmonster.nocheatplus.compat.bukkit.BlockCacheBukkitModern
25-05-22 19:46:02 [INFO] [GenericInstanceRegistry] Registered for fr.neatmonster.nocheatplus.components.modifier.IAttributeAccess: fr.neatmonster.nocheatplus.compat.bukkit.BukkitAttributeAccess
25-05-22 19:46:02 [INFO] [GenericInstanceRegistry] Registered for fr.neatmonster.nocheatplus.components.entity.IEntityAccessVehicle: fr.neatmonster.nocheatplus.compat.bukkit.EntityAccessVehicleMultiPassenger
25-05-22 19:46:02 [INFO] [GenericInstanceRegistry] Registered for itself: fr.neatmonster.nocheatplus.checks.moving.util.AuxMoving
25-05-22 19:46:02 [INFO] Added hook: AllViolations(NCP) [1.0].
25-05-22 19:46:02 [INFO] Added hook: ViolationFrequency(NCP) [1.0].
25-05-22 19:46:02 [INFO] Post-enable running...
25-05-22 19:46:02 [INFO] Post-enable finished.
25-05-22 19:46:02 [INFO] §c§l»Version information«§7
§6§lServer:§7
§7git-Patina-ver/1.16.5-"667fb1b" ~MC: 1.16.5~
§7§eDetected: §71.16.5
§6§lNoCheatPlus:§7
§7§ePlugin: §73.17.1-SNAPSHOT-Updated-b198
§7§eMCAccess: §71.13-1.21|? / Bukkit-API
§6§lFeatures:
§7§eblocks§7: BlocksMC1_4§f, §7BlocksMC1_5§f, §7BlocksMC1_6_1§f, §7BlocksMC1_7_2§f, §7BlocksMC1_8§f, §7BlocksMC1_9§f, §7BlocksMC1_10§f, §7BlocksMC1_11§f, §7BlocksMC1_12§f, §7BlocksMC1_13§f, §7BlocksMC1_14§f, §7BlocksMC1_15§f, §7BlocksMC1_16§f, §7MCAccessBukkitModern
§7§echecks§7: FastConsume§f, §7Gutenberg§f, §7HotFixFallingBlockPortalEnter
§7§edefaults§7: pvpKnockBackVelocity
§6§lHooks:
§7AllViolations~NCP~ 1.0§f, §7ViolationFrequency~NCP~ 1.0
25-05-22 20:18:01 [INFO] Removed hook: ViolationFrequency(NCP) [1.0].
25-05-22 20:18:01 [INFO] Removed hook: AllViolations(NCP) [1.0].
25-05-22 20:18:01 [FINE] | cancel.dead 0 | cancel.offline 0 | block.interact.look.current 0 | block.interact.look.flying.first 0 | block.interact.look.flying.other 0 | illegalitem 0 | boatsanywhere 0 | throwenderpearl 0 | fakeinvulnerable 0 | eggonentity 0 | event.player.move 0 |
25-05-22 20:18:01 [INFO] [GenericInstanceRegistry] Registry cleared.
25-05-25 14:29:16 [INFO] Logger started.
25-05-25 14:29:16 [INFO] Logging system initialized.
25-05-25 14:29:16 [INFO] Detected Minecraft version: 1.16.5
25-05-25 14:29:20 [INFO] McAccess set to: 1.13-1.21|? / Bukkit-API
25-05-25 14:29:20 [INFO] Inventory checks: FastConsume is available, disabled InstantEat.
25-05-25 14:29:20 [INFO] Packet level access: ProtocolLib is not available.
25-05-25 14:29:20 [INFO] Force disable FastHeal, FastConsume, PacketFrequency and InstantBow on Minecraft 1.9 and later.
25-05-25 14:29:20 [INFO] Version 3.17.1-SNAPSHOT-Updated-b198 is enabled.
25-05-25 14:29:24 [INFO] [GenericInstanceRegistry] Registered (override) for itself: fr.neatmonster.nocheatplus.hooks.ExemptionSettings
25-05-25 14:29:24 [INFO] [GenericInstanceRegistry] Registered for itself: fr.neatmonster.nocheatplus.stats.Counters
25-05-25 14:29:24 [INFO] [GenericInstanceRegistry] Registered for itself: fr.neatmonster.nocheatplus.checks.workaround.WRPT
25-05-25 14:29:24 [INFO] [GenericInstanceRegistry] Registered for itself: fr.neatmonster.nocheatplus.checks.moving.location.tracking.LocationTrace$TraceEntryPool
25-05-25 14:29:24 [INFO] [GenericInstanceRegistry] Registered for itself: fr.neatmonster.nocheatplus.utilities.entity.PassengerUtil
25-05-25 14:29:24 [INFO] [GenericInstanceRegistry] Registered for fr.neatmonster.nocheatplus.compat.IBridgeCrossPlugin: fr.neatmonster.nocheatplus.compat.meta.BridgeCrossPlugin
25-05-25 14:29:24 [INFO] [GenericInstanceRegistry] Registered for fr.neatmonster.nocheatplus.compat.MCAccess: fr.neatmonster.nocheatplus.compat.bukkit.MCAccessBukkitModern
25-05-25 14:29:24 [INFO] [GenericInstanceRegistry] Registered for fr.neatmonster.nocheatplus.utilities.map.BlockCache: fr.neatmonster.nocheatplus.compat.bukkit.BlockCacheBukkitModern
25-05-25 14:29:24 [INFO] [GenericInstanceRegistry] Registered for fr.neatmonster.nocheatplus.components.modifier.IAttributeAccess: fr.neatmonster.nocheatplus.compat.bukkit.BukkitAttributeAccess
25-05-25 14:29:24 [INFO] [GenericInstanceRegistry] Registered for fr.neatmonster.nocheatplus.components.entity.IEntityAccessVehicle: fr.neatmonster.nocheatplus.compat.bukkit.EntityAccessVehicleMultiPassenger
25-05-25 14:29:24 [INFO] [GenericInstanceRegistry] Registered for itself: fr.neatmonster.nocheatplus.checks.moving.util.AuxMoving
25-05-25 14:29:24 [INFO] Added hook: AllViolations(NCP) [1.0].
25-05-25 14:29:24 [INFO] Added hook: ViolationFrequency(NCP) [1.0].
25-05-25 14:29:24 [INFO] Post-enable running...
25-05-25 14:29:24 [INFO] Post-enable finished.
25-05-25 14:29:24 [INFO] §c§l»Version information«§7
§6§lServer:§7
§7git-Patina-ver/1.16.5-"667fb1b" ~MC: 1.16.5~
§7§eDetected: §71.16.5
§6§lNoCheatPlus:§7
§7§ePlugin: §73.17.1-SNAPSHOT-Updated-b198
§7§eMCAccess: §71.13-1.21|? / Bukkit-API
§6§lFeatures:
§7§eblocks§7: BlocksMC1_4§f, §7BlocksMC1_5§f, §7BlocksMC1_6_1§f, §7BlocksMC1_7_2§f, §7BlocksMC1_8§f, §7BlocksMC1_9§f, §7BlocksMC1_10§f, §7BlocksMC1_11§f, §7BlocksMC1_12§f, §7BlocksMC1_13§f, §7BlocksMC1_14§f, §7BlocksMC1_15§f, §7BlocksMC1_16§f, §7MCAccessBukkitModern
§7§echecks§7: FastConsume§f, §7Gutenberg§f, §7HotFixFallingBlockPortalEnter
§7§edefaults§7: pvpKnockBackVelocity
§6§lHooks:
§7AllViolations~NCP~ 1.0§f, §7ViolationFrequency~NCP~ 1.0
25-05-25 14:31:10 [INFO] Removed hook: ViolationFrequency(NCP) [1.0].
25-05-25 14:31:10 [INFO] Removed hook: AllViolations(NCP) [1.0].
25-05-25 14:31:10 [FINE] | cancel.dead 0 | cancel.offline 0 | block.interact.look.current 0 | block.interact.look.flying.first 0 | block.interact.look.flying.other 0 | illegalitem 0 | boatsanywhere 0 | throwenderpearl 0 | fakeinvulnerable 0 | eggonentity 0 | event.player.move 406 (406/0) |
25-05-25 14:31:10 [INFO] [GenericInstanceRegistry] Registry cleared.
25-05-25 14:31:11 [INFO] Logger started.
25-05-25 14:31:11 [INFO] Logging system initialized.
25-05-25 14:31:11 [INFO] Detected Minecraft version: 1.16.5
25-05-25 14:31:13 [INFO] McAccess set to: 1.13-1.21|? / Bukkit-API
25-05-25 14:31:13 [INFO] Inventory checks: FastConsume is available, disabled InstantEat.
25-05-25 14:31:13 [INFO] Packet level access: ProtocolLib is not available.
25-05-25 14:31:13 [INFO] Force disable FastHeal, FastConsume, PacketFrequency and InstantBow on Minecraft 1.9 and later.
25-05-25 14:31:13 [INFO] Version 3.17.1-SNAPSHOT-Updated-b198 is enabled.
25-05-25 14:31:15 [INFO] [GenericInstanceRegistry] Registered (override) for itself: fr.neatmonster.nocheatplus.hooks.ExemptionSettings
25-05-25 14:31:15 [INFO] [GenericInstanceRegistry] Registered for itself: fr.neatmonster.nocheatplus.stats.Counters
25-05-25 14:31:15 [INFO] [GenericInstanceRegistry] Registered for itself: fr.neatmonster.nocheatplus.checks.workaround.WRPT
25-05-25 14:31:15 [INFO] [GenericInstanceRegistry] Registered for itself: fr.neatmonster.nocheatplus.checks.moving.location.tracking.LocationTrace$TraceEntryPool
25-05-25 14:31:15 [INFO] [GenericInstanceRegistry] Registered for itself: fr.neatmonster.nocheatplus.utilities.entity.PassengerUtil
25-05-25 14:31:15 [INFO] [GenericInstanceRegistry] Registered for fr.neatmonster.nocheatplus.compat.IBridgeCrossPlugin: fr.neatmonster.nocheatplus.compat.meta.BridgeCrossPlugin
25-05-25 14:31:15 [INFO] [GenericInstanceRegistry] Registered for fr.neatmonster.nocheatplus.compat.MCAccess: fr.neatmonster.nocheatplus.compat.bukkit.MCAccessBukkitModern
25-05-25 14:31:15 [INFO] [GenericInstanceRegistry] Registered for fr.neatmonster.nocheatplus.utilities.map.BlockCache: fr.neatmonster.nocheatplus.compat.bukkit.BlockCacheBukkitModern
25-05-25 14:31:15 [INFO] [GenericInstanceRegistry] Registered for fr.neatmonster.nocheatplus.components.modifier.IAttributeAccess: fr.neatmonster.nocheatplus.compat.bukkit.BukkitAttributeAccess
25-05-25 14:31:15 [INFO] [GenericInstanceRegistry] Registered for fr.neatmonster.nocheatplus.components.entity.IEntityAccessVehicle: fr.neatmonster.nocheatplus.compat.bukkit.EntityAccessVehicleMultiPassenger
25-05-25 14:31:15 [INFO] [GenericInstanceRegistry] Registered for itself: fr.neatmonster.nocheatplus.checks.moving.util.AuxMoving
25-05-25 14:31:15 [INFO] Added hook: AllViolations(NCP) [1.0].
25-05-25 14:31:15 [INFO] Added hook: ViolationFrequency(NCP) [1.0].
25-05-25 14:31:15 [INFO] Post-enable running...
25-05-25 14:31:15 [INFO] Post-enable finished.
25-05-25 14:31:15 [INFO] §c§l»Version information«§7
§6§lServer:§7
§7git-Patina-ver/1.16.5-"667fb1b" ~MC: 1.16.5~
§7§eDetected: §71.16.5
§6§lNoCheatPlus:§7
§7§ePlugin: §73.17.1-SNAPSHOT-Updated-b198
§7§eMCAccess: §71.13-1.21|? / Bukkit-API
§6§lFeatures:
§7§eblocks§7: BlocksMC1_4§f, §7BlocksMC1_5§f, §7BlocksMC1_6_1§f, §7BlocksMC1_7_2§f, §7BlocksMC1_8§f, §7BlocksMC1_9§f, §7BlocksMC1_10§f, §7BlocksMC1_11§f, §7BlocksMC1_12§f, §7BlocksMC1_13§f, §7BlocksMC1_14§f, §7BlocksMC1_15§f, §7BlocksMC1_16§f, §7MCAccessBukkitModern
§7§echecks§7: FastConsume§f, §7Gutenberg§f, §7HotFixFallingBlockPortalEnter
§7§edefaults§7: pvpKnockBackVelocity
§6§lHooks:
§7AllViolations~NCP~ 1.0§f, §7ViolationFrequency~NCP~ 1.0
25-05-25 14:38:28 [INFO] Removed hook: ViolationFrequency(NCP) [1.0].
25-05-25 14:38:28 [INFO] Removed hook: AllViolations(NCP) [1.0].
25-05-25 14:38:28 [FINE] | cancel.dead 0 | cancel.offline 0 | block.interact.look.current 2 (2/0) | block.interact.look.flying.first 0 | block.interact.look.flying.other 0 | illegalitem 0 | boatsanywhere 0 | throwenderpearl 0 | fakeinvulnerable 0 | eggonentity 0 | event.player.move 6289 (6289/0) |
25-05-25 14:38:28 [INFO] [GenericInstanceRegistry] Registry cleared.
25-05-25 14:38:29 [INFO] Logger started.
25-05-25 14:38:29 [INFO] Logging system initialized.
25-05-25 14:38:29 [INFO] Detected Minecraft version: 1.16.5
25-05-25 14:38:30 [INFO] McAccess set to: 1.13-1.21|? / Bukkit-API
25-05-25 14:38:30 [INFO] Inventory checks: FastConsume is available, disabled InstantEat.
25-05-25 14:38:30 [INFO] Packet level access: ProtocolLib is not available.
25-05-25 14:38:30 [INFO] Force disable FastHeal, FastConsume, PacketFrequency and InstantBow on Minecraft 1.9 and later.
25-05-25 14:38:30 [INFO] Version 3.17.1-SNAPSHOT-Updated-b198 is enabled.
25-05-25 14:38:31 [INFO] [GenericInstanceRegistry] Registered (override) for itself: fr.neatmonster.nocheatplus.hooks.ExemptionSettings
25-05-25 14:38:31 [INFO] [GenericInstanceRegistry] Registered for itself: fr.neatmonster.nocheatplus.stats.Counters
25-05-25 14:38:31 [INFO] [GenericInstanceRegistry] Registered for itself: fr.neatmonster.nocheatplus.checks.workaround.WRPT
25-05-25 14:38:31 [INFO] [GenericInstanceRegistry] Registered for itself: fr.neatmonster.nocheatplus.checks.moving.location.tracking.LocationTrace$TraceEntryPool
25-05-25 14:38:31 [INFO] [GenericInstanceRegistry] Registered for itself: fr.neatmonster.nocheatplus.utilities.entity.PassengerUtil
25-05-25 14:38:31 [INFO] [GenericInstanceRegistry] Registered for fr.neatmonster.nocheatplus.compat.IBridgeCrossPlugin: fr.neatmonster.nocheatplus.compat.meta.BridgeCrossPlugin
25-05-25 14:38:31 [INFO] [GenericInstanceRegistry] Registered for fr.neatmonster.nocheatplus.compat.MCAccess: fr.neatmonster.nocheatplus.compat.bukkit.MCAccessBukkitModern
25-05-25 14:38:31 [INFO] [GenericInstanceRegistry] Registered for fr.neatmonster.nocheatplus.utilities.map.BlockCache: fr.neatmonster.nocheatplus.compat.bukkit.BlockCacheBukkitModern
25-05-25 14:38:31 [INFO] [GenericInstanceRegistry] Registered for fr.neatmonster.nocheatplus.components.modifier.IAttributeAccess: fr.neatmonster.nocheatplus.compat.bukkit.BukkitAttributeAccess
25-05-25 14:38:31 [INFO] [GenericInstanceRegistry] Registered for fr.neatmonster.nocheatplus.components.entity.IEntityAccessVehicle: fr.neatmonster.nocheatplus.compat.bukkit.EntityAccessVehicleMultiPassenger
25-05-25 14:38:31 [INFO] [GenericInstanceRegistry] Registered for itself: fr.neatmonster.nocheatplus.checks.moving.util.AuxMoving
25-05-25 14:38:31 [INFO] Added hook: AllViolations(NCP) [1.0].
25-05-25 14:38:31 [INFO] Added hook: ViolationFrequency(NCP) [1.0].
25-05-25 14:38:31 [INFO] Post-enable running...
25-05-25 14:38:31 [INFO] Updated data for 1 players (post-enable).
25-05-25 14:38:31 [INFO] Post-enable finished.
25-05-25 14:38:31 [INFO] §c§l»Version information«§7
§6§lServer:§7
§7git-Patina-ver/1.16.5-"667fb1b" ~MC: 1.16.5~
§7§eDetected: §71.16.5
§6§lNoCheatPlus:§7
§7§ePlugin: §73.17.1-SNAPSHOT-Updated-b198
§7§eMCAccess: §71.13-1.21|? / Bukkit-API
§6§lFeatures:
§7§eblocks§7: BlocksMC1_4§f, §7BlocksMC1_5§f, §7BlocksMC1_6_1§f, §7BlocksMC1_7_2§f, §7BlocksMC1_8§f, §7BlocksMC1_9§f, §7BlocksMC1_10§f, §7BlocksMC1_11§f, §7BlocksMC1_12§f, §7BlocksMC1_13§f, §7BlocksMC1_14§f, §7BlocksMC1_15§f, §7BlocksMC1_16§f, §7MCAccessBukkitModern
§7§echecks§7: FastConsume§f, §7Gutenberg§f, §7HotFixFallingBlockPortalEnter
§7§edefaults§7: pvpKnockBackVelocity
§6§lHooks:
§7AllViolations~NCP~ 1.0§f, §7ViolationFrequency~NCP~ 1.0
25-05-25 14:41:03 [INFO] Removed hook: ViolationFrequency(NCP) [1.0].
25-05-25 14:41:03 [INFO] Removed hook: AllViolations(NCP) [1.0].
25-05-25 14:41:03 [FINE] | cancel.dead 0 | cancel.offline 0 | block.interact.look.current 0 | block.interact.look.flying.first 0 | block.interact.look.flying.other 0 | illegalitem 0 | boatsanywhere 0 | throwenderpearl 0 | fakeinvulnerable 0 | eggonentity 0 | event.player.move 40 (40/0) |
25-05-25 14:41:03 [INFO] [GenericInstanceRegistry] Registry cleared.
25-05-25 14:41:04 [INFO] Logger started.
25-05-25 14:41:04 [INFO] Logging system initialized.
25-05-25 14:41:04 [INFO] Detected Minecraft version: 1.16.5
25-05-25 14:41:05 [INFO] McAccess set to: 1.13-1.21|? / Bukkit-API
25-05-25 14:41:05 [INFO] Inventory checks: FastConsume is available, disabled InstantEat.
25-05-25 14:41:05 [INFO] Packet level access: ProtocolLib is not available.
25-05-25 14:41:05 [INFO] Force disable FastHeal, FastConsume, PacketFrequency and InstantBow on Minecraft 1.9 and later.
25-05-25 14:41:05 [INFO] Version 3.17.1-SNAPSHOT-Updated-b198 is enabled.
25-05-25 14:41:06 [INFO] [GenericInstanceRegistry] Registered (override) for itself: fr.neatmonster.nocheatplus.hooks.ExemptionSettings
25-05-25 14:41:06 [INFO] [GenericInstanceRegistry] Registered for itself: fr.neatmonster.nocheatplus.stats.Counters
25-05-25 14:41:06 [INFO] [GenericInstanceRegistry] Registered for itself: fr.neatmonster.nocheatplus.checks.workaround.WRPT
25-05-25 14:41:06 [INFO] [GenericInstanceRegistry] Registered for itself: fr.neatmonster.nocheatplus.checks.moving.location.tracking.LocationTrace$TraceEntryPool
25-05-25 14:41:06 [INFO] [GenericInstanceRegistry] Registered for itself: fr.neatmonster.nocheatplus.utilities.entity.PassengerUtil
25-05-25 14:41:06 [INFO] [GenericInstanceRegistry] Registered for fr.neatmonster.nocheatplus.compat.IBridgeCrossPlugin: fr.neatmonster.nocheatplus.compat.meta.BridgeCrossPlugin
25-05-25 14:41:06 [INFO] [GenericInstanceRegistry] Registered for fr.neatmonster.nocheatplus.compat.MCAccess: fr.neatmonster.nocheatplus.compat.bukkit.MCAccessBukkitModern
25-05-25 14:41:06 [INFO] [GenericInstanceRegistry] Registered for fr.neatmonster.nocheatplus.utilities.map.BlockCache: fr.neatmonster.nocheatplus.compat.bukkit.BlockCacheBukkitModern
25-05-25 14:41:06 [INFO] [GenericInstanceRegistry] Registered for fr.neatmonster.nocheatplus.components.modifier.IAttributeAccess: fr.neatmonster.nocheatplus.compat.bukkit.BukkitAttributeAccess
25-05-25 14:41:06 [INFO] [GenericInstanceRegistry] Registered for fr.neatmonster.nocheatplus.components.entity.IEntityAccessVehicle: fr.neatmonster.nocheatplus.compat.bukkit.EntityAccessVehicleMultiPassenger
25-05-25 14:41:06 [INFO] [GenericInstanceRegistry] Registered for itself: fr.neatmonster.nocheatplus.checks.moving.util.AuxMoving
25-05-25 14:41:06 [INFO] Added hook: AllViolations(NCP) [1.0].
25-05-25 14:41:06 [INFO] Added hook: ViolationFrequency(NCP) [1.0].
25-05-25 14:41:06 [INFO] Post-enable running...
25-05-25 14:41:06 [INFO] Updated data for 1 players (post-enable).
25-05-25 14:41:06 [INFO] Post-enable finished.
25-05-25 14:41:06 [INFO] §c§l»Version information«§7
§6§lServer:§7
§7git-Patina-ver/1.16.5-"667fb1b" ~MC: 1.16.5~
§7§eDetected: §71.16.5
§6§lNoCheatPlus:§7
§7§ePlugin: §73.17.1-SNAPSHOT-Updated-b198
§7§eMCAccess: §71.13-1.21|? / Bukkit-API
§6§lFeatures:
§7§eblocks§7: BlocksMC1_4§f, §7BlocksMC1_5§f, §7BlocksMC1_6_1§f, §7BlocksMC1_7_2§f, §7BlocksMC1_8§f, §7BlocksMC1_9§f, §7BlocksMC1_10§f, §7BlocksMC1_11§f, §7BlocksMC1_12§f, §7BlocksMC1_13§f, §7BlocksMC1_14§f, §7BlocksMC1_15§f, §7BlocksMC1_16§f, §7MCAccessBukkitModern
§7§echecks§7: FastConsume§f, §7Gutenberg§f, §7HotFixFallingBlockPortalEnter
§7§edefaults§7: pvpKnockBackVelocity
§6§lHooks:
§7AllViolations~NCP~ 1.0§f, §7ViolationFrequency~NCP~ 1.0
25-05-25 14:51:37 [INFO] Removed hook: ViolationFrequency(NCP) [1.0].
25-05-25 14:51:37 [INFO] Removed hook: AllViolations(NCP) [1.0].
25-05-25 14:51:37 [FINE] | cancel.dead 0 | cancel.offline 0 | block.interact.look.current 2 (2/0) | block.interact.look.flying.first 0 | block.interact.look.flying.other 0 | illegalitem 0 | boatsanywhere 0 | throwenderpearl 0 | fakeinvulnerable 0 | eggonentity 0 | event.player.move 3170 (3170/0) |
25-05-25 14:51:37 [INFO] [GenericInstanceRegistry] Registry cleared.
25-05-25 14:51:38 [INFO] Logger started.
25-05-25 14:51:38 [INFO] Logging system initialized.
25-05-25 14:51:38 [INFO] Detected Minecraft version: 1.16.5
25-05-25 14:51:38 [INFO] McAccess set to: 1.13-1.21|? / Bukkit-API
25-05-25 14:51:39 [INFO] Inventory checks: FastConsume is available, disabled InstantEat.
25-05-25 14:51:39 [INFO] Packet level access: ProtocolLib is not available.
25-05-25 14:51:39 [INFO] Force disable FastHeal, FastConsume, PacketFrequency and InstantBow on Minecraft 1.9 and later.
25-05-25 14:51:39 [INFO] Version 3.17.1-SNAPSHOT-Updated-b198 is enabled.
25-05-25 14:51:39 [INFO] [GenericInstanceRegistry] Registered (override) for itself: fr.neatmonster.nocheatplus.hooks.ExemptionSettings
25-05-25 14:51:39 [INFO] [GenericInstanceRegistry] Registered for itself: fr.neatmonster.nocheatplus.stats.Counters
25-05-25 14:51:39 [INFO] [GenericInstanceRegistry] Registered for itself: fr.neatmonster.nocheatplus.checks.workaround.WRPT
25-05-25 14:51:39 [INFO] [GenericInstanceRegistry] Registered for itself: fr.neatmonster.nocheatplus.checks.moving.location.tracking.LocationTrace$TraceEntryPool
25-05-25 14:51:39 [INFO] [GenericInstanceRegistry] Registered for itself: fr.neatmonster.nocheatplus.utilities.entity.PassengerUtil
25-05-25 14:51:39 [INFO] [GenericInstanceRegistry] Registered for fr.neatmonster.nocheatplus.compat.IBridgeCrossPlugin: fr.neatmonster.nocheatplus.compat.meta.BridgeCrossPlugin
25-05-25 14:51:39 [INFO] [GenericInstanceRegistry] Registered for fr.neatmonster.nocheatplus.compat.MCAccess: fr.neatmonster.nocheatplus.compat.bukkit.MCAccessBukkitModern
25-05-25 14:51:39 [INFO] [GenericInstanceRegistry] Registered for fr.neatmonster.nocheatplus.utilities.map.BlockCache: fr.neatmonster.nocheatplus.compat.bukkit.BlockCacheBukkitModern
25-05-25 14:51:39 [INFO] [GenericInstanceRegistry] Registered for fr.neatmonster.nocheatplus.components.modifier.IAttributeAccess: fr.neatmonster.nocheatplus.compat.bukkit.BukkitAttributeAccess
25-05-25 14:51:39 [INFO] [GenericInstanceRegistry] Registered for fr.neatmonster.nocheatplus.components.entity.IEntityAccessVehicle: fr.neatmonster.nocheatplus.compat.bukkit.EntityAccessVehicleMultiPassenger
25-05-25 14:51:39 [INFO] [GenericInstanceRegistry] Registered for itself: fr.neatmonster.nocheatplus.checks.moving.util.AuxMoving
25-05-25 14:51:39 [INFO] Added hook: AllViolations(NCP) [1.0].
25-05-25 14:51:39 [INFO] Added hook: ViolationFrequency(NCP) [1.0].
25-05-25 14:51:39 [INFO] Post-enable running...
25-05-25 14:51:39 [INFO] Updated data for 1 players (post-enable).
25-05-25 14:51:39 [INFO] Post-enable finished.
25-05-25 14:51:39 [INFO] §c§l»Version information«§7
§6§lServer:§7
§7git-Patina-ver/1.16.5-"667fb1b" ~MC: 1.16.5~
§7§eDetected: §71.16.5
§6§lNoCheatPlus:§7
§7§ePlugin: §73.17.1-SNAPSHOT-Updated-b198
§7§eMCAccess: §71.13-1.21|? / Bukkit-API
§6§lFeatures:
§7§eblocks§7: BlocksMC1_4§f, §7BlocksMC1_5§f, §7BlocksMC1_6_1§f, §7BlocksMC1_7_2§f, §7BlocksMC1_8§f, §7BlocksMC1_9§f, §7BlocksMC1_10§f, §7BlocksMC1_11§f, §7BlocksMC1_12§f, §7BlocksMC1_13§f, §7BlocksMC1_14§f, §7BlocksMC1_15§f, §7BlocksMC1_16§f, §7MCAccessBukkitModern
§7§echecks§7: FastConsume§f, §7Gutenberg§f, §7HotFixFallingBlockPortalEnter
§7§edefaults§7: pvpKnockBackVelocity
§6§lHooks:
§7AllViolations~NCP~ 1.0§f, §7ViolationFrequency~NCP~ 1.0
25-05-25 14:52:11 [INFO] Removed hook: ViolationFrequency(NCP) [1.0].
25-05-25 14:52:11 [INFO] Removed hook: AllViolations(NCP) [1.0].
25-05-25 14:52:11 [FINE] | cancel.dead 0 | cancel.offline 0 | block.interact.look.current 0 | block.interact.look.flying.first 0 | block.interact.look.flying.other 0 | illegalitem 0 | boatsanywhere 0 | throwenderpearl 0 | fakeinvulnerable 0 | eggonentity 0 | event.player.move 26 (26/0) |
25-05-25 14:52:11 [INFO] [GenericInstanceRegistry] Registry cleared.
25-05-25 14:52:24 [INFO] Logger started.
25-05-25 14:52:24 [INFO] Logging system initialized.
25-05-25 14:52:24 [INFO] Detected Minecraft version: 1.16.5
25-05-25 14:52:27 [INFO] McAccess set to: 1.13-1.21|? / Bukkit-API
25-05-25 14:52:28 [INFO] Inventory checks: FastConsume is available, disabled InstantEat.
25-05-25 14:52:28 [INFO] Packet level access: ProtocolLib is not available.
25-05-25 14:52:28 [INFO] Force disable FastHeal, FastConsume, PacketFrequency and InstantBow on Minecraft 1.9 and later.
25-05-25 14:52:28 [INFO] Version 3.17.1-SNAPSHOT-Updated-b198 is enabled.
25-05-25 14:52:30 [INFO] [GenericInstanceRegistry] Registered (override) for itself: fr.neatmonster.nocheatplus.hooks.ExemptionSettings
25-05-25 14:52:30 [INFO] [GenericInstanceRegistry] Registered for itself: fr.neatmonster.nocheatplus.stats.Counters
25-05-25 14:52:30 [INFO] [GenericInstanceRegistry] Registered for itself: fr.neatmonster.nocheatplus.checks.workaround.WRPT
25-05-25 14:52:30 [INFO] [GenericInstanceRegistry] Registered for itself: fr.neatmonster.nocheatplus.checks.moving.location.tracking.LocationTrace$TraceEntryPool
25-05-25 14:52:30 [INFO] [GenericInstanceRegistry] Registered for itself: fr.neatmonster.nocheatplus.utilities.entity.PassengerUtil
25-05-25 14:52:30 [INFO] [GenericInstanceRegistry] Registered for fr.neatmonster.nocheatplus.compat.IBridgeCrossPlugin: fr.neatmonster.nocheatplus.compat.meta.BridgeCrossPlugin
25-05-25 14:52:30 [INFO] [GenericInstanceRegistry] Registered for fr.neatmonster.nocheatplus.compat.MCAccess: fr.neatmonster.nocheatplus.compat.bukkit.MCAccessBukkitModern
25-05-25 14:52:30 [INFO] [GenericInstanceRegistry] Registered for fr.neatmonster.nocheatplus.utilities.map.BlockCache: fr.neatmonster.nocheatplus.compat.bukkit.BlockCacheBukkitModern
25-05-25 14:52:30 [INFO] [GenericInstanceRegistry] Registered for fr.neatmonster.nocheatplus.components.modifier.IAttributeAccess: fr.neatmonster.nocheatplus.compat.bukkit.BukkitAttributeAccess
25-05-25 14:52:30 [INFO] [GenericInstanceRegistry] Registered for fr.neatmonster.nocheatplus.components.entity.IEntityAccessVehicle: fr.neatmonster.nocheatplus.compat.bukkit.EntityAccessVehicleMultiPassenger
25-05-25 14:52:30 [INFO] [GenericInstanceRegistry] Registered for itself: fr.neatmonster.nocheatplus.checks.moving.util.AuxMoving
25-05-25 14:52:30 [INFO] Added hook: AllViolations(NCP) [1.0].
25-05-25 14:52:30 [INFO] Added hook: ViolationFrequency(NCP) [1.0].
25-05-25 14:52:30 [INFO] Post-enable running...
25-05-25 14:52:30 [INFO] Post-enable finished.
25-05-25 14:52:30 [INFO] §c§l»Version information«§7
§6§lServer:§7
§7git-Patina-ver/1.16.5-"667fb1b" ~MC: 1.16.5~
§7§eDetected: §71.16.5
§6§lNoCheatPlus:§7
§7§ePlugin: §73.17.1-SNAPSHOT-Updated-b198
§7§eMCAccess: §71.13-1.21|? / Bukkit-API
§6§lFeatures:
§7§eblocks§7: BlocksMC1_4§f, §7BlocksMC1_5§f, §7BlocksMC1_6_1§f, §7BlocksMC1_7_2§f, §7BlocksMC1_8§f, §7BlocksMC1_9§f, §7BlocksMC1_10§f, §7BlocksMC1_11§f, §7BlocksMC1_12§f, §7BlocksMC1_13§f, §7BlocksMC1_14§f, §7BlocksMC1_15§f, §7BlocksMC1_16§f, §7MCAccessBukkitModern
§7§echecks§7: FastConsume§f, §7Gutenberg§f, §7HotFixFallingBlockPortalEnter
§7§edefaults§7: pvpKnockBackVelocity
§6§lHooks:
§7AllViolations~NCP~ 1.0§f, §7ViolationFrequency~NCP~ 1.0
25-05-25 14:56:07 [INFO] Removed hook: ViolationFrequency(NCP) [1.0].
25-05-25 14:56:07 [INFO] Removed hook: AllViolations(NCP) [1.0].
25-05-25 14:56:07 [FINE] | cancel.dead 0 | cancel.offline 0 | block.interact.look.current 4 (4/0) | block.interact.look.flying.first 0 | block.interact.look.flying.other 0 | illegalitem 0 | boatsanywhere 0 | throwenderpearl 0 | fakeinvulnerable 0 | eggonentity 0 | event.player.move 2088 (2088/0) |
25-05-25 14:56:07 [INFO] [GenericInstanceRegistry] Registry cleared.
25-05-25 14:56:08 [INFO] Logger started.
25-05-25 14:56:08 [INFO] Logging system initialized.
25-05-25 14:56:08 [INFO] Detected Minecraft version: 1.16.5
25-05-25 14:56:09 [INFO] McAccess set to: 1.13-1.21|? / Bukkit-API
25-05-25 14:56:09 [INFO] Inventory checks: FastConsume is available, disabled InstantEat.
25-05-25 14:56:09 [INFO] Packet level access: ProtocolLib is not available.
25-05-25 14:56:10 [INFO] Force disable FastHeal, FastConsume, PacketFrequency and InstantBow on Minecraft 1.9 and later.
25-05-25 14:56:10 [INFO] Version 3.17.1-SNAPSHOT-Updated-b198 is enabled.
25-05-25 14:56:10 [INFO] [GenericInstanceRegistry] Registered (override) for itself: fr.neatmonster.nocheatplus.hooks.ExemptionSettings
25-05-25 14:56:10 [INFO] [GenericInstanceRegistry] Registered for itself: fr.neatmonster.nocheatplus.stats.Counters
25-05-25 14:56:10 [INFO] [GenericInstanceRegistry] Registered for itself: fr.neatmonster.nocheatplus.checks.workaround.WRPT
25-05-25 14:56:10 [INFO] [GenericInstanceRegistry] Registered for itself: fr.neatmonster.nocheatplus.checks.moving.location.tracking.LocationTrace$TraceEntryPool
25-05-25 14:56:10 [INFO] [GenericInstanceRegistry] Registered for itself: fr.neatmonster.nocheatplus.utilities.entity.PassengerUtil
25-05-25 14:56:10 [INFO] [GenericInstanceRegistry] Registered for fr.neatmonster.nocheatplus.compat.IBridgeCrossPlugin: fr.neatmonster.nocheatplus.compat.meta.BridgeCrossPlugin
25-05-25 14:56:10 [INFO] [GenericInstanceRegistry] Registered for fr.neatmonster.nocheatplus.compat.MCAccess: fr.neatmonster.nocheatplus.compat.bukkit.MCAccessBukkitModern
25-05-25 14:56:10 [INFO] [GenericInstanceRegistry] Registered for fr.neatmonster.nocheatplus.utilities.map.BlockCache: fr.neatmonster.nocheatplus.compat.bukkit.BlockCacheBukkitModern
25-05-25 14:56:10 [INFO] [GenericInstanceRegistry] Registered for fr.neatmonster.nocheatplus.components.modifier.IAttributeAccess: fr.neatmonster.nocheatplus.compat.bukkit.BukkitAttributeAccess
25-05-25 14:56:10 [INFO] [GenericInstanceRegistry] Registered for fr.neatmonster.nocheatplus.components.entity.IEntityAccessVehicle: fr.neatmonster.nocheatplus.compat.bukkit.EntityAccessVehicleMultiPassenger
25-05-25 14:56:10 [INFO] [GenericInstanceRegistry] Registered for itself: fr.neatmonster.nocheatplus.checks.moving.util.AuxMoving
25-05-25 14:56:10 [INFO] Added hook: AllViolations(NCP) [1.0].
25-05-25 14:56:10 [INFO] Added hook: ViolationFrequency(NCP) [1.0].
25-05-25 14:56:10 [INFO] Post-enable running...
25-05-25 14:56:10 [INFO] Updated data for 1 players (post-enable).
25-05-25 14:56:10 [INFO] Post-enable finished.
25-05-25 14:56:10 [INFO] §c§l»Version information«§7
§6§lServer:§7
§7git-Patina-ver/1.16.5-"667fb1b" ~MC: 1.16.5~
§7§eDetected: §71.16.5
§6§lNoCheatPlus:§7
§7§ePlugin: §73.17.1-SNAPSHOT-Updated-b198
§7§eMCAccess: §71.13-1.21|? / Bukkit-API
§6§lFeatures:
§7§eblocks§7: BlocksMC1_4§f, §7BlocksMC1_5§f, §7BlocksMC1_6_1§f, §7BlocksMC1_7_2§f, §7BlocksMC1_8§f, §7BlocksMC1_9§f, §7BlocksMC1_10§f, §7BlocksMC1_11§f, §7BlocksMC1_12§f, §7BlocksMC1_13§f, §7BlocksMC1_14§f, §7BlocksMC1_15§f, §7BlocksMC1_16§f, §7MCAccessBukkitModern
§7§echecks§7: FastConsume§f, §7Gutenberg§f, §7HotFixFallingBlockPortalEnter
§7§edefaults§7: pvpKnockBackVelocity
§6§lHooks:
§7AllViolations~NCP~ 1.0§f, §7ViolationFrequency~NCP~ 1.0
25-05-25 15:05:56 [INFO] Removed hook: ViolationFrequency(NCP) [1.0].
25-05-25 15:05:56 [INFO] Removed hook: AllViolations(NCP) [1.0].
25-05-25 15:05:56 [FINE] | cancel.dead 0 | cancel.offline 0 | block.interact.look.current 0 | block.interact.look.flying.first 0 | block.interact.look.flying.other 0 | illegalitem 0 | boatsanywhere 0 | throwenderpearl 0 | fakeinvulnerable 0 | eggonentity 0 | event.player.move 4633 (4633/0) |
25-05-25 15:05:56 [INFO] [GenericInstanceRegistry] Registry cleared.
25-05-25 15:05:57 [INFO] Logger started.
25-05-25 15:05:57 [INFO] Logging system initialized.
25-05-25 15:05:57 [INFO] Detected Minecraft version: 1.16.5
25-05-25 15:05:58 [INFO] McAccess set to: 1.13-1.21|? / Bukkit-API
25-05-25 15:05:58 [INFO] Inventory checks: FastConsume is available, disabled InstantEat.
25-05-25 15:05:58 [INFO] Packet level access: ProtocolLib is not available.
25-05-25 15:05:58 [INFO] Force disable FastHeal, FastConsume, PacketFrequency and InstantBow on Minecraft 1.9 and later.
25-05-25 15:05:58 [INFO] Version 3.17.1-SNAPSHOT-Updated-b198 is enabled.
25-05-25 15:05:59 [INFO] [GenericInstanceRegistry] Registered (override) for itself: fr.neatmonster.nocheatplus.hooks.ExemptionSettings
25-05-25 15:05:59 [INFO] [GenericInstanceRegistry] Registered for itself: fr.neatmonster.nocheatplus.stats.Counters
25-05-25 15:05:59 [INFO] [GenericInstanceRegistry] Registered for itself: fr.neatmonster.nocheatplus.checks.workaround.WRPT
25-05-25 15:05:59 [INFO] [GenericInstanceRegistry] Registered for itself: fr.neatmonster.nocheatplus.checks.moving.location.tracking.LocationTrace$TraceEntryPool
25-05-25 15:05:59 [INFO] [GenericInstanceRegistry] Registered for itself: fr.neatmonster.nocheatplus.utilities.entity.PassengerUtil
25-05-25 15:05:59 [INFO] [GenericInstanceRegistry] Registered for fr.neatmonster.nocheatplus.compat.IBridgeCrossPlugin: fr.neatmonster.nocheatplus.compat.meta.BridgeCrossPlugin
25-05-25 15:05:59 [INFO] [GenericInstanceRegistry] Registered for fr.neatmonster.nocheatplus.compat.MCAccess: fr.neatmonster.nocheatplus.compat.bukkit.MCAccessBukkitModern
25-05-25 15:05:59 [INFO] [GenericInstanceRegistry] Registered for fr.neatmonster.nocheatplus.utilities.map.BlockCache: fr.neatmonster.nocheatplus.compat.bukkit.BlockCacheBukkitModern
25-05-25 15:05:59 [INFO] [GenericInstanceRegistry] Registered for fr.neatmonster.nocheatplus.components.modifier.IAttributeAccess: fr.neatmonster.nocheatplus.compat.bukkit.BukkitAttributeAccess
25-05-25 15:05:59 [INFO] [GenericInstanceRegistry] Registered for fr.neatmonster.nocheatplus.components.entity.IEntityAccessVehicle: fr.neatmonster.nocheatplus.compat.bukkit.EntityAccessVehicleMultiPassenger
25-05-25 15:05:59 [INFO] [GenericInstanceRegistry] Registered for itself: fr.neatmonster.nocheatplus.checks.moving.util.AuxMoving
25-05-25 15:05:59 [INFO] Added hook: AllViolations(NCP) [1.0].
25-05-25 15:05:59 [INFO] Added hook: ViolationFrequency(NCP) [1.0].
25-05-25 15:05:59 [INFO] Post-enable running...
25-05-25 15:05:59 [INFO] Updated data for 1 players (post-enable).
25-05-25 15:05:59 [INFO] Post-enable finished.
25-05-25 15:05:59 [INFO] §c§l»Version information«§7
§6§lServer:§7
§7git-Patina-ver/1.16.5-"667fb1b" ~MC: 1.16.5~
§7§eDetected: §71.16.5
§6§lNoCheatPlus:§7
§7§ePlugin: §73.17.1-SNAPSHOT-Updated-b198
§7§eMCAccess: §71.13-1.21|? / Bukkit-API
§6§lFeatures:
§7§eblocks§7: BlocksMC1_4§f, §7BlocksMC1_5§f, §7BlocksMC1_6_1§f, §7BlocksMC1_7_2§f, §7BlocksMC1_8§f, §7BlocksMC1_9§f, §7BlocksMC1_10§f, §7BlocksMC1_11§f, §7BlocksMC1_12§f, §7BlocksMC1_13§f, §7BlocksMC1_14§f, §7BlocksMC1_15§f, §7BlocksMC1_16§f, §7MCAccessBukkitModern
§7§echecks§7: FastConsume§f, §7Gutenberg§f, §7HotFixFallingBlockPortalEnter
§7§edefaults§7: pvpKnockBackVelocity
§6§lHooks:
§7AllViolations~NCP~ 1.0§f, §7ViolationFrequency~NCP~ 1.0
25-05-25 15:06:19 [INFO] Removed hook: ViolationFrequency(NCP) [1.0].
25-05-25 15:06:19 [INFO] Removed hook: AllViolations(NCP) [1.0].
25-05-25 15:06:19 [FINE] | cancel.dead 0 | cancel.offline 0 | block.interact.look.current 0 | block.interact.look.flying.first 0 | block.interact.look.flying.other 0 | illegalitem 0 | boatsanywhere 0 | throwenderpearl 0 | fakeinvulnerable 0 | eggonentity 0 | event.player.move 271 (271/0) |
25-05-25 15:06:19 [INFO] [GenericInstanceRegistry] Registry cleared.
25-05-25 15:06:35 [INFO] Logger started.
25-05-25 15:06:35 [INFO] Logging system initialized.
25-05-25 15:06:35 [INFO] Detected Minecraft version: 1.16.5
25-05-25 15:06:38 [INFO] McAccess set to: 1.13-1.21|? / Bukkit-API
25-05-25 15:06:38 [INFO] Inventory checks: FastConsume is available, disabled InstantEat.
25-05-25 15:06:38 [INFO] Packet level access: ProtocolLib is not available.
25-05-25 15:06:38 [INFO] Force disable FastHeal, FastConsume, PacketFrequency and InstantBow on Minecraft 1.9 and later.
25-05-25 15:06:38 [INFO] Version 3.17.1-SNAPSHOT-Updated-b198 is enabled.
25-05-25 15:06:41 [INFO] [GenericInstanceRegistry] Registered (override) for itself: fr.neatmonster.nocheatplus.hooks.ExemptionSettings
25-05-25 15:06:41 [INFO] [GenericInstanceRegistry] Registered for itself: fr.neatmonster.nocheatplus.stats.Counters
25-05-25 15:06:41 [INFO] [GenericInstanceRegistry] Registered for itself: fr.neatmonster.nocheatplus.checks.workaround.WRPT
25-05-25 15:06:41 [INFO] [GenericInstanceRegistry] Registered for itself: fr.neatmonster.nocheatplus.checks.moving.location.tracking.LocationTrace$TraceEntryPool
25-05-25 15:06:41 [INFO] [GenericInstanceRegistry] Registered for itself: fr.neatmonster.nocheatplus.utilities.entity.PassengerUtil
25-05-25 15:06:41 [INFO] [GenericInstanceRegistry] Registered for fr.neatmonster.nocheatplus.compat.IBridgeCrossPlugin: fr.neatmonster.nocheatplus.compat.meta.BridgeCrossPlugin
25-05-25 15:06:41 [INFO] [GenericInstanceRegistry] Registered for fr.neatmonster.nocheatplus.compat.MCAccess: fr.neatmonster.nocheatplus.compat.bukkit.MCAccessBukkitModern
25-05-25 15:06:41 [INFO] [GenericInstanceRegistry] Registered for fr.neatmonster.nocheatplus.utilities.map.BlockCache: fr.neatmonster.nocheatplus.compat.bukkit.BlockCacheBukkitModern
25-05-25 15:06:41 [INFO] [GenericInstanceRegistry] Registered for fr.neatmonster.nocheatplus.components.modifier.IAttributeAccess: fr.neatmonster.nocheatplus.compat.bukkit.BukkitAttributeAccess
25-05-25 15:06:41 [INFO] [GenericInstanceRegistry] Registered for fr.neatmonster.nocheatplus.components.entity.IEntityAccessVehicle: fr.neatmonster.nocheatplus.compat.bukkit.EntityAccessVehicleMultiPassenger
25-05-25 15:06:41 [INFO] [GenericInstanceRegistry] Registered for itself: fr.neatmonster.nocheatplus.checks.moving.util.AuxMoving
25-05-25 15:06:41 [INFO] Added hook: AllViolations(NCP) [1.0].
25-05-25 15:06:41 [INFO] Added hook: ViolationFrequency(NCP) [1.0].
25-05-25 15:06:41 [INFO] Post-enable running...
25-05-25 15:06:41 [INFO] Post-enable finished.
25-05-25 15:06:41 [INFO] §c§l»Version information«§7
§6§lServer:§7
§7git-Patina-ver/1.16.5-"667fb1b" ~MC: 1.16.5~
§7§eDetected: §71.16.5
§6§lNoCheatPlus:§7
§7§ePlugin: §73.17.1-SNAPSHOT-Updated-b198
§7§eMCAccess: §71.13-1.21|? / Bukkit-API
§6§lFeatures:
§7§eblocks§7: BlocksMC1_4§f, §7BlocksMC1_5§f, §7BlocksMC1_6_1§f, §7BlocksMC1_7_2§f, §7BlocksMC1_8§f, §7BlocksMC1_9§f, §7BlocksMC1_10§f, §7BlocksMC1_11§f, §7BlocksMC1_12§f, §7BlocksMC1_13§f, §7BlocksMC1_14§f, §7BlocksMC1_15§f, §7BlocksMC1_16§f, §7MCAccessBukkitModern
§7§echecks§7: FastConsume§f, §7Gutenberg§f, §7HotFixFallingBlockPortalEnter
§7§edefaults§7: pvpKnockBackVelocity
§6§lHooks:
§7AllViolations~NCP~ 1.0§f, §7ViolationFrequency~NCP~ 1.0
25-05-25 15:10:21 [INFO] Removed hook: ViolationFrequency(NCP) [1.0].
25-05-25 15:10:21 [INFO] Removed hook: AllViolations(NCP) [1.0].
25-05-25 15:10:21 [FINE] | cancel.dead 0 | cancel.offline 0 | block.interact.look.current 0 | block.interact.look.flying.first 0 | block.interact.look.flying.other 0 | illegalitem 0 | boatsanywhere 0 | throwenderpearl 0 | fakeinvulnerable 0 | eggonentity 0 | event.player.move 398 (398/0) |
25-05-25 15:10:21 [INFO] [GenericInstanceRegistry] Registry cleared.
25-05-25 15:12:46 [INFO] Logger started.
25-05-25 15:12:46 [INFO] Logging system initialized.
25-05-25 15:12:46 [INFO] Detected Minecraft version: 1.16.5
25-05-25 15:12:49 [INFO] McAccess set to: 1.13-1.21|? / Bukkit-API
25-05-25 15:12:49 [INFO] Inventory checks: FastConsume is available, disabled InstantEat.
25-05-25 15:12:49 [INFO] Packet level access: ProtocolLib is not available.
25-05-25 15:12:49 [INFO] Force disable FastHeal, FastConsume, PacketFrequency and InstantBow on Minecraft 1.9 and later.
25-05-25 15:12:49 [INFO] Version 3.17.1-SNAPSHOT-Updated-b198 is enabled.
25-05-25 15:12:51 [INFO] [GenericInstanceRegistry] Registered (override) for itself: fr.neatmonster.nocheatplus.hooks.ExemptionSettings
25-05-25 15:12:51 [INFO] [GenericInstanceRegistry] Registered for itself: fr.neatmonster.nocheatplus.stats.Counters
25-05-25 15:12:51 [INFO] [GenericInstanceRegistry] Registered for itself: fr.neatmonster.nocheatplus.checks.workaround.WRPT
25-05-25 15:12:51 [INFO] [GenericInstanceRegistry] Registered for itself: fr.neatmonster.nocheatplus.checks.moving.location.tracking.LocationTrace$TraceEntryPool
25-05-25 15:12:51 [INFO] [GenericInstanceRegistry] Registered for itself: fr.neatmonster.nocheatplus.utilities.entity.PassengerUtil
25-05-25 15:12:51 [INFO] [GenericInstanceRegistry] Registered for fr.neatmonster.nocheatplus.compat.IBridgeCrossPlugin: fr.neatmonster.nocheatplus.compat.meta.BridgeCrossPlugin
25-05-25 15:12:51 [INFO] [GenericInstanceRegistry] Registered for fr.neatmonster.nocheatplus.compat.MCAccess: fr.neatmonster.nocheatplus.compat.bukkit.MCAccessBukkitModern
25-05-25 15:12:51 [INFO] [GenericInstanceRegistry] Registered for fr.neatmonster.nocheatplus.utilities.map.BlockCache: fr.neatmonster.nocheatplus.compat.bukkit.BlockCacheBukkitModern
25-05-25 15:12:51 [INFO] [GenericInstanceRegistry] Registered for fr.neatmonster.nocheatplus.components.modifier.IAttributeAccess: fr.neatmonster.nocheatplus.compat.bukkit.BukkitAttributeAccess
25-05-25 15:12:51 [INFO] [GenericInstanceRegistry] Registered for fr.neatmonster.nocheatplus.components.entity.IEntityAccessVehicle: fr.neatmonster.nocheatplus.compat.bukkit.EntityAccessVehicleMultiPassenger
25-05-25 15:12:51 [INFO] [GenericInstanceRegistry] Registered for itself: fr.neatmonster.nocheatplus.checks.moving.util.AuxMoving
25-05-25 15:12:51 [INFO] Added hook: AllViolations(NCP) [1.0].
25-05-25 15:12:51 [INFO] Added hook: ViolationFrequency(NCP) [1.0].
25-05-25 15:12:51 [INFO] Post-enable running...
25-05-25 15:12:51 [INFO] Post-enable finished.
25-05-25 15:12:51 [INFO] §c§l»Version information«§7
§6§lServer:§7
§7git-Patina-ver/1.16.5-"667fb1b" ~MC: 1.16.5~
§7§eDetected: §71.16.5
§6§lNoCheatPlus:§7
§7§ePlugin: §73.17.1-SNAPSHOT-Updated-b198
§7§eMCAccess: §71.13-1.21|? / Bukkit-API
§6§lFeatures:
§7§eblocks§7: BlocksMC1_4§f, §7BlocksMC1_5§f, §7BlocksMC1_6_1§f, §7BlocksMC1_7_2§f, §7BlocksMC1_8§f, §7BlocksMC1_9§f, §7BlocksMC1_10§f, §7BlocksMC1_11§f, §7BlocksMC1_12§f, §7BlocksMC1_13§f, §7BlocksMC1_14§f, §7BlocksMC1_15§f, §7BlocksMC1_16§f, §7MCAccessBukkitModern
§7§echecks§7: FastConsume§f, §7Gutenberg§f, §7HotFixFallingBlockPortalEnter
§7§edefaults§7: pvpKnockBackVelocity
§6§lHooks:
§7AllViolations~NCP~ 1.0§f, §7ViolationFrequency~NCP~ 1.0
25-05-25 15:14:11 [INFO] Removed hook: ViolationFrequency(NCP) [1.0].
25-05-25 15:14:11 [INFO] Removed hook: AllViolations(NCP) [1.0].
25-05-25 15:14:11 [FINE] | cancel.dead 0 | cancel.offline 0 | block.interact.look.current 0 | block.interact.look.flying.first 0 | block.interact.look.flying.other 0 | illegalitem 0 | boatsanywhere 0 | throwenderpearl 0 | fakeinvulnerable 0 | eggonentity 0 | event.player.move 739 (739/0) |
25-05-25 15:14:11 [INFO] [GenericInstanceRegistry] Registry cleared.
25-05-25 15:14:12 [INFO] Logger started.
25-05-25 15:14:12 [INFO] Logging system initialized.
25-05-25 15:14:12 [INFO] Detected Minecraft version: 1.16.5
25-05-25 15:14:13 [INFO] McAccess set to: 1.13-1.21|? / Bukkit-API
25-05-25 15:14:13 [INFO] Inventory checks: FastConsume is available, disabled InstantEat.
25-05-25 15:14:13 [INFO] Packet level access: ProtocolLib is not available.
25-05-25 15:14:13 [INFO] Force disable FastHeal, FastConsume, PacketFrequency and InstantBow on Minecraft 1.9 and later.
25-05-25 15:14:13 [INFO] Version 3.17.1-SNAPSHOT-Updated-b198 is enabled.
25-05-25 15:14:14 [INFO] [GenericInstanceRegistry] Registered (override) for itself: fr.neatmonster.nocheatplus.hooks.ExemptionSettings
25-05-25 15:14:14 [INFO] [GenericInstanceRegistry] Registered for itself: fr.neatmonster.nocheatplus.stats.Counters
25-05-25 15:14:14 [INFO] [GenericInstanceRegistry] Registered for itself: fr.neatmonster.nocheatplus.checks.workaround.WRPT
25-05-25 15:14:14 [INFO] [GenericInstanceRegistry] Registered for itself: fr.neatmonster.nocheatplus.checks.moving.location.tracking.LocationTrace$TraceEntryPool
25-05-25 15:14:14 [INFO] [GenericInstanceRegistry] Registered for itself: fr.neatmonster.nocheatplus.utilities.entity.PassengerUtil
25-05-25 15:14:14 [INFO] [GenericInstanceRegistry] Registered for fr.neatmonster.nocheatplus.compat.IBridgeCrossPlugin: fr.neatmonster.nocheatplus.compat.meta.BridgeCrossPlugin
25-05-25 15:14:14 [INFO] [GenericInstanceRegistry] Registered for fr.neatmonster.nocheatplus.compat.MCAccess: fr.neatmonster.nocheatplus.compat.bukkit.MCAccessBukkitModern
25-05-25 15:14:14 [INFO] [GenericInstanceRegistry] Registered for fr.neatmonster.nocheatplus.utilities.map.BlockCache: fr.neatmonster.nocheatplus.compat.bukkit.BlockCacheBukkitModern
25-05-25 15:14:14 [INFO] [GenericInstanceRegistry] Registered for fr.neatmonster.nocheatplus.components.modifier.IAttributeAccess: fr.neatmonster.nocheatplus.compat.bukkit.BukkitAttributeAccess
25-05-25 15:14:14 [INFO] [GenericInstanceRegistry] Registered for fr.neatmonster.nocheatplus.components.entity.IEntityAccessVehicle: fr.neatmonster.nocheatplus.compat.bukkit.EntityAccessVehicleMultiPassenger
25-05-25 15:14:14 [INFO] [GenericInstanceRegistry] Registered for itself: fr.neatmonster.nocheatplus.checks.moving.util.AuxMoving
25-05-25 15:14:14 [INFO] Added hook: AllViolations(NCP) [1.0].
25-05-25 15:14:14 [INFO] Added hook: ViolationFrequency(NCP) [1.0].
25-05-25 15:14:14 [INFO] Post-enable running...
25-05-25 15:14:14 [INFO] Updated data for 1 players (post-enable).
25-05-25 15:14:14 [INFO] Post-enable finished.
25-05-25 15:14:14 [INFO] §c§l»Version information«§7
§6§lServer:§7
§7git-Patina-ver/1.16.5-"667fb1b" ~MC: 1.16.5~
§7§eDetected: §71.16.5
§6§lNoCheatPlus:§7
§7§ePlugin: §73.17.1-SNAPSHOT-Updated-b198
§7§eMCAccess: §71.13-1.21|? / Bukkit-API
§6§lFeatures:
§7§eblocks§7: BlocksMC1_4§f, §7BlocksMC1_5§f, §7BlocksMC1_6_1§f, §7BlocksMC1_7_2§f, §7BlocksMC1_8§f, §7BlocksMC1_9§f, §7BlocksMC1_10§f, §7BlocksMC1_11§f, §7BlocksMC1_12§f, §7BlocksMC1_13§f, §7BlocksMC1_14§f, §7BlocksMC1_15§f, §7BlocksMC1_16§f, §7MCAccessBukkitModern
§7§echecks§7: FastConsume§f, §7Gutenberg§f, §7HotFixFallingBlockPortalEnter
§7§edefaults§7: pvpKnockBackVelocity
§6§lHooks:
§7AllViolations~NCP~ 1.0§f, §7ViolationFrequency~NCP~ 1.0
25-05-25 15:14:57 [INFO] Removed hook: ViolationFrequency(NCP) [1.0].
25-05-25 15:14:57 [INFO] Removed hook: AllViolations(NCP) [1.0].
25-05-25 15:14:57 [FINE] | cancel.dead 0 | cancel.offline 0 | block.interact.look.current 0 | block.interact.look.flying.first 0 | block.interact.look.flying.other 0 | illegalitem 0 | boatsanywhere 0 | throwenderpearl 0 | fakeinvulnerable 0 | eggonentity 0 | event.player.move 332 (332/0) |
25-05-25 15:14:57 [INFO] [GenericInstanceRegistry] Registry cleared.
25-05-25 15:14:58 [INFO] Logger started.
25-05-25 15:14:58 [INFO] Logging system initialized.
25-05-25 15:14:58 [INFO] Detected Minecraft version: 1.16.5
25-05-25 15:14:59 [INFO] McAccess set to: 1.13-1.21|? / Bukkit-API
25-05-25 15:14:59 [INFO] Inventory checks: FastConsume is available, disabled InstantEat.
25-05-25 15:14:59 [INFO] Packet level access: ProtocolLib is not available.
25-05-25 15:14:59 [INFO] Force disable FastHeal, FastConsume, PacketFrequency and InstantBow on Minecraft 1.9 and later.
25-05-25 15:14:59 [INFO] Version 3.17.1-SNAPSHOT-Updated-b198 is enabled.
25-05-25 15:15:00 [INFO] [GenericInstanceRegistry] Registered (override) for itself: fr.neatmonster.nocheatplus.hooks.ExemptionSettings
25-05-25 15:15:00 [INFO] [GenericInstanceRegistry] Registered for itself: fr.neatmonster.nocheatplus.stats.Counters
25-05-25 15:15:00 [INFO] [GenericInstanceRegistry] Registered for itself: fr.neatmonster.nocheatplus.checks.workaround.WRPT
25-05-25 15:15:00 [INFO] [GenericInstanceRegistry] Registered for itself: fr.neatmonster.nocheatplus.checks.moving.location.tracking.LocationTrace$TraceEntryPool
25-05-25 15:15:00 [INFO] [GenericInstanceRegistry] Registered for itself: fr.neatmonster.nocheatplus.utilities.entity.PassengerUtil
25-05-25 15:15:00 [INFO] [GenericInstanceRegistry] Registered for fr.neatmonster.nocheatplus.compat.IBridgeCrossPlugin: fr.neatmonster.nocheatplus.compat.meta.BridgeCrossPlugin
25-05-25 15:15:00 [INFO] [GenericInstanceRegistry] Registered for fr.neatmonster.nocheatplus.compat.MCAccess: fr.neatmonster.nocheatplus.compat.bukkit.MCAccessBukkitModern
25-05-25 15:15:00 [INFO] [GenericInstanceRegistry] Registered for fr.neatmonster.nocheatplus.utilities.map.BlockCache: fr.neatmonster.nocheatplus.compat.bukkit.BlockCacheBukkitModern
25-05-25 15:15:00 [INFO] [GenericInstanceRegistry] Registered for fr.neatmonster.nocheatplus.components.modifier.IAttributeAccess: fr.neatmonster.nocheatplus.compat.bukkit.BukkitAttributeAccess
25-05-25 15:15:00 [INFO] [GenericInstanceRegistry] Registered for fr.neatmonster.nocheatplus.components.entity.IEntityAccessVehicle: fr.neatmonster.nocheatplus.compat.bukkit.EntityAccessVehicleMultiPassenger
25-05-25 15:15:00 [INFO] [GenericInstanceRegistry] Registered for itself: fr.neatmonster.nocheatplus.checks.moving.util.AuxMoving
25-05-25 15:15:00 [INFO] Added hook: AllViolations(NCP) [1.0].
25-05-25 15:15:00 [INFO] Added hook: ViolationFrequency(NCP) [1.0].
25-05-25 15:15:00 [INFO] Post-enable running...
25-05-25 15:15:00 [INFO] Updated data for 1 players (post-enable).
25-05-25 15:15:00 [INFO] Post-enable finished.
25-05-25 15:15:00 [INFO] §c§l»Version information«§7
§6§lServer:§7
§7git-Patina-ver/1.16.5-"667fb1b" ~MC: 1.16.5~
§7§eDetected: §71.16.5
§6§lNoCheatPlus:§7
§7§ePlugin: §73.17.1-SNAPSHOT-Updated-b198
§7§eMCAccess: §71.13-1.21|? / Bukkit-API
§6§lFeatures:
§7§eblocks§7: BlocksMC1_4§f, §7BlocksMC1_5§f, §7BlocksMC1_6_1§f, §7BlocksMC1_7_2§f, §7BlocksMC1_8§f, §7BlocksMC1_9§f, §7BlocksMC1_10§f, §7BlocksMC1_11§f, §7BlocksMC1_12§f, §7BlocksMC1_13§f, §7BlocksMC1_14§f, §7BlocksMC1_15§f, §7BlocksMC1_16§f, §7MCAccessBukkitModern
§7§echecks§7: FastConsume§f, §7Gutenberg§f, §7HotFixFallingBlockPortalEnter
§7§edefaults§7: pvpKnockBackVelocity
§6§lHooks:
§7AllViolations~NCP~ 1.0§f, §7ViolationFrequency~NCP~ 1.0
25-05-25 15:15:56 [INFO] Removed hook: ViolationFrequency(NCP) [1.0].
25-05-25 15:15:56 [INFO] Removed hook: AllViolations(NCP) [1.0].
25-05-25 15:15:56 [FINE] | cancel.dead 0 | cancel.offline 0 | block.interact.look.current 1 (1/0) | block.interact.look.flying.first 0 | block.interact.look.flying.other 0 | illegalitem 0 | boatsanywhere 0 | throwenderpearl 0 | fakeinvulnerable 0 | eggonentity 0 | event.player.move 1004 (1004/0) |
25-05-25 15:15:56 [INFO] [GenericInstanceRegistry] Registry cleared.
25-05-25 15:16:13 [INFO] Logger started.
25-05-25 15:16:13 [INFO] Logging system initialized.
25-05-25 15:16:13 [INFO] Detected Minecraft version: 1.16.5
25-05-25 15:16:16 [INFO] McAccess set to: 1.13-1.21|? / Bukkit-API
25-05-25 15:16:16 [INFO] Inventory checks: FastConsume is available, disabled InstantEat.
25-05-25 15:16:16 [INFO] Packet level access: ProtocolLib is not available.
25-05-25 15:16:16 [INFO] Force disable FastHeal, FastConsume, PacketFrequency and InstantBow on Minecraft 1.9 and later.
25-05-25 15:16:16 [INFO] Version 3.17.1-SNAPSHOT-Updated-b198 is enabled.
25-05-25 15:16:18 [INFO] [GenericInstanceRegistry] Registered (override) for itself: fr.neatmonster.nocheatplus.hooks.ExemptionSettings
25-05-25 15:16:18 [INFO] [GenericInstanceRegistry] Registered for itself: fr.neatmonster.nocheatplus.stats.Counters
25-05-25 15:16:18 [INFO] [GenericInstanceRegistry] Registered for itself: fr.neatmonster.nocheatplus.checks.workaround.WRPT
25-05-25 15:16:18 [INFO] [GenericInstanceRegistry] Registered for itself: fr.neatmonster.nocheatplus.checks.moving.location.tracking.LocationTrace$TraceEntryPool
25-05-25 15:16:18 [INFO] [GenericInstanceRegistry] Registered for itself: fr.neatmonster.nocheatplus.utilities.entity.PassengerUtil
25-05-25 15:16:18 [INFO] [GenericInstanceRegistry] Registered for fr.neatmonster.nocheatplus.compat.IBridgeCrossPlugin: fr.neatmonster.nocheatplus.compat.meta.BridgeCrossPlugin
25-05-25 15:16:18 [INFO] [GenericInstanceRegistry] Registered for fr.neatmonster.nocheatplus.compat.MCAccess: fr.neatmonster.nocheatplus.compat.bukkit.MCAccessBukkitModern
25-05-25 15:16:18 [INFO] [GenericInstanceRegistry] Registered for fr.neatmonster.nocheatplus.utilities.map.BlockCache: fr.neatmonster.nocheatplus.compat.bukkit.BlockCacheBukkitModern
25-05-25 15:16:18 [INFO] [GenericInstanceRegistry] Registered for fr.neatmonster.nocheatplus.components.modifier.IAttributeAccess: fr.neatmonster.nocheatplus.compat.bukkit.BukkitAttributeAccess
25-05-25 15:16:18 [INFO] [GenericInstanceRegistry] Registered for fr.neatmonster.nocheatplus.components.entity.IEntityAccessVehicle: fr.neatmonster.nocheatplus.compat.bukkit.EntityAccessVehicleMultiPassenger
25-05-25 15:16:18 [INFO] [GenericInstanceRegistry] Registered for itself: fr.neatmonster.nocheatplus.checks.moving.util.AuxMoving
25-05-25 15:16:18 [INFO] Added hook: AllViolations(NCP) [1.0].
25-05-25 15:16:18 [INFO] Added hook: ViolationFrequency(NCP) [1.0].
25-05-25 15:16:18 [INFO] Post-enable running...
25-05-25 15:16:18 [INFO] Post-enable finished.
25-05-25 15:16:18 [INFO] §c§l»Version information«§7
§6§lServer:§7
§7git-Patina-ver/1.16.5-"667fb1b" ~MC: 1.16.5~
§7§eDetected: §71.16.5
§6§lNoCheatPlus:§7
§7§ePlugin: §73.17.1-SNAPSHOT-Updated-b198
§7§eMCAccess: §71.13-1.21|? / Bukkit-API
§6§lFeatures:
§7§eblocks§7: BlocksMC1_4§f, §7BlocksMC1_5§f, §7BlocksMC1_6_1§f, §7BlocksMC1_7_2§f, §7BlocksMC1_8§f, §7BlocksMC1_9§f, §7BlocksMC1_10§f, §7BlocksMC1_11§f, §7BlocksMC1_12§f, §7BlocksMC1_13§f, §7BlocksMC1_14§f, §7BlocksMC1_15§f, §7BlocksMC1_16§f, §7MCAccessBukkitModern
§7§echecks§7: FastConsume§f, §7Gutenberg§f, §7HotFixFallingBlockPortalEnter
§7§edefaults§7: pvpKnockBackVelocity
§6§lHooks:
§7AllViolations~NCP~ 1.0§f, §7ViolationFrequency~NCP~ 1.0
25-05-25 15:20:27 [INFO] Removed hook: ViolationFrequency(NCP) [1.0].
25-05-25 15:20:27 [INFO] Removed hook: AllViolations(NCP) [1.0].
25-05-25 15:20:27 [FINE] | cancel.dead 0 | cancel.offline 0 | block.interact.look.current 5 (5/0) | block.interact.look.flying.first 0 | block.interact.look.flying.other 0 | illegalitem 0 | boatsanywhere 0 | throwenderpearl 0 | fakeinvulnerable 0 | eggonentity 0 | event.player.move 2108 (2108/0) |
25-05-25 15:20:27 [INFO] [GenericInstanceRegistry] Registry cleared.
25-05-25 15:20:47 [INFO] Logger started.
25-05-25 15:20:47 [INFO] Logging system initialized.
25-05-25 15:20:47 [INFO] Detected Minecraft version: 1.16.5
25-05-25 15:20:50 [INFO] McAccess set to: 1.13-1.21|? / Bukkit-API
25-05-25 15:20:50 [INFO] Inventory checks: FastConsume is available, disabled InstantEat.
25-05-25 15:20:50 [INFO] Packet level access: ProtocolLib is not available.
25-05-25 15:20:50 [INFO] Force disable FastHeal, FastConsume, PacketFrequency and InstantBow on Minecraft 1.9 and later.
25-05-25 15:20:50 [INFO] Version 3.17.1-SNAPSHOT-Updated-b198 is enabled.
25-05-25 15:20:52 [INFO] [GenericInstanceRegistry] Registered (override) for itself: fr.neatmonster.nocheatplus.hooks.ExemptionSettings
25-05-25 15:20:52 [INFO] [GenericInstanceRegistry] Registered for itself: fr.neatmonster.nocheatplus.stats.Counters
25-05-25 15:20:52 [INFO] [GenericInstanceRegistry] Registered for itself: fr.neatmonster.nocheatplus.checks.workaround.WRPT
25-05-25 15:20:52 [INFO] [GenericInstanceRegistry] Registered for itself: fr.neatmonster.nocheatplus.checks.moving.location.tracking.LocationTrace$TraceEntryPool
25-05-25 15:20:52 [INFO] [GenericInstanceRegistry] Registered for itself: fr.neatmonster.nocheatplus.utilities.entity.PassengerUtil
25-05-25 15:20:52 [INFO] [GenericInstanceRegistry] Registered for fr.neatmonster.nocheatplus.compat.IBridgeCrossPlugin: fr.neatmonster.nocheatplus.compat.meta.BridgeCrossPlugin
25-05-25 15:20:52 [INFO] [GenericInstanceRegistry] Registered for fr.neatmonster.nocheatplus.compat.MCAccess: fr.neatmonster.nocheatplus.compat.bukkit.MCAccessBukkitModern
25-05-25 15:20:52 [INFO] [GenericInstanceRegistry] Registered for fr.neatmonster.nocheatplus.utilities.map.BlockCache: fr.neatmonster.nocheatplus.compat.bukkit.BlockCacheBukkitModern
25-05-25 15:20:52 [INFO] [GenericInstanceRegistry] Registered for fr.neatmonster.nocheatplus.components.modifier.IAttributeAccess: fr.neatmonster.nocheatplus.compat.bukkit.BukkitAttributeAccess
25-05-25 15:20:52 [INFO] [GenericInstanceRegistry] Registered for fr.neatmonster.nocheatplus.components.entity.IEntityAccessVehicle: fr.neatmonster.nocheatplus.compat.bukkit.EntityAccessVehicleMultiPassenger
25-05-25 15:20:52 [INFO] [GenericInstanceRegistry] Registered for itself: fr.neatmonster.nocheatplus.checks.moving.util.AuxMoving
25-05-25 15:20:52 [INFO] Added hook: AllViolations(NCP) [1.0].
25-05-25 15:20:52 [INFO] Added hook: ViolationFrequency(NCP) [1.0].
25-05-25 15:20:52 [INFO] Post-enable running...
25-05-25 15:20:52 [INFO] Post-enable finished.
25-05-25 15:20:52 [INFO] §c§l»Version information«§7
§6§lServer:§7
§7git-Patina-ver/1.16.5-"667fb1b" ~MC: 1.16.5~
§7§eDetected: §71.16.5
§6§lNoCheatPlus:§7
§7§ePlugin: §73.17.1-SNAPSHOT-Updated-b198
§7§eMCAccess: §71.13-1.21|? / Bukkit-API
§6§lFeatures:
§7§eblocks§7: BlocksMC1_4§f, §7BlocksMC1_5§f, §7BlocksMC1_6_1§f, §7BlocksMC1_7_2§f, §7BlocksMC1_8§f, §7BlocksMC1_9§f, §7BlocksMC1_10§f, §7BlocksMC1_11§f, §7BlocksMC1_12§f, §7BlocksMC1_13§f, §7BlocksMC1_14§f, §7BlocksMC1_15§f, §7BlocksMC1_16§f, §7MCAccessBukkitModern
§7§echecks§7: FastConsume§f, §7Gutenberg§f, §7HotFixFallingBlockPortalEnter
§7§edefaults§7: pvpKnockBackVelocity
§6§lHooks:
§7AllViolations~NCP~ 1.0§f, §7ViolationFrequency~NCP~ 1.0
25-05-25 15:23:34 [INFO] Removed hook: ViolationFrequency(NCP) [1.0].
25-05-25 15:23:34 [INFO] Removed hook: AllViolations(NCP) [1.0].
25-05-25 15:23:34 [FINE] | cancel.dead 0 | cancel.offline 0 | block.interact.look.current 2 (2/0) | block.interact.look.flying.first 0 | block.interact.look.flying.other 0 | illegalitem 0 | boatsanywhere 0 | throwenderpearl 0 | fakeinvulnerable 0 | eggonentity 0 | event.player.move 2324 (2324/0) |
25-05-25 15:23:34 [INFO] [GenericInstanceRegistry] Registry cleared.
25-05-25 15:35:14 [INFO] Logger started.
25-05-25 15:35:14 [INFO] Logging system initialized.
25-05-25 15:35:14 [INFO] Detected Minecraft version: 1.16.5
25-05-25 15:35:16 [INFO] McAccess set to: 1.13-1.21|? / Bukkit-API
25-05-25 15:35:17 [INFO] Inventory checks: FastConsume is available, disabled InstantEat.
25-05-25 15:35:17 [INFO] Packet level access: ProtocolLib is not available.
25-05-25 15:35:17 [INFO] Force disable FastHeal, FastConsume, PacketFrequency and InstantBow on Minecraft 1.9 and later.
25-05-25 15:35:17 [INFO] Version 3.17.1-SNAPSHOT-Updated-b198 is enabled.
25-05-25 15:35:19 [INFO] [GenericInstanceRegistry] Registered (override) for itself: fr.neatmonster.nocheatplus.hooks.ExemptionSettings
25-05-25 15:35:19 [INFO] [GenericInstanceRegistry] Registered for itself: fr.neatmonster.nocheatplus.stats.Counters
25-05-25 15:35:19 [INFO] [GenericInstanceRegistry] Registered for itself: fr.neatmonster.nocheatplus.checks.workaround.WRPT
25-05-25 15:35:19 [INFO] [GenericInstanceRegistry] Registered for itself: fr.neatmonster.nocheatplus.checks.moving.location.tracking.LocationTrace$TraceEntryPool
25-05-25 15:35:19 [INFO] [GenericInstanceRegistry] Registered for itself: fr.neatmonster.nocheatplus.utilities.entity.PassengerUtil
25-05-25 15:35:19 [INFO] [GenericInstanceRegistry] Registered for fr.neatmonster.nocheatplus.compat.IBridgeCrossPlugin: fr.neatmonster.nocheatplus.compat.meta.BridgeCrossPlugin
25-05-25 15:35:19 [INFO] [GenericInstanceRegistry] Registered for fr.neatmonster.nocheatplus.compat.MCAccess: fr.neatmonster.nocheatplus.compat.bukkit.MCAccessBukkitModern
25-05-25 15:35:19 [INFO] [GenericInstanceRegistry] Registered for fr.neatmonster.nocheatplus.utilities.map.BlockCache: fr.neatmonster.nocheatplus.compat.bukkit.BlockCacheBukkitModern
25-05-25 15:35:19 [INFO] [GenericInstanceRegistry] Registered for fr.neatmonster.nocheatplus.components.modifier.IAttributeAccess: fr.neatmonster.nocheatplus.compat.bukkit.BukkitAttributeAccess
25-05-25 15:35:19 [INFO] [GenericInstanceRegistry] Registered for fr.neatmonster.nocheatplus.components.entity.IEntityAccessVehicle: fr.neatmonster.nocheatplus.compat.bukkit.EntityAccessVehicleMultiPassenger
25-05-25 15:35:19 [INFO] [GenericInstanceRegistry] Registered for itself: fr.neatmonster.nocheatplus.checks.moving.util.AuxMoving
25-05-25 15:35:19 [INFO] Added hook: AllViolations(NCP) [1.0].
25-05-25 15:35:19 [INFO] Added hook: ViolationFrequency(NCP) [1.0].
25-05-25 15:35:19 [INFO] Post-enable running...
25-05-25 15:35:19 [INFO] Post-enable finished.
25-05-25 15:35:19 [INFO] §c§l»Version information«§7
§6§lServer:§7
§7git-Patina-ver/1.16.5-"667fb1b" ~MC: 1.16.5~
§7§eDetected: §71.16.5
§6§lNoCheatPlus:§7
§7§ePlugin: §73.17.1-SNAPSHOT-Updated-b198
§7§eMCAccess: §71.13-1.21|? / Bukkit-API
§6§lFeatures:
§7§eblocks§7: BlocksMC1_4§f, §7BlocksMC1_5§f, §7BlocksMC1_6_1§f, §7BlocksMC1_7_2§f, §7BlocksMC1_8§f, §7BlocksMC1_9§f, §7BlocksMC1_10§f, §7BlocksMC1_11§f, §7BlocksMC1_12§f, §7BlocksMC1_13§f, §7BlocksMC1_14§f, §7BlocksMC1_15§f, §7BlocksMC1_16§f, §7MCAccessBukkitModern
§7§echecks§7: FastConsume§f, §7Gutenberg§f, §7HotFixFallingBlockPortalEnter
§7§edefaults§7: pvpKnockBackVelocity
§6§lHooks:
§7AllViolations~NCP~ 1.0§f, §7ViolationFrequency~NCP~ 1.0
25-05-25 15:36:30 [INFO] Removed hook: ViolationFrequency(NCP) [1.0].
25-05-25 15:36:30 [INFO] Removed hook: AllViolations(NCP) [1.0].
25-05-25 15:36:30 [FINE] | cancel.dead 0 | cancel.offline 0 | block.interact.look.current 4 (4/0) | block.interact.look.flying.first 0 | block.interact.look.flying.other 0 | illegalitem 0 | boatsanywhere 0 | throwenderpearl 0 | fakeinvulnerable 0 | eggonentity 0 | event.player.move 676 (676/0) |
25-05-25 15:36:30 [INFO] [GenericInstanceRegistry] Registry cleared.
25-05-25 15:37:26 [INFO] Logger started.
25-05-25 15:37:26 [INFO] Logging system initialized.
25-05-25 15:37:26 [INFO] Detected Minecraft version: 1.16.5
25-05-25 15:37:28 [INFO] McAccess set to: 1.13-1.21|? / Bukkit-API
25-05-25 15:37:29 [INFO] Inventory checks: FastConsume is available, disabled InstantEat.
25-05-25 15:37:29 [INFO] Packet level access: ProtocolLib is not available.
25-05-25 15:37:29 [INFO] Force disable FastHeal, FastConsume, PacketFrequency and InstantBow on Minecraft 1.9 and later.
25-05-25 15:37:29 [INFO] Version 3.17.1-SNAPSHOT-Updated-b198 is enabled.
25-05-25 15:37:30 [INFO] [GenericInstanceRegistry] Registered (override) for itself: fr.neatmonster.nocheatplus.hooks.ExemptionSettings
25-05-25 15:37:30 [INFO] [GenericInstanceRegistry] Registered for itself: fr.neatmonster.nocheatplus.stats.Counters
25-05-25 15:37:30 [INFO] [GenericInstanceRegistry] Registered for itself: fr.neatmonster.nocheatplus.checks.workaround.WRPT
25-05-25 15:37:31 [INFO] [GenericInstanceRegistry] Registered for itself: fr.neatmonster.nocheatplus.checks.moving.location.tracking.LocationTrace$TraceEntryPool
25-05-25 15:37:31 [INFO] [GenericInstanceRegistry] Registered for itself: fr.neatmonster.nocheatplus.utilities.entity.PassengerUtil
25-05-25 15:37:31 [INFO] [GenericInstanceRegistry] Registered for fr.neatmonster.nocheatplus.compat.IBridgeCrossPlugin: fr.neatmonster.nocheatplus.compat.meta.BridgeCrossPlugin
25-05-25 15:37:31 [INFO] [GenericInstanceRegistry] Registered for fr.neatmonster.nocheatplus.compat.MCAccess: fr.neatmonster.nocheatplus.compat.bukkit.MCAccessBukkitModern
25-05-25 15:37:31 [INFO] [GenericInstanceRegistry] Registered for fr.neatmonster.nocheatplus.utilities.map.BlockCache: fr.neatmonster.nocheatplus.compat.bukkit.BlockCacheBukkitModern
25-05-25 15:37:31 [INFO] [GenericInstanceRegistry] Registered for fr.neatmonster.nocheatplus.components.modifier.IAttributeAccess: fr.neatmonster.nocheatplus.compat.bukkit.BukkitAttributeAccess
25-05-25 15:37:31 [INFO] [GenericInstanceRegistry] Registered for fr.neatmonster.nocheatplus.components.entity.IEntityAccessVehicle: fr.neatmonster.nocheatplus.compat.bukkit.EntityAccessVehicleMultiPassenger
25-05-25 15:37:31 [INFO] [GenericInstanceRegistry] Registered for itself: fr.neatmonster.nocheatplus.checks.moving.util.AuxMoving
25-05-25 15:37:31 [INFO] Added hook: AllViolations(NCP) [1.0].
25-05-25 15:37:31 [INFO] Added hook: ViolationFrequency(NCP) [1.0].
25-05-25 15:37:31 [INFO] Post-enable running...
25-05-25 15:37:31 [INFO] Post-enable finished.
25-05-25 15:37:31 [INFO] §c§l»Version information«§7
§6§lServer:§7
§7git-Patina-ver/1.16.5-"667fb1b" ~MC: 1.16.5~
§7§eDetected: §71.16.5
§6§lNoCheatPlus:§7
§7§ePlugin: §73.17.1-SNAPSHOT-Updated-b198
§7§eMCAccess: §71.13-1.21|? / Bukkit-API
§6§lFeatures:
§7§eblocks§7: BlocksMC1_4§f, §7BlocksMC1_5§f, §7BlocksMC1_6_1§f, §7BlocksMC1_7_2§f, §7BlocksMC1_8§f, §7BlocksMC1_9§f, §7BlocksMC1_10§f, §7BlocksMC1_11§f, §7BlocksMC1_12§f, §7BlocksMC1_13§f, §7BlocksMC1_14§f, §7BlocksMC1_15§f, §7BlocksMC1_16§f, §7MCAccessBukkitModern
§7§echecks§7: FastConsume§f, §7Gutenberg§f, §7HotFixFallingBlockPortalEnter
§7§edefaults§7: pvpKnockBackVelocity
§6§lHooks:
§7AllViolations~NCP~ 1.0§f, §7ViolationFrequency~NCP~ 1.0
25-05-25 15:40:39 [INFO] Removed hook: ViolationFrequency(NCP) [1.0].
25-05-25 15:40:39 [INFO] Removed hook: AllViolations(NCP) [1.0].
25-05-25 15:40:39 [FINE] | cancel.dead 0 | cancel.offline 0 | block.interact.look.current 1 (1/0) | block.interact.look.flying.first 0 | block.interact.look.flying.other 0 | illegalitem 0 | boatsanywhere 0 | throwenderpearl 0 | fakeinvulnerable 0 | eggonentity 0 | event.player.move 412 (412/0) |
25-05-25 15:40:39 [INFO] [GenericInstanceRegistry] Registry cleared.
25-05-25 15:40:41 [INFO] Logger started.
25-05-25 15:40:41 [INFO] Logging system initialized.
25-05-25 15:40:41 [INFO] Detected Minecraft version: 1.16.5
25-05-25 15:40:42 [INFO] McAccess set to: 1.13-1.21|? / Bukkit-API
25-05-25 15:40:42 [INFO] Inventory checks: FastConsume is available, disabled InstantEat.
25-05-25 15:40:42 [INFO] Packet level access: ProtocolLib is not available.
25-05-25 15:40:42 [INFO] Force disable FastHeal, FastConsume, PacketFrequency and InstantBow on Minecraft 1.9 and later.
25-05-25 15:40:42 [INFO] Version 3.17.1-SNAPSHOT-Updated-b198 is enabled.
25-05-25 15:40:43 [INFO] [GenericInstanceRegistry] Registered (override) for itself: fr.neatmonster.nocheatplus.hooks.ExemptionSettings
25-05-25 15:40:43 [INFO] [GenericInstanceRegistry] Registered for itself: fr.neatmonster.nocheatplus.stats.Counters
25-05-25 15:40:43 [INFO] [GenericInstanceRegistry] Registered for itself: fr.neatmonster.nocheatplus.checks.workaround.WRPT
25-05-25 15:40:43 [INFO] [GenericInstanceRegistry] Registered for itself: fr.neatmonster.nocheatplus.checks.moving.location.tracking.LocationTrace$TraceEntryPool
25-05-25 15:40:43 [INFO] [GenericInstanceRegistry] Registered for itself: fr.neatmonster.nocheatplus.utilities.entity.PassengerUtil
25-05-25 15:40:43 [INFO] [GenericInstanceRegistry] Registered for fr.neatmonster.nocheatplus.compat.IBridgeCrossPlugin: fr.neatmonster.nocheatplus.compat.meta.BridgeCrossPlugin
25-05-25 15:40:43 [INFO] [GenericInstanceRegistry] Registered for fr.neatmonster.nocheatplus.compat.MCAccess: fr.neatmonster.nocheatplus.compat.bukkit.MCAccessBukkitModern
25-05-25 15:40:43 [INFO] [GenericInstanceRegistry] Registered for fr.neatmonster.nocheatplus.utilities.map.BlockCache: fr.neatmonster.nocheatplus.compat.bukkit.BlockCacheBukkitModern
25-05-25 15:40:43 [INFO] [GenericInstanceRegistry] Registered for fr.neatmonster.nocheatplus.components.modifier.IAttributeAccess: fr.neatmonster.nocheatplus.compat.bukkit.BukkitAttributeAccess
25-05-25 15:40:43 [INFO] [GenericInstanceRegistry] Registered for fr.neatmonster.nocheatplus.components.entity.IEntityAccessVehicle: fr.neatmonster.nocheatplus.compat.bukkit.EntityAccessVehicleMultiPassenger
25-05-25 15:40:43 [INFO] [GenericInstanceRegistry] Registered for itself: fr.neatmonster.nocheatplus.checks.moving.util.AuxMoving
25-05-25 15:40:43 [INFO] Added hook: AllViolations(NCP) [1.0].
25-05-25 15:40:43 [INFO] Added hook: ViolationFrequency(NCP) [1.0].
25-05-25 15:40:43 [INFO] Post-enable running...
25-05-25 15:40:43 [INFO] Updated data for 1 players (post-enable).
25-05-25 15:40:43 [INFO] Post-enable finished.
25-05-25 15:40:43 [INFO] §c§l»Version information«§7
§6§lServer:§7
§7git-Patina-ver/1.16.5-"667fb1b" ~MC: 1.16.5~
§7§eDetected: §71.16.5
§6§lNoCheatPlus:§7
§7§ePlugin: §73.17.1-SNAPSHOT-Updated-b198
§7§eMCAccess: §71.13-1.21|? / Bukkit-API
§6§lFeatures:
§7§eblocks§7: BlocksMC1_4§f, §7BlocksMC1_5§f, §7BlocksMC1_6_1§f, §7BlocksMC1_7_2§f, §7BlocksMC1_8§f, §7BlocksMC1_9§f, §7BlocksMC1_10§f, §7BlocksMC1_11§f, §7BlocksMC1_12§f, §7BlocksMC1_13§f, §7BlocksMC1_14§f, §7BlocksMC1_15§f, §7BlocksMC1_16§f, §7MCAccessBukkitModern
§7§echecks§7: FastConsume§f, §7Gutenberg§f, §7HotFixFallingBlockPortalEnter
§7§edefaults§7: pvpKnockBackVelocity
§6§lHooks:
§7AllViolations~NCP~ 1.0§f, §7ViolationFrequency~NCP~ 1.0
25-05-25 15:41:10 [INFO] Removed hook: ViolationFrequency(NCP) [1.0].
25-05-25 15:41:10 [INFO] Removed hook: AllViolations(NCP) [1.0].
25-05-25 15:41:10 [FINE] | cancel.dead 0 | cancel.offline 0 | block.interact.look.current 0 | block.interact.look.flying.first 0 | block.interact.look.flying.other 0 | illegalitem 0 | boatsanywhere 0 | throwenderpearl 0 | fakeinvulnerable 0 | eggonentity 0 | event.player.move 49 (49/0) |
25-05-25 15:41:10 [INFO] [GenericInstanceRegistry] Registry cleared.
25-05-25 15:41:11 [INFO] Logger started.
25-05-25 15:41:11 [INFO] Logging system initialized.
25-05-25 15:41:11 [INFO] Detected Minecraft version: 1.16.5
25-05-25 15:41:12 [INFO] McAccess set to: 1.13-1.21|? / Bukkit-API
25-05-25 15:41:12 [INFO] Inventory checks: FastConsume is available, disabled InstantEat.
25-05-25 15:41:12 [INFO] Packet level access: ProtocolLib is not available.
25-05-25 15:41:12 [INFO] Force disable FastHeal, FastConsume, PacketFrequency and InstantBow on Minecraft 1.9 and later.
25-05-25 15:41:12 [INFO] Version 3.17.1-SNAPSHOT-Updated-b198 is enabled.
25-05-25 15:41:13 [INFO] [GenericInstanceRegistry] Registered (override) for itself: fr.neatmonster.nocheatplus.hooks.ExemptionSettings
25-05-25 15:41:13 [INFO] [GenericInstanceRegistry] Registered for itself: fr.neatmonster.nocheatplus.stats.Counters
25-05-25 15:41:13 [INFO] [GenericInstanceRegistry] Registered for itself: fr.neatmonster.nocheatplus.checks.workaround.WRPT
25-05-25 15:41:13 [INFO] [GenericInstanceRegistry] Registered for itself: fr.neatmonster.nocheatplus.checks.moving.location.tracking.LocationTrace$TraceEntryPool
25-05-25 15:41:13 [INFO] [GenericInstanceRegistry] Registered for itself: fr.neatmonster.nocheatplus.utilities.entity.PassengerUtil
25-05-25 15:41:13 [INFO] [GenericInstanceRegistry] Registered for fr.neatmonster.nocheatplus.compat.IBridgeCrossPlugin: fr.neatmonster.nocheatplus.compat.meta.BridgeCrossPlugin
25-05-25 15:41:13 [INFO] [GenericInstanceRegistry] Registered for fr.neatmonster.nocheatplus.compat.MCAccess: fr.neatmonster.nocheatplus.compat.bukkit.MCAccessBukkitModern
25-05-25 15:41:13 [INFO] [GenericInstanceRegistry] Registered for fr.neatmonster.nocheatplus.utilities.map.BlockCache: fr.neatmonster.nocheatplus.compat.bukkit.BlockCacheBukkitModern
25-05-25 15:41:13 [INFO] [GenericInstanceRegistry] Registered for fr.neatmonster.nocheatplus.components.modifier.IAttributeAccess: fr.neatmonster.nocheatplus.compat.bukkit.BukkitAttributeAccess
25-05-25 15:41:13 [INFO] [GenericInstanceRegistry] Registered for fr.neatmonster.nocheatplus.components.entity.IEntityAccessVehicle: fr.neatmonster.nocheatplus.compat.bukkit.EntityAccessVehicleMultiPassenger
25-05-25 15:41:13 [INFO] [GenericInstanceRegistry] Registered for itself: fr.neatmonster.nocheatplus.checks.moving.util.AuxMoving
25-05-25 15:41:13 [INFO] Added hook: AllViolations(NCP) [1.0].
25-05-25 15:41:13 [INFO] Added hook: ViolationFrequency(NCP) [1.0].
25-05-25 15:41:13 [INFO] Post-enable running...
25-05-25 15:41:13 [INFO] Updated data for 1 players (post-enable).
25-05-25 15:41:13 [INFO] Post-enable finished.
25-05-25 15:41:13 [INFO] §c§l»Version information«§7
§6§lServer:§7
§7git-Patina-ver/1.16.5-"667fb1b" ~MC: 1.16.5~
§7§eDetected: §71.16.5
§6§lNoCheatPlus:§7
§7§ePlugin: §73.17.1-SNAPSHOT-Updated-b198
§7§eMCAccess: §71.13-1.21|? / Bukkit-API
§6§lFeatures:
§7§eblocks§7: BlocksMC1_4§f, §7BlocksMC1_5§f, §7BlocksMC1_6_1§f, §7BlocksMC1_7_2§f, §7BlocksMC1_8§f, §7BlocksMC1_9§f, §7BlocksMC1_10§f, §7BlocksMC1_11§f, §7BlocksMC1_12§f, §7BlocksMC1_13§f, §7BlocksMC1_14§f, §7BlocksMC1_15§f, §7BlocksMC1_16§f, §7MCAccessBukkitModern
§7§echecks§7: FastConsume§f, §7Gutenberg§f, §7HotFixFallingBlockPortalEnter
§7§edefaults§7: pvpKnockBackVelocity
§6§lHooks:
§7AllViolations~NCP~ 1.0§f, §7ViolationFrequency~NCP~ 1.0
25-05-25 15:41:35 [INFO] Removed hook: ViolationFrequency(NCP) [1.0].
25-05-25 15:41:35 [INFO] Removed hook: AllViolations(NCP) [1.0].
25-05-25 15:41:35 [FINE] | cancel.dead 0 | cancel.offline 0 | block.interact.look.current 1 (1/0) | block.interact.look.flying.first 0 | block.interact.look.flying.other 0 | illegalitem 0 | boatsanywhere 0 | throwenderpearl 0 | fakeinvulnerable 0 | eggonentity 0 | event.player.move 72 (72/0) |
25-05-25 15:41:35 [INFO] [GenericInstanceRegistry] Registry cleared.
25-05-25 15:41:53 [INFO] Logger started.
25-05-25 15:41:53 [INFO] Logging system initialized.
25-05-25 15:41:53 [INFO] Detected Minecraft version: 1.16.5
25-05-25 15:41:56 [INFO] McAccess set to: 1.13-1.21|? / Bukkit-API
25-05-25 15:41:56 [INFO] Inventory checks: FastConsume is available, disabled InstantEat.
25-05-25 15:41:56 [INFO] Packet level access: ProtocolLib is not available.
25-05-25 15:41:56 [INFO] Force disable FastHeal, FastConsume, PacketFrequency and InstantBow on Minecraft 1.9 and later.
25-05-25 15:41:56 [INFO] Version 3.17.1-SNAPSHOT-Updated-b198 is enabled.
25-05-25 15:41:58 [INFO] [GenericInstanceRegistry] Registered (override) for itself: fr.neatmonster.nocheatplus.hooks.ExemptionSettings
25-05-25 15:41:58 [INFO] [GenericInstanceRegistry] Registered for itself: fr.neatmonster.nocheatplus.stats.Counters
25-05-25 15:41:58 [INFO] [GenericInstanceRegistry] Registered for itself: fr.neatmonster.nocheatplus.checks.workaround.WRPT
25-05-25 15:41:58 [INFO] [GenericInstanceRegistry] Registered for itself: fr.neatmonster.nocheatplus.checks.moving.location.tracking.LocationTrace$TraceEntryPool
25-05-25 15:41:58 [INFO] [GenericInstanceRegistry] Registered for itself: fr.neatmonster.nocheatplus.utilities.entity.PassengerUtil
25-05-25 15:41:58 [INFO] [GenericInstanceRegistry] Registered for fr.neatmonster.nocheatplus.compat.IBridgeCrossPlugin: fr.neatmonster.nocheatplus.compat.meta.BridgeCrossPlugin
25-05-25 15:41:58 [INFO] [GenericInstanceRegistry] Registered for fr.neatmonster.nocheatplus.compat.MCAccess: fr.neatmonster.nocheatplus.compat.bukkit.MCAccessBukkitModern
25-05-25 15:41:58 [INFO] [GenericInstanceRegistry] Registered for fr.neatmonster.nocheatplus.utilities.map.BlockCache: fr.neatmonster.nocheatplus.compat.bukkit.BlockCacheBukkitModern
25-05-25 15:41:58 [INFO] [GenericInstanceRegistry] Registered for fr.neatmonster.nocheatplus.components.modifier.IAttributeAccess: fr.neatmonster.nocheatplus.compat.bukkit.BukkitAttributeAccess
25-05-25 15:41:58 [INFO] [GenericInstanceRegistry] Registered for fr.neatmonster.nocheatplus.components.entity.IEntityAccessVehicle: fr.neatmonster.nocheatplus.compat.bukkit.EntityAccessVehicleMultiPassenger
25-05-25 15:41:58 [INFO] [GenericInstanceRegistry] Registered for itself: fr.neatmonster.nocheatplus.checks.moving.util.AuxMoving
25-05-25 15:41:58 [INFO] Added hook: AllViolations(NCP) [1.0].
25-05-25 15:41:58 [INFO] Added hook: ViolationFrequency(NCP) [1.0].
25-05-25 15:41:58 [INFO] Post-enable running...
25-05-25 15:41:58 [INFO] Post-enable finished.
25-05-25 15:41:58 [INFO] §c§l»Version information«§7
§6§lServer:§7
§7git-Patina-ver/1.16.5-"667fb1b" ~MC: 1.16.5~
§7§eDetected: §71.16.5
§6§lNoCheatPlus:§7
§7§ePlugin: §73.17.1-SNAPSHOT-Updated-b198
§7§eMCAccess: §71.13-1.21|? / Bukkit-API
§6§lFeatures:
§7§eblocks§7: BlocksMC1_4§f, §7BlocksMC1_5§f, §7BlocksMC1_6_1§f, §7BlocksMC1_7_2§f, §7BlocksMC1_8§f, §7BlocksMC1_9§f, §7BlocksMC1_10§f, §7BlocksMC1_11§f, §7BlocksMC1_12§f, §7BlocksMC1_13§f, §7BlocksMC1_14§f, §7BlocksMC1_15§f, §7BlocksMC1_16§f, §7MCAccessBukkitModern
§7§echecks§7: FastConsume§f, §7Gutenberg§f, §7HotFixFallingBlockPortalEnter
§7§edefaults§7: pvpKnockBackVelocity
§6§lHooks:
§7AllViolations~NCP~ 1.0§f, §7ViolationFrequency~NCP~ 1.0
25-05-25 15:49:59 [INFO] KvaytG failed Relog: tried to relog too fast (VL1)
25-05-25 15:50:22 [INFO] Removed hook: ViolationFrequency(NCP) [1.0].
25-05-25 15:50:22 [INFO] Removed hook: AllViolations(NCP) [1.0].
25-05-25 15:50:22 [FINE] | cancel.dead 0 | cancel.offline 0 | block.interact.look.current 14 (14/0) | block.interact.look.flying.first 0 | block.interact.look.flying.other 0 | illegalitem 0 | boatsanywhere 0 | throwenderpearl 0 | fakeinvulnerable 0 | eggonentity 0 | event.player.move 7865 (7865/0) |
25-05-25 15:50:22 [INFO] [GenericInstanceRegistry] Registry cleared.
25-05-27 20:53:31 [INFO] Logger started.
25-05-27 20:53:31 [INFO] Logging system initialized.
25-05-27 20:53:31 [INFO] Detected Minecraft version: 1.16.5
25-05-27 20:53:33 [INFO] McAccess set to: 1.13-1.21|? / Bukkit-API
25-05-27 20:53:33 [INFO] Inventory checks: FastConsume is available, disabled InstantEat.
25-05-27 20:53:33 [INFO] Packet level access: ProtocolLib is not available.
25-05-27 20:53:33 [INFO] Force disable FastHeal, FastConsume, PacketFrequency and InstantBow on Minecraft 1.9 and later.
25-05-27 20:53:33 [INFO] Version 3.17.1-SNAPSHOT-Updated-b198 is enabled.
25-05-27 20:53:37 [INFO] [GenericInstanceRegistry] Registered (override) for itself: fr.neatmonster.nocheatplus.hooks.ExemptionSettings
25-05-27 20:53:37 [INFO] [GenericInstanceRegistry] Registered for itself: fr.neatmonster.nocheatplus.stats.Counters
25-05-27 20:53:37 [INFO] [GenericInstanceRegistry] Registered for itself: fr.neatmonster.nocheatplus.checks.workaround.WRPT
25-05-27 20:53:37 [INFO] [GenericInstanceRegistry] Registered for itself: fr.neatmonster.nocheatplus.checks.moving.location.tracking.LocationTrace$TraceEntryPool
25-05-27 20:53:37 [INFO] [GenericInstanceRegistry] Registered for itself: fr.neatmonster.nocheatplus.utilities.entity.PassengerUtil
25-05-27 20:53:37 [INFO] [GenericInstanceRegistry] Registered for fr.neatmonster.nocheatplus.compat.IBridgeCrossPlugin: fr.neatmonster.nocheatplus.compat.meta.BridgeCrossPlugin
25-05-27 20:53:37 [INFO] [GenericInstanceRegistry] Registered for fr.neatmonster.nocheatplus.compat.MCAccess: fr.neatmonster.nocheatplus.compat.bukkit.MCAccessBukkitModern
25-05-27 20:53:37 [INFO] [GenericInstanceRegistry] Registered for fr.neatmonster.nocheatplus.utilities.map.BlockCache: fr.neatmonster.nocheatplus.compat.bukkit.BlockCacheBukkitModern
25-05-27 20:53:37 [INFO] [GenericInstanceRegistry] Registered for fr.neatmonster.nocheatplus.components.modifier.IAttributeAccess: fr.neatmonster.nocheatplus.compat.bukkit.BukkitAttributeAccess
25-05-27 20:53:37 [INFO] [GenericInstanceRegistry] Registered for fr.neatmonster.nocheatplus.components.entity.IEntityAccessVehicle: fr.neatmonster.nocheatplus.compat.bukkit.EntityAccessVehicleMultiPassenger
25-05-27 20:53:37 [INFO] [GenericInstanceRegistry] Registered for itself: fr.neatmonster.nocheatplus.checks.moving.util.AuxMoving
25-05-27 20:53:37 [INFO] Added hook: AllViolations(NCP) [1.0].
25-05-27 20:53:37 [INFO] Added hook: ViolationFrequency(NCP) [1.0].
25-05-27 20:53:37 [INFO] Post-enable running...
25-05-27 20:53:37 [INFO] Post-enable finished.
25-05-27 20:53:37 [INFO] §c§l»Version information«§7
§6§lServer:§7
§7git-Patina-ver/1.16.5-"667fb1b" ~MC: 1.16.5~
§7§eDetected: §71.16.5
§6§lNoCheatPlus:§7
§7§ePlugin: §73.17.1-SNAPSHOT-Updated-b198
§7§eMCAccess: §71.13-1.21|? / Bukkit-API
§6§lFeatures:
§7§eblocks§7: BlocksMC1_4§f, §7BlocksMC1_5§f, §7BlocksMC1_6_1§f, §7BlocksMC1_7_2§f, §7BlocksMC1_8§f, §7BlocksMC1_9§f, §7BlocksMC1_10§f, §7BlocksMC1_11§f, §7BlocksMC1_12§f, §7BlocksMC1_13§f, §7BlocksMC1_14§f, §7BlocksMC1_15§f, §7BlocksMC1_16§f, §7MCAccessBukkitModern
§7§echecks§7: FastConsume§f, §7Gutenberg§f, §7HotFixFallingBlockPortalEnter
§7§edefaults§7: pvpKnockBackVelocity
§6§lHooks:
§7AllViolations~NCP~ 1.0§f, §7ViolationFrequency~NCP~ 1.0
25-05-27 21:15:10 [INFO] Removed hook: ViolationFrequency(NCP) [1.0].
25-05-27 21:15:10 [INFO] Removed hook: AllViolations(NCP) [1.0].
25-05-27 21:15:10 [FINE] | cancel.dead 0 | cancel.offline 0 | block.interact.look.current 5 (5/0) | block.interact.look.flying.first 0 | block.interact.look.flying.other 0 | illegalitem 0 | boatsanywhere 0 | throwenderpearl 0 | fakeinvulnerable 0 | eggonentity 0 | event.player.move 8064 (8064/0) |
25-05-27 21:15:10 [INFO] [GenericInstanceRegistry] Registry cleared.
25-05-28 12:12:14 [INFO] Logger started.
25-05-28 12:12:14 [INFO] Logging system initialized.
25-05-28 12:12:14 [INFO] Detected Minecraft version: 1.16.5
25-05-28 12:12:17 [INFO] McAccess set to: 1.13-1.21|? / Bukkit-API
25-05-28 12:12:17 [INFO] Inventory checks: FastConsume is available, disabled InstantEat.
25-05-28 12:12:17 [INFO] Packet level access: ProtocolLib is not available.
25-05-28 12:12:17 [INFO] Force disable FastHeal, FastConsume, PacketFrequency and InstantBow on Minecraft 1.9 and later.
25-05-28 12:12:17 [INFO] Version 3.17.1-SNAPSHOT-Updated-b198 is enabled.
25-05-28 12:12:22 [INFO] [GenericInstanceRegistry] Registered (override) for itself: fr.neatmonster.nocheatplus.hooks.ExemptionSettings
25-05-28 12:12:22 [INFO] [GenericInstanceRegistry] Registered for itself: fr.neatmonster.nocheatplus.stats.Counters
25-05-28 12:12:22 [INFO] [GenericInstanceRegistry] Registered for itself: fr.neatmonster.nocheatplus.checks.workaround.WRPT
25-05-28 12:12:22 [INFO] [GenericInstanceRegistry] Registered for itself: fr.neatmonster.nocheatplus.checks.moving.location.tracking.LocationTrace$TraceEntryPool
25-05-28 12:12:22 [INFO] [GenericInstanceRegistry] Registered for itself: fr.neatmonster.nocheatplus.utilities.entity.PassengerUtil
25-05-28 12:12:22 [INFO] [GenericInstanceRegistry] Registered for fr.neatmonster.nocheatplus.compat.IBridgeCrossPlugin: fr.neatmonster.nocheatplus.compat.meta.BridgeCrossPlugin
25-05-28 12:12:22 [INFO] [GenericInstanceRegistry] Registered for fr.neatmonster.nocheatplus.compat.MCAccess: fr.neatmonster.nocheatplus.compat.bukkit.MCAccessBukkitModern
25-05-28 12:12:22 [INFO] [GenericInstanceRegistry] Registered for fr.neatmonster.nocheatplus.utilities.map.BlockCache: fr.neatmonster.nocheatplus.compat.bukkit.BlockCacheBukkitModern
25-05-28 12:12:22 [INFO] [GenericInstanceRegistry] Registered for fr.neatmonster.nocheatplus.components.modifier.IAttributeAccess: fr.neatmonster.nocheatplus.compat.bukkit.BukkitAttributeAccess
25-05-28 12:12:22 [INFO] [GenericInstanceRegistry] Registered for fr.neatmonster.nocheatplus.components.entity.IEntityAccessVehicle: fr.neatmonster.nocheatplus.compat.bukkit.EntityAccessVehicleMultiPassenger
25-05-28 12:12:22 [INFO] [GenericInstanceRegistry] Registered for itself: fr.neatmonster.nocheatplus.checks.moving.util.AuxMoving
25-05-28 12:12:22 [INFO] Added hook: AllViolations(NCP) [1.0].
25-05-28 12:12:22 [INFO] Added hook: ViolationFrequency(NCP) [1.0].
25-05-28 12:12:22 [INFO] Post-enable running...
25-05-28 12:12:22 [INFO] Post-enable finished.
25-05-28 12:12:22 [INFO] §c§l»Version information«§7
§6§lServer:§7
§7git-Patina-ver/1.16.5-"667fb1b" ~MC: 1.16.5~
§7§eDetected: §71.16.5
§6§lNoCheatPlus:§7
§7§ePlugin: §73.17.1-SNAPSHOT-Updated-b198
§7§eMCAccess: §71.13-1.21|? / Bukkit-API
§6§lFeatures:
§7§eblocks§7: BlocksMC1_4§f, §7BlocksMC1_5§f, §7BlocksMC1_6_1§f, §7BlocksMC1_7_2§f, §7BlocksMC1_8§f, §7BlocksMC1_9§f, §7BlocksMC1_10§f, §7BlocksMC1_11§f, §7BlocksMC1_12§f, §7BlocksMC1_13§f, §7BlocksMC1_14§f, §7BlocksMC1_15§f, §7BlocksMC1_16§f, §7MCAccessBukkitModern
§7§echecks§7: FastConsume§f, §7Gutenberg§f, §7HotFixFallingBlockPortalEnter
§7§edefaults§7: pvpKnockBackVelocity
§6§lHooks:
§7AllViolations~NCP~ 1.0§f, §7ViolationFrequency~NCP~ 1.0
25-05-28 12:26:48 [INFO] Removed hook: ViolationFrequency(NCP) [1.0].
25-05-28 12:26:48 [INFO] Removed hook: AllViolations(NCP) [1.0].
25-05-28 12:26:48 [FINE] | cancel.dead 0 | cancel.offline 0 | block.interact.look.current 32 (32/0) | block.interact.look.flying.first 0 | block.interact.look.flying.other 0 | illegalitem 0 | boatsanywhere 0 | throwenderpearl 0 | fakeinvulnerable 0 | eggonentity 0 | event.player.move 10938 (10938/0) |
25-05-28 12:26:48 [INFO] [GenericInstanceRegistry] Registry cleared.
25-05-28 12:30:29 [INFO] Logger started.
25-05-28 12:30:29 [INFO] Logging system initialized.
25-05-28 12:30:29 [INFO] Detected Minecraft version: 1.16.5
25-05-28 12:30:30 [INFO] McAccess set to: 1.13-1.21|? / Bukkit-API
25-05-28 12:30:31 [INFO] Inventory checks: FastConsume is available, disabled InstantEat.
25-05-28 12:30:31 [INFO] Packet level access: ProtocolLib is not available.
25-05-28 12:30:31 [INFO] Force disable FastHeal, FastConsume, PacketFrequency and InstantBow on Minecraft 1.9 and later.
25-05-28 12:30:31 [INFO] Version 3.17.1-SNAPSHOT-Updated-b198 is enabled.
25-05-28 12:30:34 [INFO] [GenericInstanceRegistry] Registered (override) for itself: fr.neatmonster.nocheatplus.hooks.ExemptionSettings
25-05-28 12:30:34 [INFO] [GenericInstanceRegistry] Registered for itself: fr.neatmonster.nocheatplus.stats.Counters
25-05-28 12:30:34 [INFO] [GenericInstanceRegistry] Registered for itself: fr.neatmonster.nocheatplus.checks.workaround.WRPT
25-05-28 12:30:34 [INFO] [GenericInstanceRegistry] Registered for itself: fr.neatmonster.nocheatplus.checks.moving.location.tracking.LocationTrace$TraceEntryPool
25-05-28 12:30:34 [INFO] [GenericInstanceRegistry] Registered for itself: fr.neatmonster.nocheatplus.utilities.entity.PassengerUtil
25-05-28 12:30:34 [INFO] [GenericInstanceRegistry] Registered for fr.neatmonster.nocheatplus.compat.IBridgeCrossPlugin: fr.neatmonster.nocheatplus.compat.meta.BridgeCrossPlugin
25-05-28 12:30:34 [INFO] [GenericInstanceRegistry] Registered for fr.neatmonster.nocheatplus.compat.MCAccess: fr.neatmonster.nocheatplus.compat.bukkit.MCAccessBukkitModern
25-05-28 12:30:34 [INFO] [GenericInstanceRegistry] Registered for fr.neatmonster.nocheatplus.utilities.map.BlockCache: fr.neatmonster.nocheatplus.compat.bukkit.BlockCacheBukkitModern
25-05-28 12:30:34 [INFO] [GenericInstanceRegistry] Registered for fr.neatmonster.nocheatplus.components.modifier.IAttributeAccess: fr.neatmonster.nocheatplus.compat.bukkit.BukkitAttributeAccess
25-05-28 12:30:34 [INFO] [GenericInstanceRegistry] Registered for fr.neatmonster.nocheatplus.components.entity.IEntityAccessVehicle: fr.neatmonster.nocheatplus.compat.bukkit.EntityAccessVehicleMultiPassenger
25-05-28 12:30:34 [INFO] [GenericInstanceRegistry] Registered for itself: fr.neatmonster.nocheatplus.checks.moving.util.AuxMoving
25-05-28 12:30:34 [INFO] Added hook: AllViolations(NCP) [1.0].
25-05-28 12:30:34 [INFO] Added hook: ViolationFrequency(NCP) [1.0].
25-05-28 12:30:34 [INFO] Post-enable running...
25-05-28 12:30:34 [INFO] Post-enable finished.
25-05-28 12:30:34 [INFO] §c§l»Version information«§7
§6§lServer:§7
§7git-Patina-ver/1.16.5-"667fb1b" ~MC: 1.16.5~
§7§eDetected: §71.16.5
§6§lNoCheatPlus:§7
§7§ePlugin: §73.17.1-SNAPSHOT-Updated-b198
§7§eMCAccess: §71.13-1.21|? / Bukkit-API
§6§lFeatures:
§7§eblocks§7: BlocksMC1_4§f, §7BlocksMC1_5§f, §7BlocksMC1_6_1§f, §7BlocksMC1_7_2§f, §7BlocksMC1_8§f, §7BlocksMC1_9§f, §7BlocksMC1_10§f, §7BlocksMC1_11§f, §7BlocksMC1_12§f, §7BlocksMC1_13§f, §7BlocksMC1_14§f, §7BlocksMC1_15§f, §7BlocksMC1_16§f, §7MCAccessBukkitModern
§7§echecks§7: FastConsume§f, §7Gutenberg§f, §7HotFixFallingBlockPortalEnter
§7§edefaults§7: pvpKnockBackVelocity
§6§lHooks:
§7AllViolations~NCP~ 1.0§f, §7ViolationFrequency~NCP~ 1.0
25-05-28 12:38:03 [INFO] Removed hook: ViolationFrequency(NCP) [1.0].
25-05-28 12:38:03 [INFO] Removed hook: AllViolations(NCP) [1.0].
25-05-28 12:38:03 [FINE] | cancel.dead 0 | cancel.offline 0 | block.interact.look.current 39 (39/0) | block.interact.look.flying.first 0 | block.interact.look.flying.other 0 | illegalitem 0 | boatsanywhere 0 | throwenderpearl 0 | fakeinvulnerable 0 | eggonentity 0 | event.player.move 5527 (5527/0) |
25-05-28 12:38:03 [INFO] [GenericInstanceRegistry] Registry cleared.
25-05-28 19:30:02 [INFO] Logger started.
25-05-28 19:30:02 [INFO] Logging system initialized.
25-05-28 19:30:02 [INFO] Detected Minecraft version: 1.16.5
25-05-28 19:30:06 [INFO] McAccess set to: 1.13-1.21|? / Bukkit-API
25-05-28 19:30:06 [INFO] Inventory checks: FastConsume is available, disabled InstantEat.
25-05-28 19:30:06 [INFO] Packet level access: ProtocolLib is not available.
25-05-28 19:30:06 [INFO] Force disable FastHeal, FastConsume, PacketFrequency and InstantBow on Minecraft 1.9 and later.
25-05-28 19:30:06 [INFO] Version 3.17.1-SNAPSHOT-Updated-b198 is enabled.
25-05-28 19:30:08 [INFO] [GenericInstanceRegistry] Registered (override) for itself: fr.neatmonster.nocheatplus.hooks.ExemptionSettings
25-05-28 19:30:08 [INFO] [GenericInstanceRegistry] Registered for itself: fr.neatmonster.nocheatplus.stats.Counters
25-05-28 19:30:08 [INFO] [GenericInstanceRegistry] Registered for itself: fr.neatmonster.nocheatplus.checks.workaround.WRPT
25-05-28 19:30:08 [INFO] [GenericInstanceRegistry] Registered for itself: fr.neatmonster.nocheatplus.checks.moving.location.tracking.LocationTrace$TraceEntryPool
25-05-28 19:30:08 [INFO] [GenericInstanceRegistry] Registered for itself: fr.neatmonster.nocheatplus.utilities.entity.PassengerUtil
25-05-28 19:30:08 [INFO] [GenericInstanceRegistry] Registered for fr.neatmonster.nocheatplus.compat.IBridgeCrossPlugin: fr.neatmonster.nocheatplus.compat.meta.BridgeCrossPlugin
25-05-28 19:30:08 [INFO] [GenericInstanceRegistry] Registered for fr.neatmonster.nocheatplus.compat.MCAccess: fr.neatmonster.nocheatplus.compat.bukkit.MCAccessBukkitModern
25-05-28 19:30:08 [INFO] [GenericInstanceRegistry] Registered for fr.neatmonster.nocheatplus.utilities.map.BlockCache: fr.neatmonster.nocheatplus.compat.bukkit.BlockCacheBukkitModern
25-05-28 19:30:08 [INFO] [GenericInstanceRegistry] Registered for fr.neatmonster.nocheatplus.components.modifier.IAttributeAccess: fr.neatmonster.nocheatplus.compat.bukkit.BukkitAttributeAccess
25-05-28 19:30:08 [INFO] [GenericInstanceRegistry] Registered for fr.neatmonster.nocheatplus.components.entity.IEntityAccessVehicle: fr.neatmonster.nocheatplus.compat.bukkit.EntityAccessVehicleMultiPassenger
25-05-28 19:30:08 [INFO] [GenericInstanceRegistry] Registered for itself: fr.neatmonster.nocheatplus.checks.moving.util.AuxMoving
25-05-28 19:30:08 [INFO] Added hook: AllViolations(NCP) [1.0].
25-05-28 19:30:08 [INFO] Added hook: ViolationFrequency(NCP) [1.0].
25-05-28 19:30:08 [INFO] Post-enable running...
25-05-28 19:30:08 [INFO] Post-enable finished.
25-05-28 19:30:08 [INFO] §c§l»Version information«§7
§6§lServer:§7
§7git-Patina-ver/1.16.5-"667fb1b" ~MC: 1.16.5~
§7§eDetected: §71.16.5
§6§lNoCheatPlus:§7
§7§ePlugin: §73.17.1-SNAPSHOT-Updated-b198
§7§eMCAccess: §71.13-1.21|? / Bukkit-API
§6§lFeatures:
§7§eblocks§7: BlocksMC1_4§f, §7BlocksMC1_5§f, §7BlocksMC1_6_1§f, §7BlocksMC1_7_2§f, §7BlocksMC1_8§f, §7BlocksMC1_9§f, §7BlocksMC1_10§f, §7BlocksMC1_11§f, §7BlocksMC1_12§f, §7BlocksMC1_13§f, §7BlocksMC1_14§f, §7BlocksMC1_15§f, §7BlocksMC1_16§f, §7MCAccessBukkitModern
§7§echecks§7: FastConsume§f, §7Gutenberg§f, §7HotFixFallingBlockPortalEnter
§7§edefaults§7: pvpKnockBackVelocity
§6§lHooks:
§7AllViolations~NCP~ 1.0§f, §7ViolationFrequency~NCP~ 1.0
25-05-28 20:34:45 [INFO] Removed hook: ViolationFrequency(NCP) [1.0].
25-05-28 20:34:45 [INFO] Removed hook: AllViolations(NCP) [1.0].
25-05-28 20:34:45 [FINE] | cancel.dead 0 | cancel.offline 0 | block.interact.look.current 12 (12/0) | block.interact.look.flying.first 0 | block.interact.look.flying.other 0 | illegalitem 0 | boatsanywhere 0 | throwenderpearl 0 | fakeinvulnerable 0 | eggonentity 0 | event.player.move 11517 (11517/0) |
25-05-28 20:34:45 [INFO] [GenericInstanceRegistry] Registry cleared.
25-05-29 10:50:29 [INFO] Logger started.
25-05-29 10:50:29 [INFO] Logging system initialized.
25-05-29 10:50:29 [INFO] Detected Minecraft version: 1.16.5
25-05-29 10:50:31 [INFO] McAccess set to: 1.13-1.21|? / Bukkit-API
25-05-29 10:50:32 [INFO] Inventory checks: FastConsume is available, disabled InstantEat.
25-05-29 10:50:32 [INFO] Packet level access: ProtocolLib is not available.
25-05-29 10:50:32 [INFO] Force disable FastHeal, FastConsume, PacketFrequency and InstantBow on Minecraft 1.9 and later.
25-05-29 10:50:32 [INFO] Version 3.17.1-SNAPSHOT-Updated-b198 is enabled.
25-05-29 10:50:34 [INFO] [GenericInstanceRegistry] Registered (override) for itself: fr.neatmonster.nocheatplus.hooks.ExemptionSettings
25-05-29 10:50:34 [INFO] [GenericInstanceRegistry] Registered for itself: fr.neatmonster.nocheatplus.stats.Counters
25-05-29 10:50:34 [INFO] [GenericInstanceRegistry] Registered for itself: fr.neatmonster.nocheatplus.checks.workaround.WRPT
25-05-29 10:50:34 [INFO] [GenericInstanceRegistry] Registered for itself: fr.neatmonster.nocheatplus.checks.moving.location.tracking.LocationTrace$TraceEntryPool
25-05-29 10:50:34 [INFO] [GenericInstanceRegistry] Registered for itself: fr.neatmonster.nocheatplus.utilities.entity.PassengerUtil
25-05-29 10:50:34 [INFO] [GenericInstanceRegistry] Registered for fr.neatmonster.nocheatplus.compat.IBridgeCrossPlugin: fr.neatmonster.nocheatplus.compat.meta.BridgeCrossPlugin
25-05-29 10:50:34 [INFO] [GenericInstanceRegistry] Registered for fr.neatmonster.nocheatplus.compat.MCAccess: fr.neatmonster.nocheatplus.compat.bukkit.MCAccessBukkitModern
25-05-29 10:50:34 [INFO] [GenericInstanceRegistry] Registered for fr.neatmonster.nocheatplus.utilities.map.BlockCache: fr.neatmonster.nocheatplus.compat.bukkit.BlockCacheBukkitModern
25-05-29 10:50:34 [INFO] [GenericInstanceRegistry] Registered for fr.neatmonster.nocheatplus.components.modifier.IAttributeAccess: fr.neatmonster.nocheatplus.compat.bukkit.BukkitAttributeAccess
25-05-29 10:50:34 [INFO] [GenericInstanceRegistry] Registered for fr.neatmonster.nocheatplus.components.entity.IEntityAccessVehicle: fr.neatmonster.nocheatplus.compat.bukkit.EntityAccessVehicleMultiPassenger
25-05-29 10:50:34 [INFO] [GenericInstanceRegistry] Registered for itself: fr.neatmonster.nocheatplus.checks.moving.util.AuxMoving
25-05-29 10:50:34 [INFO] Added hook: AllViolations(NCP) [1.0].
25-05-29 10:50:34 [INFO] Added hook: ViolationFrequency(NCP) [1.0].
25-05-29 10:50:34 [INFO] Post-enable running...
25-05-29 10:50:34 [INFO] Post-enable finished.
25-05-29 10:50:34 [INFO] §c§l»Version information«§7
§6§lServer:§7
§7git-Patina-ver/1.16.5-"667fb1b" ~MC: 1.16.5~
§7§eDetected: §71.16.5
§6§lNoCheatPlus:§7
§7§ePlugin: §73.17.1-SNAPSHOT-Updated-b198
§7§eMCAccess: §71.13-1.21|? / Bukkit-API
§6§lFeatures:
§7§eblocks§7: BlocksMC1_4§f, §7BlocksMC1_5§f, §7BlocksMC1_6_1§f, §7BlocksMC1_7_2§f, §7BlocksMC1_8§f, §7BlocksMC1_9§f, §7BlocksMC1_10§f, §7BlocksMC1_11§f, §7BlocksMC1_12§f, §7BlocksMC1_13§f, §7BlocksMC1_14§f, §7BlocksMC1_15§f, §7BlocksMC1_16§f, §7MCAccessBukkitModern
§7§echecks§7: FastConsume§f, §7Gutenberg§f, §7HotFixFallingBlockPortalEnter
§7§edefaults§7: pvpKnockBackVelocity
§6§lHooks:
§7AllViolations~NCP~ 1.0§f, §7ViolationFrequency~NCP~ 1.0
25-05-29 11:03:36 [INFO] Removed hook: ViolationFrequency(NCP) [1.0].
25-05-29 11:03:36 [INFO] Removed hook: AllViolations(NCP) [1.0].
25-05-29 11:03:36 [FINE] | cancel.dead 0 | cancel.offline 0 | block.interact.look.current 0 | block.interact.look.flying.first 0 | block.interact.look.flying.other 0 | illegalitem 0 | boatsanywhere 0 | throwenderpearl 0 | fakeinvulnerable 0 | eggonentity 0 | event.player.move 3024 (3024/0) |
25-05-29 11:03:36 [INFO] [GenericInstanceRegistry] Registry cleared.
25-05-29 11:07:22 [INFO] Logger started.
25-05-29 11:07:22 [INFO] Logging system initialized.
25-05-29 11:07:22 [INFO] Detected Minecraft version: 1.16.5
25-05-29 11:07:24 [INFO] McAccess set to: 1.13-1.21|? / Bukkit-API
25-05-29 11:07:24 [INFO] Inventory checks: FastConsume is available, disabled InstantEat.
25-05-29 11:07:24 [INFO] Packet level access: ProtocolLib is not available.
25-05-29 11:07:24 [INFO] Force disable FastHeal, FastConsume, PacketFrequency and InstantBow on Minecraft 1.9 and later.
25-05-29 11:07:24 [INFO] Version 3.17.1-SNAPSHOT-Updated-b198 is enabled.
25-05-29 11:07:27 [INFO] [GenericInstanceRegistry] Registered (override) for itself: fr.neatmonster.nocheatplus.hooks.ExemptionSettings
25-05-29 11:07:27 [INFO] [GenericInstanceRegistry] Registered for itself: fr.neatmonster.nocheatplus.stats.Counters
25-05-29 11:07:27 [INFO] [GenericInstanceRegistry] Registered for itself: fr.neatmonster.nocheatplus.checks.workaround.WRPT
25-05-29 11:07:27 [INFO] [GenericInstanceRegistry] Registered for itself: fr.neatmonster.nocheatplus.checks.moving.location.tracking.LocationTrace$TraceEntryPool
25-05-29 11:07:27 [INFO] [GenericInstanceRegistry] Registered for itself: fr.neatmonster.nocheatplus.utilities.entity.PassengerUtil
25-05-29 11:07:27 [INFO] [GenericInstanceRegistry] Registered for fr.neatmonster.nocheatplus.compat.IBridgeCrossPlugin: fr.neatmonster.nocheatplus.compat.meta.BridgeCrossPlugin
25-05-29 11:07:27 [INFO] [GenericInstanceRegistry] Registered for fr.neatmonster.nocheatplus.compat.MCAccess: fr.neatmonster.nocheatplus.compat.bukkit.MCAccessBukkitModern
25-05-29 11:07:27 [INFO] [GenericInstanceRegistry] Registered for fr.neatmonster.nocheatplus.utilities.map.BlockCache: fr.neatmonster.nocheatplus.compat.bukkit.BlockCacheBukkitModern
25-05-29 11:07:27 [INFO] [GenericInstanceRegistry] Registered for fr.neatmonster.nocheatplus.components.modifier.IAttributeAccess: fr.neatmonster.nocheatplus.compat.bukkit.BukkitAttributeAccess
25-05-29 11:07:27 [INFO] [GenericInstanceRegistry] Registered for fr.neatmonster.nocheatplus.components.entity.IEntityAccessVehicle: fr.neatmonster.nocheatplus.compat.bukkit.EntityAccessVehicleMultiPassenger
25-05-29 11:07:27 [INFO] [GenericInstanceRegistry] Registered for itself: fr.neatmonster.nocheatplus.checks.moving.util.AuxMoving
25-05-29 11:07:27 [INFO] Added hook: AllViolations(NCP) [1.0].
25-05-29 11:07:27 [INFO] Added hook: ViolationFrequency(NCP) [1.0].
25-05-29 11:07:27 [INFO] Post-enable running...
25-05-29 11:07:27 [INFO] Post-enable finished.
25-05-29 11:07:27 [INFO] §c§l»Version information«§7
§6§lServer:§7
§7git-Patina-ver/1.16.5-"667fb1b" ~MC: 1.16.5~
§7§eDetected: §71.16.5
§6§lNoCheatPlus:§7
§7§ePlugin: §73.17.1-SNAPSHOT-Updated-b198
§7§eMCAccess: §71.13-1.21|? / Bukkit-API
§6§lFeatures:
§7§eblocks§7: BlocksMC1_4§f, §7BlocksMC1_5§f, §7BlocksMC1_6_1§f, §7BlocksMC1_7_2§f, §7BlocksMC1_8§f, §7BlocksMC1_9§f, §7BlocksMC1_10§f, §7BlocksMC1_11§f, §7BlocksMC1_12§f, §7BlocksMC1_13§f, §7BlocksMC1_14§f, §7BlocksMC1_15§f, §7BlocksMC1_16§f, §7MCAccessBukkitModern
§7§echecks§7: FastConsume§f, §7Gutenberg§f, §7HotFixFallingBlockPortalEnter
§7§edefaults§7: pvpKnockBackVelocity
§6§lHooks:
§7AllViolations~NCP~ 1.0§f, §7ViolationFrequency~NCP~ 1.0
25-05-29 11:09:11 [INFO] Removed hook: ViolationFrequency(NCP) [1.0].
25-05-29 11:09:11 [INFO] Removed hook: AllViolations(NCP) [1.0].
25-05-29 11:09:11 [FINE] | cancel.dead 0 | cancel.offline 0 | block.interact.look.current 0 | block.interact.look.flying.first 0 | block.interact.look.flying.other 0 | illegalitem 0 | boatsanywhere 0 | throwenderpearl 0 | fakeinvulnerable 0 | eggonentity 0 | event.player.move 433 (433/0) |
25-05-29 11:09:11 [INFO] [GenericInstanceRegistry] Registry cleared.
25-05-29 11:11:17 [INFO] Logger started.
25-05-29 11:11:17 [INFO] Logging system initialized.
25-05-29 11:11:17 [INFO] Detected Minecraft version: 1.16.5
25-05-29 11:11:19 [INFO] McAccess set to: 1.13-1.21|? / Bukkit-API
25-05-29 11:11:19 [INFO] Inventory checks: FastConsume is available, disabled InstantEat.
25-05-29 11:11:19 [INFO] Packet level access: ProtocolLib is not available.
25-05-29 11:11:19 [INFO] Force disable FastHeal, FastConsume, PacketFrequency and InstantBow on Minecraft 1.9 and later.
25-05-29 11:11:19 [INFO] Version 3.17.1-SNAPSHOT-Updated-b198 is enabled.
25-05-29 11:11:22 [INFO] [GenericInstanceRegistry] Registered (override) for itself: fr.neatmonster.nocheatplus.hooks.ExemptionSettings
25-05-29 11:11:22 [INFO] [GenericInstanceRegistry] Registered for itself: fr.neatmonster.nocheatplus.stats.Counters
25-05-29 11:11:22 [INFO] [GenericInstanceRegistry] Registered for itself: fr.neatmonster.nocheatplus.checks.workaround.WRPT
25-05-29 11:11:22 [INFO] [GenericInstanceRegistry] Registered for itself: fr.neatmonster.nocheatplus.checks.moving.location.tracking.LocationTrace$TraceEntryPool
25-05-29 11:11:22 [INFO] [GenericInstanceRegistry] Registered for itself: fr.neatmonster.nocheatplus.utilities.entity.PassengerUtil
25-05-29 11:11:22 [INFO] [GenericInstanceRegistry] Registered for fr.neatmonster.nocheatplus.compat.IBridgeCrossPlugin: fr.neatmonster.nocheatplus.compat.meta.BridgeCrossPlugin
25-05-29 11:11:22 [INFO] [GenericInstanceRegistry] Registered for fr.neatmonster.nocheatplus.compat.MCAccess: fr.neatmonster.nocheatplus.compat.bukkit.MCAccessBukkitModern
25-05-29 11:11:22 [INFO] [GenericInstanceRegistry] Registered for fr.neatmonster.nocheatplus.utilities.map.BlockCache: fr.neatmonster.nocheatplus.compat.bukkit.BlockCacheBukkitModern
25-05-29 11:11:22 [INFO] [GenericInstanceRegistry] Registered for fr.neatmonster.nocheatplus.components.modifier.IAttributeAccess: fr.neatmonster.nocheatplus.compat.bukkit.BukkitAttributeAccess
25-05-29 11:11:22 [INFO] [GenericInstanceRegistry] Registered for fr.neatmonster.nocheatplus.components.entity.IEntityAccessVehicle: fr.neatmonster.nocheatplus.compat.bukkit.EntityAccessVehicleMultiPassenger
25-05-29 11:11:22 [INFO] [GenericInstanceRegistry] Registered for itself: fr.neatmonster.nocheatplus.checks.moving.util.AuxMoving
25-05-29 11:11:22 [INFO] Added hook: AllViolations(NCP) [1.0].
25-05-29 11:11:22 [INFO] Added hook: ViolationFrequency(NCP) [1.0].
25-05-29 11:11:22 [INFO] Post-enable running...
25-05-29 11:11:22 [INFO] Post-enable finished.
25-05-29 11:11:22 [INFO] §c§l»Version information«§7
§6§lServer:§7
§7git-Patina-ver/1.16.5-"667fb1b" ~MC: 1.16.5~
§7§eDetected: §71.16.5
§6§lNoCheatPlus:§7
§7§ePlugin: §73.17.1-SNAPSHOT-Updated-b198
§7§eMCAccess: §71.13-1.21|? / Bukkit-API
§6§lFeatures:
§7§eblocks§7: BlocksMC1_4§f, §7BlocksMC1_5§f, §7BlocksMC1_6_1§f, §7BlocksMC1_7_2§f, §7BlocksMC1_8§f, §7BlocksMC1_9§f, §7BlocksMC1_10§f, §7BlocksMC1_11§f, §7BlocksMC1_12§f, §7BlocksMC1_13§f, §7BlocksMC1_14§f, §7BlocksMC1_15§f, §7BlocksMC1_16§f, §7MCAccessBukkitModern
§7§echecks§7: FastConsume§f, §7Gutenberg§f, §7HotFixFallingBlockPortalEnter
§7§edefaults§7: pvpKnockBackVelocity
§6§lHooks:
§7AllViolations~NCP~ 1.0§f, §7ViolationFrequency~NCP~ 1.0
25-05-29 11:19:16 [INFO] Removed hook: ViolationFrequency(NCP) [1.0].
25-05-29 11:19:16 [INFO] Removed hook: AllViolations(NCP) [1.0].
25-05-29 11:19:16 [FINE] | cancel.dead 0 | cancel.offline 0 | block.interact.look.current 0 | block.interact.look.flying.first 0 | block.interact.look.flying.other 0 | illegalitem 0 | boatsanywhere 0 | throwenderpearl 0 | fakeinvulnerable 0 | eggonentity 0 | event.player.move 2229 (2229/0) |
25-05-29 11:19:16 [INFO] [GenericInstanceRegistry] Registry cleared.
25-05-29 11:19:18 [INFO] Logger started.
25-05-29 11:19:18 [INFO] Logging system initialized.
25-05-29 11:19:18 [INFO] Detected Minecraft version: 1.16.5
25-05-29 11:19:19 [INFO] McAccess set to: 1.13-1.21|? / Bukkit-API
25-05-29 11:19:19 [INFO] Inventory checks: FastConsume is available, disabled InstantEat.
25-05-29 11:19:19 [INFO] Packet level access: ProtocolLib is not available.
25-05-29 11:19:19 [INFO] Force disable FastHeal, FastConsume, PacketFrequency and InstantBow on Minecraft 1.9 and later.
25-05-29 11:19:19 [INFO] Version 3.17.1-SNAPSHOT-Updated-b198 is enabled.
25-05-29 11:19:21 [INFO] [GenericInstanceRegistry] Registered (override) for itself: fr.neatmonster.nocheatplus.hooks.ExemptionSettings
25-05-29 11:19:21 [INFO] [GenericInstanceRegistry] Registered for itself: fr.neatmonster.nocheatplus.stats.Counters
25-05-29 11:19:21 [INFO] [GenericInstanceRegistry] Registered for itself: fr.neatmonster.nocheatplus.checks.workaround.WRPT
25-05-29 11:19:21 [INFO] [GenericInstanceRegistry] Registered for itself: fr.neatmonster.nocheatplus.checks.moving.location.tracking.LocationTrace$TraceEntryPool
25-05-29 11:19:21 [INFO] [GenericInstanceRegistry] Registered for itself: fr.neatmonster.nocheatplus.utilities.entity.PassengerUtil
25-05-29 11:19:21 [INFO] [GenericInstanceRegistry] Registered for fr.neatmonster.nocheatplus.compat.IBridgeCrossPlugin: fr.neatmonster.nocheatplus.compat.meta.BridgeCrossPlugin
25-05-29 11:19:21 [INFO] [GenericInstanceRegistry] Registered for fr.neatmonster.nocheatplus.compat.MCAccess: fr.neatmonster.nocheatplus.compat.bukkit.MCAccessBukkitModern
25-05-29 11:19:21 [INFO] [GenericInstanceRegistry] Registered for fr.neatmonster.nocheatplus.utilities.map.BlockCache: fr.neatmonster.nocheatplus.compat.bukkit.BlockCacheBukkitModern
25-05-29 11:19:21 [INFO] [GenericInstanceRegistry] Registered for fr.neatmonster.nocheatplus.components.modifier.IAttributeAccess: fr.neatmonster.nocheatplus.compat.bukkit.BukkitAttributeAccess
25-05-29 11:19:21 [INFO] [GenericInstanceRegistry] Registered for fr.neatmonster.nocheatplus.components.entity.IEntityAccessVehicle: fr.neatmonster.nocheatplus.compat.bukkit.EntityAccessVehicleMultiPassenger
25-05-29 11:19:21 [INFO] [GenericInstanceRegistry] Registered for itself: fr.neatmonster.nocheatplus.checks.moving.util.AuxMoving
25-05-29 11:19:21 [INFO] Added hook: AllViolations(NCP) [1.0].
25-05-29 11:19:21 [INFO] Added hook: ViolationFrequency(NCP) [1.0].
25-05-29 11:19:21 [INFO] Post-enable running...
25-05-29 11:19:21 [INFO] Updated data for 1 players (post-enable).
25-05-29 11:19:21 [INFO] Post-enable finished.
25-05-29 11:19:21 [INFO] §c§l»Version information«§7
§6§lServer:§7
§7git-Patina-ver/1.16.5-"667fb1b" ~MC: 1.16.5~
§7§eDetected: §71.16.5
§6§lNoCheatPlus:§7
§7§ePlugin: §73.17.1-SNAPSHOT-Updated-b198
§7§eMCAccess: §71.13-1.21|? / Bukkit-API
§6§lFeatures:
§7§eblocks§7: BlocksMC1_4§f, §7BlocksMC1_5§f, §7BlocksMC1_6_1§f, §7BlocksMC1_7_2§f, §7BlocksMC1_8§f, §7BlocksMC1_9§f, §7BlocksMC1_10§f, §7BlocksMC1_11§f, §7BlocksMC1_12§f, §7BlocksMC1_13§f, §7BlocksMC1_14§f, §7BlocksMC1_15§f, §7BlocksMC1_16§f, §7MCAccessBukkitModern
§7§echecks§7: FastConsume§f, §7Gutenberg§f, §7HotFixFallingBlockPortalEnter
§7§edefaults§7: pvpKnockBackVelocity
§6§lHooks:
§7AllViolations~NCP~ 1.0§f, §7ViolationFrequency~NCP~ 1.0
25-05-29 11:20:12 [INFO] Removed hook: ViolationFrequency(NCP) [1.0].
25-05-29 11:20:12 [INFO] Removed hook: AllViolations(NCP) [1.0].
25-05-29 11:20:12 [FINE] | cancel.dead 0 | cancel.offline 0 | block.interact.look.current 0 | block.interact.look.flying.first 0 | block.interact.look.flying.other 0 | illegalitem 0 | boatsanywhere 0 | throwenderpearl 0 | fakeinvulnerable 0 | eggonentity 0 | event.player.move 314 (314/0) |
25-05-29 11:20:12 [INFO] [GenericInstanceRegistry] Registry cleared.
25-05-29 11:25:14 [INFO] Logger started.
25-05-29 11:25:14 [INFO] Logging system initialized.
25-05-29 11:25:14 [INFO] Detected Minecraft version: 1.16.5
25-05-29 11:25:19 [INFO] McAccess set to: 1.13-1.21|? / Bukkit-API
25-05-29 11:25:19 [INFO] Inventory checks: FastConsume is available, disabled InstantEat.
25-05-29 11:25:19 [INFO] Adding packet level hooks for ProtocolLib (MC 1.16.5)...
25-05-29 11:25:19 [INFO] Add listener for legacy PlayInFlying packet.
25-05-29 11:25:19 [INFO] Confirm teleport packet available (via name): TELEPORT_ACCEPT[class=PacketPlayInTeleportAccept, id=0]
25-05-29 11:25:19 [INFO] Available (and activated) packet level hooks: UseEntityAdapter | MovingFlying | OutgoingPosition | KeepAliveAdapter | SoundDistance | WrongTurnAdapter | NoSlow | Fight
25-05-29 11:25:19 [INFO] Force disable FastHeal, FastConsume, PacketFrequency and InstantBow on Minecraft 1.9 and later.
25-05-29 11:25:19 [INFO] Version 3.17.1-SNAPSHOT-Updated-b198 is enabled.
25-05-29 11:25:19 [INFO] [GenericInstanceRegistry] Registered (override) for itself: fr.neatmonster.nocheatplus.hooks.ExemptionSettings
25-05-29 11:25:19 [INFO] [GenericInstanceRegistry] Registered for itself: fr.neatmonster.nocheatplus.stats.Counters
25-05-29 11:25:19 [INFO] [GenericInstanceRegistry] Registered for itself: fr.neatmonster.nocheatplus.checks.workaround.WRPT
25-05-29 11:25:19 [INFO] [GenericInstanceRegistry] Registered for itself: fr.neatmonster.nocheatplus.checks.moving.location.tracking.LocationTrace$TraceEntryPool
25-05-29 11:25:19 [INFO] [GenericInstanceRegistry] Registered for itself: fr.neatmonster.nocheatplus.utilities.entity.PassengerUtil
25-05-29 11:25:19 [INFO] [GenericInstanceRegistry] Registered for fr.neatmonster.nocheatplus.compat.IBridgeCrossPlugin: fr.neatmonster.nocheatplus.compat.meta.BridgeCrossPlugin
25-05-29 11:25:19 [INFO] [GenericInstanceRegistry] Registered for fr.neatmonster.nocheatplus.compat.MCAccess: fr.neatmonster.nocheatplus.compat.bukkit.MCAccessBukkitModern
25-05-29 11:25:19 [INFO] [GenericInstanceRegistry] Registered for fr.neatmonster.nocheatplus.utilities.map.BlockCache: fr.neatmonster.nocheatplus.compat.bukkit.BlockCacheBukkitModern
25-05-29 11:25:19 [INFO] [GenericInstanceRegistry] Registered for fr.neatmonster.nocheatplus.components.modifier.IAttributeAccess: fr.neatmonster.nocheatplus.compat.bukkit.BukkitAttributeAccess
25-05-29 11:25:19 [INFO] [GenericInstanceRegistry] Registered for fr.neatmonster.nocheatplus.components.entity.IEntityAccessVehicle: fr.neatmonster.nocheatplus.compat.bukkit.EntityAccessVehicleMultiPassenger
25-05-29 11:25:19 [INFO] [GenericInstanceRegistry] Registered for itself: fr.neatmonster.nocheatplus.checks.moving.util.AuxMoving
25-05-29 11:25:19 [INFO] Added hook: AllViolations(NCP) [1.0].
25-05-29 11:25:19 [INFO] Added hook: ViolationFrequency(NCP) [1.0].
25-05-29 11:25:19 [INFO] Post-enable running...
25-05-29 11:25:19 [INFO] Post-enable finished.
25-05-29 11:25:19 [INFO] §c§l»Version information«§7
§6§lServer:§7
§7git-Patina-ver/1.16.5-"667fb1b" ~MC: 1.16.5~
§7§eDetected: §71.16.5
§6§lNoCheatPlus:§7
§7§ePlugin: §73.17.1-SNAPSHOT-Updated-b198
§7§eMCAccess: §71.13-1.21|? / Bukkit-API
§6§lFeatures:
§7§eblocks§7: BlocksMC1_4§f, §7BlocksMC1_5§f, §7BlocksMC1_6_1§f, §7BlocksMC1_7_2§f, §7BlocksMC1_8§f, §7BlocksMC1_9§f, §7BlocksMC1_10§f, §7BlocksMC1_11§f, §7BlocksMC1_12§f, §7BlocksMC1_13§f, §7BlocksMC1_14§f, §7BlocksMC1_15§f, §7BlocksMC1_16§f, §7MCAccessBukkitModern
§7§echecks§7: FastConsume§f, §7Gutenberg§f, §7HotFixFallingBlockPortalEnter§f, §7AttackFrequency§f, §7FlyingFrequency§f, §7KeepAliveFrequency
§7§edefaults§7: pvpKnockBackVelocity
§7§epacket-listeners§7: UseEntityAdapter§f, §7MovingFlying§f, §7OutgoingPosition§f, §7KeepAliveAdapter§f, §7SoundDistance§f, §7WrongTurnAdapter§f, §7NoSlow§f, §7Fight
§6§lHooks:
§7AllViolations~NCP~ 1.0§f, §7ViolationFrequency~NCP~ 1.0
§c§l»Related Plugins«§7
§7ProtocolLib v5.3.0
25-05-29 11:27:53 [INFO] Removed hook: ViolationFrequency(NCP) [1.0].
25-05-29 11:27:53 [INFO] Removed hook: AllViolations(NCP) [1.0].
25-05-29 11:27:53 [FINE] | cancel.dead 0 | cancel.offline 0 | block.interact.look.current 0 | block.interact.look.flying.first 0 | block.interact.look.flying.other 0 | illegalitem 0 | boatsanywhere 0 | throwenderpearl 0 | fakeinvulnerable 0 | eggonentity 0 | event.player.move 101 (101/0) | packet.nullplayer 0 | packet.inconsistent.isasync 0 | packet.flying 267 (0/267) | packet.flying.asynchronous 267 (0/267) | packet.outgoing_position.untracked 0 | packet.sound.cancel 0 |
25-05-29 11:27:53 [INFO] [GenericInstanceRegistry] Registry cleared.
25-05-29 11:39:23 [INFO] Logger started.
25-05-29 11:39:23 [INFO] Logging system initialized.
25-05-29 11:39:23 [INFO] Detected Minecraft version: 1.16.5
25-05-29 11:39:44 [INFO] McAccess set to: 1.13-1.21|? / Bukkit-API
25-05-29 11:39:44 [INFO] Inventory checks: FastConsume is available, disabled InstantEat.
25-05-29 11:39:44 [INFO] Packet level access: ProtocolLib is not available.
25-05-29 11:39:44 [INFO] Force disable FastHeal, FastConsume, PacketFrequency and InstantBow on Minecraft 1.9 and later.
25-05-29 11:39:44 [INFO] Version 3.17.1-SNAPSHOT-Updated-b198 is enabled.
25-05-29 11:39:46 [INFO] [GenericInstanceRegistry] Registered (override) for itself: fr.neatmonster.nocheatplus.hooks.ExemptionSettings
25-05-29 11:39:46 [INFO] [GenericInstanceRegistry] Registered for itself: fr.neatmonster.nocheatplus.stats.Counters
25-05-29 11:39:46 [INFO] [GenericInstanceRegistry] Registered for itself: fr.neatmonster.nocheatplus.checks.workaround.WRPT
25-05-29 11:39:46 [INFO] [GenericInstanceRegistry] Registered for itself: fr.neatmonster.nocheatplus.checks.moving.location.tracking.LocationTrace$TraceEntryPool
25-05-29 11:39:46 [INFO] [GenericInstanceRegistry] Registered for itself: fr.neatmonster.nocheatplus.utilities.entity.PassengerUtil
25-05-29 11:39:46 [INFO] [GenericInstanceRegistry] Registered for fr.neatmonster.nocheatplus.compat.IBridgeCrossPlugin: fr.neatmonster.nocheatplus.compat.meta.BridgeCrossPlugin
25-05-29 11:39:46 [INFO] [GenericInstanceRegistry] Registered for fr.neatmonster.nocheatplus.compat.MCAccess: fr.neatmonster.nocheatplus.compat.bukkit.MCAccessBukkitModern
25-05-29 11:39:46 [INFO] [GenericInstanceRegistry] Registered for fr.neatmonster.nocheatplus.utilities.map.BlockCache: fr.neatmonster.nocheatplus.compat.bukkit.BlockCacheBukkitModern
25-05-29 11:39:46 [INFO] [GenericInstanceRegistry] Registered for fr.neatmonster.nocheatplus.components.modifier.IAttributeAccess: fr.neatmonster.nocheatplus.compat.bukkit.BukkitAttributeAccess
25-05-29 11:39:46 [INFO] [GenericInstanceRegistry] Registered for fr.neatmonster.nocheatplus.components.entity.IEntityAccessVehicle: fr.neatmonster.nocheatplus.compat.bukkit.EntityAccessVehicleMultiPassenger
25-05-29 11:39:46 [INFO] [GenericInstanceRegistry] Registered for itself: fr.neatmonster.nocheatplus.checks.moving.util.AuxMoving
25-05-29 11:39:46 [INFO] Added hook: AllViolations(NCP) [1.0].
25-05-29 11:39:46 [INFO] Added hook: ViolationFrequency(NCP) [1.0].
25-05-29 11:39:46 [INFO] Post-enable running...
25-05-29 11:39:46 [INFO] Post-enable finished.
25-05-29 11:39:46 [INFO] §c§l»Version information«§7
§6§lServer:§7
§7git-Patina-ver/1.16.5-"667fb1b" ~MC: 1.16.5~
§7§eDetected: §71.16.5
§6§lNoCheatPlus:§7
§7§ePlugin: §73.17.1-SNAPSHOT-Updated-b198
§7§eMCAccess: §71.13-1.21|? / Bukkit-API
§6§lFeatures:
§7§eblocks§7: BlocksMC1_4§f, §7BlocksMC1_5§f, §7BlocksMC1_6_1§f, §7BlocksMC1_7_2§f, §7BlocksMC1_8§f, §7BlocksMC1_9§f, §7BlocksMC1_10§f, §7BlocksMC1_11§f, §7BlocksMC1_12§f, §7BlocksMC1_13§f, §7BlocksMC1_14§f, §7BlocksMC1_15§f, §7BlocksMC1_16§f, §7MCAccessBukkitModern
§7§echecks§7: FastConsume§f, §7Gutenberg§f, §7HotFixFallingBlockPortalEnter
§7§edefaults§7: pvpKnockBackVelocity
§6§lHooks:
§7AllViolations~NCP~ 1.0§f, §7ViolationFrequency~NCP~ 1.0
25-05-29 11:53:04 [INFO] Removed hook: ViolationFrequency(NCP) [1.0].
25-05-29 11:53:04 [INFO] Removed hook: AllViolations(NCP) [1.0].
25-05-29 11:53:04 [FINE] | cancel.dead 0 | cancel.offline 0 | block.interact.look.current 0 | block.interact.look.flying.first 0 | block.interact.look.flying.other 0 | illegalitem 0 | boatsanywhere 0 | throwenderpearl 0 | fakeinvulnerable 0 | eggonentity 0 | event.player.move 9318 (9318/0) |
25-05-29 11:53:04 [INFO] [GenericInstanceRegistry] Registry cleared.
25-05-29 11:53:06 [INFO] Logger started.
25-05-29 11:53:06 [INFO] Logging system initialized.
25-05-29 11:53:06 [INFO] Detected Minecraft version: 1.16.5
25-05-29 11:53:07 [INFO] McAccess set to: 1.13-1.21|? / Bukkit-API
25-05-29 11:53:07 [INFO] Inventory checks: FastConsume is available, disabled InstantEat.
25-05-29 11:53:07 [INFO] Packet level access: ProtocolLib is not available.
25-05-29 11:53:07 [INFO] Force disable FastHeal, FastConsume, PacketFrequency and InstantBow on Minecraft 1.9 and later.
25-05-29 11:53:07 [INFO] Version 3.17.1-SNAPSHOT-Updated-b198 is enabled.
25-05-29 11:53:09 [INFO] [GenericInstanceRegistry] Registered (override) for itself: fr.neatmonster.nocheatplus.hooks.ExemptionSettings
25-05-29 11:53:09 [INFO] [GenericInstanceRegistry] Registered for itself: fr.neatmonster.nocheatplus.stats.Counters
25-05-29 11:53:09 [INFO] [GenericInstanceRegistry] Registered for itself: fr.neatmonster.nocheatplus.checks.workaround.WRPT
25-05-29 11:53:09 [INFO] [GenericInstanceRegistry] Registered for itself: fr.neatmonster.nocheatplus.checks.moving.location.tracking.LocationTrace$TraceEntryPool
25-05-29 11:53:09 [INFO] [GenericInstanceRegistry] Registered for itself: fr.neatmonster.nocheatplus.utilities.entity.PassengerUtil
25-05-29 11:53:09 [INFO] [GenericInstanceRegistry] Registered for fr.neatmonster.nocheatplus.compat.IBridgeCrossPlugin: fr.neatmonster.nocheatplus.compat.meta.BridgeCrossPlugin
25-05-29 11:53:09 [INFO] [GenericInstanceRegistry] Registered for fr.neatmonster.nocheatplus.compat.MCAccess: fr.neatmonster.nocheatplus.compat.bukkit.MCAccessBukkitModern
25-05-29 11:53:09 [INFO] [GenericInstanceRegistry] Registered for fr.neatmonster.nocheatplus.utilities.map.BlockCache: fr.neatmonster.nocheatplus.compat.bukkit.BlockCacheBukkitModern
25-05-29 11:53:09 [INFO] [GenericInstanceRegistry] Registered for fr.neatmonster.nocheatplus.components.modifier.IAttributeAccess: fr.neatmonster.nocheatplus.compat.bukkit.BukkitAttributeAccess
25-05-29 11:53:09 [INFO] [GenericInstanceRegistry] Registered for fr.neatmonster.nocheatplus.components.entity.IEntityAccessVehicle: fr.neatmonster.nocheatplus.compat.bukkit.EntityAccessVehicleMultiPassenger
25-05-29 11:53:09 [INFO] [GenericInstanceRegistry] Registered for itself: fr.neatmonster.nocheatplus.checks.moving.util.AuxMoving
25-05-29 11:53:09 [INFO] Added hook: AllViolations(NCP) [1.0].
25-05-29 11:53:09 [INFO] Added hook: ViolationFrequency(NCP) [1.0].
25-05-29 11:53:09 [INFO] Post-enable running...
25-05-29 11:53:09 [INFO] Updated data for 2 players (post-enable).
25-05-29 11:53:09 [INFO] Post-enable finished.
25-05-29 11:53:09 [INFO] §c§l»Version information«§7
§6§lServer:§7
§7git-Patina-ver/1.16.5-"667fb1b" ~MC: 1.16.5~
§7§eDetected: §71.16.5
§6§lNoCheatPlus:§7
§7§ePlugin: §73.17.1-SNAPSHOT-Updated-b198
§7§eMCAccess: §71.13-1.21|? / Bukkit-API
§6§lFeatures:
§7§eblocks§7: BlocksMC1_4§f, §7BlocksMC1_5§f, §7BlocksMC1_6_1§f, §7BlocksMC1_7_2§f, §7BlocksMC1_8§f, §7BlocksMC1_9§f, §7BlocksMC1_10§f, §7BlocksMC1_11§f, §7BlocksMC1_12§f, §7BlocksMC1_13§f, §7BlocksMC1_14§f, §7BlocksMC1_15§f, §7BlocksMC1_16§f, §7MCAccessBukkitModern
§7§echecks§7: FastConsume§f, §7Gutenberg§f, §7HotFixFallingBlockPortalEnter
§7§edefaults§7: pvpKnockBackVelocity
§6§lHooks:
§7AllViolations~NCP~ 1.0§f, §7ViolationFrequency~NCP~ 1.0
25-05-29 11:53:26 [INFO] Removed hook: ViolationFrequency(NCP) [1.0].
25-05-29 11:53:26 [INFO] Removed hook: AllViolations(NCP) [1.0].
25-05-29 11:53:26 [FINE] | cancel.dead 0 | cancel.offline 0 | block.interact.look.current 0 | block.interact.look.flying.first 0 | block.interact.look.flying.other 0 | illegalitem 0 | boatsanywhere 0 | throwenderpearl 0 | fakeinvulnerable 0 | eggonentity 0 | event.player.move 268 (268/0) |
25-05-29 11:53:26 [INFO] [GenericInstanceRegistry] Registry cleared.
25-05-29 12:53:30 [INFO] Logger started.
25-05-29 12:53:30 [INFO] Logging system initialized.
25-05-29 12:53:30 [INFO] Detected Minecraft version: 1.16.5
25-05-29 12:53:33 [INFO] McAccess set to: 1.13-1.21|? / Bukkit-API
25-05-29 12:53:33 [INFO] Inventory checks: FastConsume is available, disabled InstantEat.
25-05-29 12:53:33 [INFO] Packet level access: ProtocolLib is not available.
25-05-29 12:53:33 [INFO] Force disable FastHeal, FastConsume, PacketFrequency and InstantBow on Minecraft 1.9 and later.
25-05-29 12:53:33 [INFO] Version 3.17.1-SNAPSHOT-Updated-b198 is enabled.
25-05-29 12:53:36 [INFO] [GenericInstanceRegistry] Registered (override) for itself: fr.neatmonster.nocheatplus.hooks.ExemptionSettings
25-05-29 12:53:36 [INFO] [GenericInstanceRegistry] Registered for itself: fr.neatmonster.nocheatplus.stats.Counters
25-05-29 12:53:36 [INFO] [GenericInstanceRegistry] Registered for itself: fr.neatmonster.nocheatplus.checks.workaround.WRPT
25-05-29 12:53:36 [INFO] [GenericInstanceRegistry] Registered for itself: fr.neatmonster.nocheatplus.checks.moving.location.tracking.LocationTrace$TraceEntryPool
25-05-29 12:53:36 [INFO] [GenericInstanceRegistry] Registered for itself: fr.neatmonster.nocheatplus.utilities.entity.PassengerUtil
25-05-29 12:53:36 [INFO] [GenericInstanceRegistry] Registered for fr.neatmonster.nocheatplus.compat.IBridgeCrossPlugin: fr.neatmonster.nocheatplus.compat.meta.BridgeCrossPlugin
25-05-29 12:53:36 [INFO] [GenericInstanceRegistry] Registered for fr.neatmonster.nocheatplus.compat.MCAccess: fr.neatmonster.nocheatplus.compat.bukkit.MCAccessBukkitModern
25-05-29 12:53:36 [INFO] [GenericInstanceRegistry] Registered for fr.neatmonster.nocheatplus.utilities.map.BlockCache: fr.neatmonster.nocheatplus.compat.bukkit.BlockCacheBukkitModern
25-05-29 12:53:36 [INFO] [GenericInstanceRegistry] Registered for fr.neatmonster.nocheatplus.components.modifier.IAttributeAccess: fr.neatmonster.nocheatplus.compat.bukkit.BukkitAttributeAccess
25-05-29 12:53:36 [INFO] [GenericInstanceRegistry] Registered for fr.neatmonster.nocheatplus.components.entity.IEntityAccessVehicle: fr.neatmonster.nocheatplus.compat.bukkit.EntityAccessVehicleMultiPassenger
25-05-29 12:53:36 [INFO] [GenericInstanceRegistry] Registered for itself: fr.neatmonster.nocheatplus.checks.moving.util.AuxMoving
25-05-29 12:53:36 [INFO] Added hook: AllViolations(NCP) [1.0].
25-05-29 12:53:36 [INFO] Added hook: ViolationFrequency(NCP) [1.0].
25-05-29 12:53:36 [INFO] Post-enable running...
25-05-29 12:53:36 [INFO] Post-enable finished.
25-05-29 12:53:36 [INFO] §c§l»Version information«§7
§6§lServer:§7
§7git-Patina-ver/1.16.5-"667fb1b" ~MC: 1.16.5~
§7§eDetected: §71.16.5
§6§lNoCheatPlus:§7
§7§ePlugin: §73.17.1-SNAPSHOT-Updated-b198
§7§eMCAccess: §71.13-1.21|? / Bukkit-API
§6§lFeatures:
§7§eblocks§7: BlocksMC1_4§f, §7BlocksMC1_5§f, §7BlocksMC1_6_1§f, §7BlocksMC1_7_2§f, §7BlocksMC1_8§f, §7BlocksMC1_9§f, §7BlocksMC1_10§f, §7BlocksMC1_11§f, §7BlocksMC1_12§f, §7BlocksMC1_13§f, §7BlocksMC1_14§f, §7BlocksMC1_15§f, §7BlocksMC1_16§f, §7MCAccessBukkitModern
§7§echecks§7: FastConsume§f, §7Gutenberg§f, §7HotFixFallingBlockPortalEnter
§7§edefaults§7: pvpKnockBackVelocity
§6§lHooks:
§7AllViolations~NCP~ 1.0§f, §7ViolationFrequency~NCP~ 1.0
25-05-29 13:01:02 [INFO] Removed hook: ViolationFrequency(NCP) [1.0].
25-05-29 13:01:02 [INFO] Removed hook: AllViolations(NCP) [1.0].
25-05-29 13:01:02 [FINE] | cancel.dead 0 | cancel.offline 0 | block.interact.look.current 0 | block.interact.look.flying.first 0 | block.interact.look.flying.other 0 | illegalitem 0 | boatsanywhere 0 | throwenderpearl 0 | fakeinvulnerable 0 | eggonentity 0 | event.player.move 4995 (4995/0) |
25-05-29 13:01:02 [INFO] [GenericInstanceRegistry] Registry cleared.
25-05-30 16:49:30 [INFO] Logger started.
25-05-30 16:49:30 [INFO] Logging system initialized.
25-05-30 16:49:30 [INFO] Detected Minecraft version: 1.16.5
25-05-30 16:49:38 [INFO] McAccess set to: 1.13-1.21|? / Bukkit-API
25-05-30 16:49:39 [INFO] Inventory checks: FastConsume is available, disabled InstantEat.
25-05-30 16:49:39 [INFO] Packet level access: ProtocolLib is not available.
25-05-30 16:49:39 [INFO] Force disable FastHeal, FastConsume, PacketFrequency and InstantBow on Minecraft 1.9 and later.
25-05-30 16:49:39 [INFO] Version 3.17.1-SNAPSHOT-Updated-b198 is enabled.
25-05-30 16:49:45 [INFO] [GenericInstanceRegistry] Registered (override) for itself: fr.neatmonster.nocheatplus.hooks.ExemptionSettings
25-05-30 16:49:45 [INFO] [GenericInstanceRegistry] Registered for itself: fr.neatmonster.nocheatplus.stats.Counters
25-05-30 16:49:45 [INFO] Post-enable running...
25-05-30 16:49:45 [INFO] [GenericInstanceRegistry] Registered for itself: fr.neatmonster.nocheatplus.checks.workaround.WRPT
25-05-30 16:49:45 [INFO] [GenericInstanceRegistry] Registered for itself: fr.neatmonster.nocheatplus.checks.moving.location.tracking.LocationTrace$TraceEntryPool
25-05-30 16:49:45 [INFO] [GenericInstanceRegistry] Registered for itself: fr.neatmonster.nocheatplus.utilities.entity.PassengerUtil
25-05-30 16:49:45 [INFO] [GenericInstanceRegistry] Registered for fr.neatmonster.nocheatplus.compat.IBridgeCrossPlugin: fr.neatmonster.nocheatplus.compat.meta.BridgeCrossPlugin
25-05-30 16:49:45 [INFO] [GenericInstanceRegistry] Registered for fr.neatmonster.nocheatplus.compat.MCAccess: fr.neatmonster.nocheatplus.compat.bukkit.MCAccessBukkitModern
25-05-30 16:49:45 [INFO] [GenericInstanceRegistry] Registered for fr.neatmonster.nocheatplus.utilities.map.BlockCache: fr.neatmonster.nocheatplus.compat.bukkit.BlockCacheBukkitModern
25-05-30 16:49:45 [INFO] [GenericInstanceRegistry] Registered for fr.neatmonster.nocheatplus.components.modifier.IAttributeAccess: fr.neatmonster.nocheatplus.compat.bukkit.BukkitAttributeAccess
25-05-30 16:49:45 [INFO] [GenericInstanceRegistry] Registered for fr.neatmonster.nocheatplus.components.entity.IEntityAccessVehicle: fr.neatmonster.nocheatplus.compat.bukkit.EntityAccessVehicleMultiPassenger
25-05-30 16:49:45 [INFO] [GenericInstanceRegistry] Registered for itself: fr.neatmonster.nocheatplus.checks.moving.util.AuxMoving
25-05-30 16:49:45 [INFO] Added hook: AllViolations(NCP) [1.0].
25-05-30 16:49:45 [INFO] Added hook: ViolationFrequency(NCP) [1.0].
25-05-30 16:49:45 [INFO] Post-enable finished.
25-05-30 16:49:45 [INFO] §c§l»Version information«§7
§6§lServer:§7
§7git-Patina-ver/1.16.5-"667fb1b" ~MC: 1.16.5~
§7§eDetected: §71.16.5
§6§lNoCheatPlus:§7
§7§ePlugin: §73.17.1-SNAPSHOT-Updated-b198
§7§eMCAccess: §71.13-1.21|? / Bukkit-API
§6§lFeatures:
§7§eblocks§7: BlocksMC1_4§f, §7BlocksMC1_5§f, §7BlocksMC1_6_1§f, §7BlocksMC1_7_2§f, §7BlocksMC1_8§f, §7BlocksMC1_9§f, §7BlocksMC1_10§f, §7BlocksMC1_11§f, §7BlocksMC1_12§f, §7BlocksMC1_13§f, §7BlocksMC1_14§f, §7BlocksMC1_15§f, §7BlocksMC1_16§f, §7MCAccessBukkitModern
§7§echecks§7: FastConsume§f, §7Gutenberg§f, §7HotFixFallingBlockPortalEnter
§7§edefaults§7: pvpKnockBackVelocity
§6§lHooks:
§7AllViolations~NCP~ 1.0§f, §7ViolationFrequency~NCP~ 1.0
25-05-30 17:35:59 [INFO] (CONSOLE) Kicked KvaytG2 : §c§l(!)§7 Stop spamming.
25-05-30 17:36:06 [INFO] (CONSOLE) Kicked KvaytG2 : §c§l(!)§7 Stop spamming.
25-05-30 17:38:20 [INFO] Removed hook: ViolationFrequency(NCP) [1.0].
25-05-30 17:38:20 [INFO] Removed hook: AllViolations(NCP) [1.0].
25-05-30 17:38:20 [FINE] | cancel.dead 0 | cancel.offline 0 | block.interact.look.current 20 (20/0) | block.interact.look.flying.first 0 | block.interact.look.flying.other 0 | illegalitem 0 | boatsanywhere 0 | throwenderpearl 0 | fakeinvulnerable 0 | eggonentity 0 | event.player.move 42121 (42121/0) |
25-05-30 17:38:20 [INFO] [GenericInstanceRegistry] Registry cleared.
25-05-31 21:08:21 [INFO] Logger started.
25-05-31 21:08:21 [INFO] Logging system initialized.
25-05-31 21:08:21 [INFO] Detected Minecraft version: 1.16.5
25-05-31 21:08:25 [INFO] McAccess set to: 1.13-1.21|? / Bukkit-API
25-05-31 21:08:26 [INFO] Inventory checks: FastConsume is available, disabled InstantEat.
25-05-31 21:08:26 [INFO] Packet level access: ProtocolLib is not available.
25-05-31 21:08:26 [INFO] Force disable FastHeal, FastConsume, PacketFrequency and InstantBow on Minecraft 1.9 and later.
25-05-31 21:08:26 [INFO] Version 3.17.1-SNAPSHOT-Updated-b198 is enabled.
25-05-31 21:08:31 [INFO] [GenericInstanceRegistry] Registered (override) for itself: fr.neatmonster.nocheatplus.hooks.ExemptionSettings
25-05-31 21:08:31 [INFO] [GenericInstanceRegistry] Registered for itself: fr.neatmonster.nocheatplus.stats.Counters
25-05-31 21:08:31 [INFO] [GenericInstanceRegistry] Registered for itself: fr.neatmonster.nocheatplus.checks.workaround.WRPT
25-05-31 21:08:31 [INFO] [GenericInstanceRegistry] Registered for itself: fr.neatmonster.nocheatplus.checks.moving.location.tracking.LocationTrace$TraceEntryPool
25-05-31 21:08:31 [INFO] [GenericInstanceRegistry] Registered for itself: fr.neatmonster.nocheatplus.utilities.entity.PassengerUtil
25-05-31 21:08:31 [INFO] [GenericInstanceRegistry] Registered for fr.neatmonster.nocheatplus.compat.IBridgeCrossPlugin: fr.neatmonster.nocheatplus.compat.meta.BridgeCrossPlugin
25-05-31 21:08:31 [INFO] [GenericInstanceRegistry] Registered for fr.neatmonster.nocheatplus.compat.MCAccess: fr.neatmonster.nocheatplus.compat.bukkit.MCAccessBukkitModern
25-05-31 21:08:31 [INFO] [GenericInstanceRegistry] Registered for fr.neatmonster.nocheatplus.utilities.map.BlockCache: fr.neatmonster.nocheatplus.compat.bukkit.BlockCacheBukkitModern
25-05-31 21:08:31 [INFO] [GenericInstanceRegistry] Registered for fr.neatmonster.nocheatplus.components.modifier.IAttributeAccess: fr.neatmonster.nocheatplus.compat.bukkit.BukkitAttributeAccess
25-05-31 21:08:31 [INFO] [GenericInstanceRegistry] Registered for fr.neatmonster.nocheatplus.components.entity.IEntityAccessVehicle: fr.neatmonster.nocheatplus.compat.bukkit.EntityAccessVehicleMultiPassenger
25-05-31 21:08:31 [INFO] [GenericInstanceRegistry] Registered for itself: fr.neatmonster.nocheatplus.checks.moving.util.AuxMoving
25-05-31 21:08:31 [INFO] Added hook: AllViolations(NCP) [1.0].
25-05-31 21:08:31 [INFO] Added hook: ViolationFrequency(NCP) [1.0].
25-05-31 21:08:31 [INFO] Post-enable running...
25-05-31 21:08:31 [INFO] Post-enable finished.
25-05-31 21:08:31 [INFO] §c§l»Version information«§7
§6§lServer:§7
§7git-Patina-ver/1.16.5-"667fb1b" ~MC: 1.16.5~
§7§eDetected: §71.16.5
§6§lNoCheatPlus:§7
§7§ePlugin: §73.17.1-SNAPSHOT-Updated-b198
§7§eMCAccess: §71.13-1.21|? / Bukkit-API
§6§lFeatures:
§7§eblocks§7: BlocksMC1_4§f, §7BlocksMC1_5§f, §7BlocksMC1_6_1§f, §7BlocksMC1_7_2§f, §7BlocksMC1_8§f, §7BlocksMC1_9§f, §7BlocksMC1_10§f, §7BlocksMC1_11§f, §7BlocksMC1_12§f, §7BlocksMC1_13§f, §7BlocksMC1_14§f, §7BlocksMC1_15§f, §7BlocksMC1_16§f, §7MCAccessBukkitModern
§7§echecks§7: FastConsume§f, §7Gutenberg§f, §7HotFixFallingBlockPortalEnter
§7§edefaults§7: pvpKnockBackVelocity
§6§lHooks:
§7AllViolations~NCP~ 1.0§f, §7ViolationFrequency~NCP~ 1.0
25-05-31 21:18:13 [INFO] Removed hook: ViolationFrequency(NCP) [1.0].
25-05-31 21:18:13 [INFO] Removed hook: AllViolations(NCP) [1.0].
25-05-31 21:18:13 [FINE] | cancel.dead 0 | cancel.offline 0 | block.interact.look.current 0 | block.interact.look.flying.first 0 | block.interact.look.flying.other 0 | illegalitem 0 | boatsanywhere 0 | throwenderpearl 0 | fakeinvulnerable 0 | eggonentity 0 | event.player.move 5501 (5501/0) |
25-05-31 21:18:13 [INFO] [GenericInstanceRegistry] Registry cleared.
25-06-01 09:49:37 [INFO] Logger started.
25-06-01 09:49:37 [INFO] Logging system initialized.
25-06-01 09:49:37 [INFO] Detected Minecraft version: 1.16.5
25-06-01 09:49:42 [INFO] McAccess set to: 1.13-1.21|? / Bukkit-API
25-06-01 09:49:42 [INFO] Inventory checks: FastConsume is available, disabled InstantEat.
25-06-01 09:49:42 [INFO] Packet level access: ProtocolLib is not available.
25-06-01 09:49:42 [INFO] Force disable FastHeal, FastConsume, PacketFrequency and InstantBow on Minecraft 1.9 and later.
25-06-01 09:49:42 [INFO] Version 3.17.1-SNAPSHOT-Updated-b198 is enabled.
25-06-01 09:49:46 [INFO] [GenericInstanceRegistry] Registered (override) for itself: fr.neatmonster.nocheatplus.hooks.ExemptionSettings
25-06-01 09:49:46 [INFO] [GenericInstanceRegistry] Registered for itself: fr.neatmonster.nocheatplus.stats.Counters
25-06-01 09:49:46 [INFO] [GenericInstanceRegistry] Registered for itself: fr.neatmonster.nocheatplus.checks.workaround.WRPT
25-06-01 09:49:46 [INFO] [GenericInstanceRegistry] Registered for itself: fr.neatmonster.nocheatplus.checks.moving.location.tracking.LocationTrace$TraceEntryPool
25-06-01 09:49:46 [INFO] [GenericInstanceRegistry] Registered for itself: fr.neatmonster.nocheatplus.utilities.entity.PassengerUtil
25-06-01 09:49:46 [INFO] [GenericInstanceRegistry] Registered for fr.neatmonster.nocheatplus.compat.IBridgeCrossPlugin: fr.neatmonster.nocheatplus.compat.meta.BridgeCrossPlugin
25-06-01 09:49:46 [INFO] [GenericInstanceRegistry] Registered for fr.neatmonster.nocheatplus.compat.MCAccess: fr.neatmonster.nocheatplus.compat.bukkit.MCAccessBukkitModern
25-06-01 09:49:46 [INFO] [GenericInstanceRegistry] Registered for fr.neatmonster.nocheatplus.utilities.map.BlockCache: fr.neatmonster.nocheatplus.compat.bukkit.BlockCacheBukkitModern
25-06-01 09:49:46 [INFO] [GenericInstanceRegistry] Registered for fr.neatmonster.nocheatplus.components.modifier.IAttributeAccess: fr.neatmonster.nocheatplus.compat.bukkit.BukkitAttributeAccess
25-06-01 09:49:46 [INFO] [GenericInstanceRegistry] Registered for fr.neatmonster.nocheatplus.components.entity.IEntityAccessVehicle: fr.neatmonster.nocheatplus.compat.bukkit.EntityAccessVehicleMultiPassenger
25-06-01 09:49:46 [INFO] [GenericInstanceRegistry] Registered for itself: fr.neatmonster.nocheatplus.checks.moving.util.AuxMoving
25-06-01 09:49:46 [INFO] Added hook: AllViolations(NCP) [1.0].
25-06-01 09:49:46 [INFO] Added hook: ViolationFrequency(NCP) [1.0].
25-06-01 09:49:46 [INFO] Post-enable running...
25-06-01 09:49:46 [INFO] Post-enable finished.
25-06-01 09:49:46 [INFO] §c§l»Version information«§7
§6§lServer:§7
§7git-Patina-ver/1.16.5-"667fb1b" ~MC: 1.16.5~
§7§eDetected: §71.16.5
§6§lNoCheatPlus:§7
§7§ePlugin: §73.17.1-SNAPSHOT-Updated-b198
§7§eMCAccess: §71.13-1.21|? / Bukkit-API
§6§lFeatures:
§7§eblocks§7: BlocksMC1_4§f, §7BlocksMC1_5§f, §7BlocksMC1_6_1§f, §7BlocksMC1_7_2§f, §7BlocksMC1_8§f, §7BlocksMC1_9§f, §7BlocksMC1_10§f, §7BlocksMC1_11§f, §7BlocksMC1_12§f, §7BlocksMC1_13§f, §7BlocksMC1_14§f, §7BlocksMC1_15§f, §7BlocksMC1_16§f, §7MCAccessBukkitModern
§7§echecks§7: FastConsume§f, §7Gutenberg§f, §7HotFixFallingBlockPortalEnter
§7§edefaults§7: pvpKnockBackVelocity
§6§lHooks:
§7AllViolations~NCP~ 1.0§f, §7ViolationFrequency~NCP~ 1.0
25-06-01 10:04:33 [INFO] Removed hook: ViolationFrequency(NCP) [1.0].
25-06-01 10:04:33 [INFO] Removed hook: AllViolations(NCP) [1.0].
25-06-01 10:04:33 [FINE] | cancel.dead 0 | cancel.offline 0 | block.interact.look.current 0 | block.interact.look.flying.first 0 | block.interact.look.flying.other 0 | illegalitem 0 | boatsanywhere 0 | throwenderpearl 0 | fakeinvulnerable 0 | eggonentity 0 | event.player.move 5190 (5190/0) |
25-06-01 10:04:33 [INFO] [GenericInstanceRegistry] Registry cleared.
25-06-09 19:25:18 [INFO] Logger started.
25-06-09 19:25:18 [INFO] Logging system initialized.
25-06-09 19:25:18 [INFO] Detected Minecraft version: 1.16.5
25-06-09 19:25:28 [INFO] McAccess set to: 1.13-1.21|? / Bukkit-API
25-06-09 19:25:28 [INFO] Inventory checks: FastConsume is available, disabled InstantEat.
25-06-09 19:25:28 [INFO] Packet level access: ProtocolLib is not available.
25-06-09 19:25:28 [INFO] Force disable FastHeal, FastConsume, PacketFrequency and InstantBow on Minecraft 1.9 and later.
25-06-09 19:25:28 [INFO] Version 3.17.1-SNAPSHOT-Updated-b198 is enabled.
25-06-09 19:25:33 [INFO] [GenericInstanceRegistry] Registered (override) for itself: fr.neatmonster.nocheatplus.hooks.ExemptionSettings
25-06-09 19:25:33 [INFO] [GenericInstanceRegistry] Registered for itself: fr.neatmonster.nocheatplus.stats.Counters
25-06-09 19:25:33 [INFO] [GenericInstanceRegistry] Registered for itself: fr.neatmonster.nocheatplus.checks.workaround.WRPT
25-06-09 19:25:33 [INFO] [GenericInstanceRegistry] Registered for itself: fr.neatmonster.nocheatplus.checks.moving.location.tracking.LocationTrace$TraceEntryPool
25-06-09 19:25:33 [INFO] [GenericInstanceRegistry] Registered for itself: fr.neatmonster.nocheatplus.utilities.entity.PassengerUtil
25-06-09 19:25:33 [INFO] [GenericInstanceRegistry] Registered for fr.neatmonster.nocheatplus.compat.IBridgeCrossPlugin: fr.neatmonster.nocheatplus.compat.meta.BridgeCrossPlugin
25-06-09 19:25:33 [INFO] [GenericInstanceRegistry] Registered for fr.neatmonster.nocheatplus.compat.MCAccess: fr.neatmonster.nocheatplus.compat.bukkit.MCAccessBukkitModern
25-06-09 19:25:33 [INFO] [GenericInstanceRegistry] Registered for fr.neatmonster.nocheatplus.utilities.map.BlockCache: fr.neatmonster.nocheatplus.compat.bukkit.BlockCacheBukkitModern
25-06-09 19:25:33 [INFO] [GenericInstanceRegistry] Registered for fr.neatmonster.nocheatplus.components.modifier.IAttributeAccess: fr.neatmonster.nocheatplus.compat.bukkit.BukkitAttributeAccess
25-06-09 19:25:33 [INFO] [GenericInstanceRegistry] Registered for fr.neatmonster.nocheatplus.components.entity.IEntityAccessVehicle: fr.neatmonster.nocheatplus.compat.bukkit.EntityAccessVehicleMultiPassenger
25-06-09 19:25:33 [INFO] [GenericInstanceRegistry] Registered for itself: fr.neatmonster.nocheatplus.checks.moving.util.AuxMoving
25-06-09 19:25:33 [INFO] Added hook: AllViolations(NCP) [1.0].
25-06-09 19:25:33 [INFO] Added hook: ViolationFrequency(NCP) [1.0].
25-06-09 19:25:33 [INFO] Post-enable running...
25-06-09 19:25:33 [INFO] Post-enable finished.
25-06-09 19:25:33 [INFO] §c§l»Version information«§7
§6§lServer:§7
§7git-Patina-ver/1.16.5-"667fb1b" ~MC: 1.16.5~
§7§eDetected: §71.16.5
§6§lNoCheatPlus:§7
§7§ePlugin: §73.17.1-SNAPSHOT-Updated-b198
§7§eMCAccess: §71.13-1.21|? / Bukkit-API
§6§lFeatures:
§7§eblocks§7: BlocksMC1_4§f, §7BlocksMC1_5§f, §7BlocksMC1_6_1§f, §7BlocksMC1_7_2§f, §7BlocksMC1_8§f, §7BlocksMC1_9§f, §7BlocksMC1_10§f, §7BlocksMC1_11§f, §7BlocksMC1_12§f, §7BlocksMC1_13§f, §7BlocksMC1_14§f, §7BlocksMC1_15§f, §7BlocksMC1_16§f, §7MCAccessBukkitModern
§7§echecks§7: FastConsume§f, §7Gutenberg§f, §7HotFixFallingBlockPortalEnter
§7§edefaults§7: pvpKnockBackVelocity
§6§lHooks:
§7AllViolations~NCP~ 1.0§f, §7ViolationFrequency~NCP~ 1.0
25-06-09 20:05:56 [INFO] (CONSOLE) Kicked KvaytG2 : §c§l(!)§7 Stop spamming.
25-06-09 20:08:26 [INFO] KvaytG2 failed Relog: tried to relog too fast (VL1)
25-06-09 20:16:45 [INFO] Removed hook: ViolationFrequency(NCP) [1.0].
25-06-09 20:16:45 [INFO] Removed hook: AllViolations(NCP) [1.0].
25-06-09 20:16:45 [FINE] | cancel.dead 0 | cancel.offline 0 | block.interact.look.current 4 (4/0) | block.interact.look.flying.first 0 | block.interact.look.flying.other 0 | illegalitem 0 | boatsanywhere 0 | throwenderpearl 0 | fakeinvulnerable 0 | eggonentity 0 | event.player.move 32459 (32459/0) |
25-06-09 20:16:45 [INFO] [GenericInstanceRegistry] Registry cleared.
25-07-02 19:25:22 [INFO] Logger started.
25-07-02 19:25:22 [INFO] Logging system initialized.
25-07-02 19:25:22 [INFO] Detected Minecraft version: 1.16.5
25-07-02 19:25:30 [INFO] McAccess set to: 1.13-1.21|? / Bukkit-API
25-07-02 19:25:30 [INFO] Inventory checks: FastConsume is available, disabled InstantEat.
25-07-02 19:25:30 [INFO] Packet level access: ProtocolLib is not available.
25-07-02 19:25:30 [INFO] Force disable FastHeal, FastConsume, PacketFrequency and InstantBow on Minecraft 1.9 and later.
25-07-02 19:25:30 [INFO] Version 3.17.1-SNAPSHOT-Updated-b198 is enabled.
25-07-02 19:25:36 [INFO] [GenericInstanceRegistry] Registered (override) for itself: fr.neatmonster.nocheatplus.hooks.ExemptionSettings
25-07-02 19:25:36 [INFO] [GenericInstanceRegistry] Registered for itself: fr.neatmonster.nocheatplus.stats.Counters
25-07-02 19:25:36 [INFO] [GenericInstanceRegistry] Registered for itself: fr.neatmonster.nocheatplus.checks.workaround.WRPT
25-07-02 19:25:36 [INFO] [GenericInstanceRegistry] Registered for itself: fr.neatmonster.nocheatplus.checks.moving.location.tracking.LocationTrace$TraceEntryPool
25-07-02 19:25:36 [INFO] [GenericInstanceRegistry] Registered for itself: fr.neatmonster.nocheatplus.utilities.entity.PassengerUtil
25-07-02 19:25:36 [INFO] [GenericInstanceRegistry] Registered for fr.neatmonster.nocheatplus.compat.IBridgeCrossPlugin: fr.neatmonster.nocheatplus.compat.meta.BridgeCrossPlugin
25-07-02 19:25:36 [INFO] [GenericInstanceRegistry] Registered for fr.neatmonster.nocheatplus.compat.MCAccess: fr.neatmonster.nocheatplus.compat.bukkit.MCAccessBukkitModern
25-07-02 19:25:36 [INFO] [GenericInstanceRegistry] Registered for fr.neatmonster.nocheatplus.utilities.map.BlockCache: fr.neatmonster.nocheatplus.compat.bukkit.BlockCacheBukkitModern
25-07-02 19:25:36 [INFO] [GenericInstanceRegistry] Registered for fr.neatmonster.nocheatplus.components.modifier.IAttributeAccess: fr.neatmonster.nocheatplus.compat.bukkit.BukkitAttributeAccess
25-07-02 19:25:36 [INFO] [GenericInstanceRegistry] Registered for fr.neatmonster.nocheatplus.components.entity.IEntityAccessVehicle: fr.neatmonster.nocheatplus.compat.bukkit.EntityAccessVehicleMultiPassenger
25-07-02 19:25:36 [INFO] [GenericInstanceRegistry] Registered for itself: fr.neatmonster.nocheatplus.checks.moving.util.AuxMoving
25-07-02 19:25:36 [INFO] Added hook: AllViolations(NCP) [1.0].
25-07-02 19:25:36 [INFO] Added hook: ViolationFrequency(NCP) [1.0].
25-07-02 19:25:36 [INFO] Post-enable running...
25-07-02 19:25:36 [INFO] Post-enable finished.
25-07-02 19:25:36 [INFO] §c§l»Version information«§7
§6§lServer:§7
§7git-Patina-ver/1.16.5-"667fb1b" ~MC: 1.16.5~
§7§eDetected: §71.16.5
§6§lNoCheatPlus:§7
§7§ePlugin: §73.17.1-SNAPSHOT-Updated-b198
§7§eMCAccess: §71.13-1.21|? / Bukkit-API
§6§lFeatures:
§7§eblocks§7: BlocksMC1_4§f, §7BlocksMC1_5§f, §7BlocksMC1_6_1§f, §7BlocksMC1_7_2§f, §7BlocksMC1_8§f, §7BlocksMC1_9§f, §7BlocksMC1_10§f, §7BlocksMC1_11§f, §7BlocksMC1_12§f, §7BlocksMC1_13§f, §7BlocksMC1_14§f, §7BlocksMC1_15§f, §7BlocksMC1_16§f, §7MCAccessBukkitModern
§7§echecks§7: FastConsume§f, §7Gutenberg§f, §7HotFixFallingBlockPortalEnter
§7§edefaults§7: pvpKnockBackVelocity
§6§lHooks:
§7AllViolations~NCP~ 1.0§f, §7ViolationFrequency~NCP~ 1.0
25-07-02 20:04:20 [INFO] KvaytG2 failed NoFall: tried to alter fall damage or fall distance (Tags: fakefall) (VL2)
25-07-02 20:25:21 [INFO] Removed hook: ViolationFrequency(NCP) [1.0].
25-07-02 20:25:21 [INFO] Removed hook: AllViolations(NCP) [1.0].
25-07-02 20:25:21 [FINE] | cancel.dead 0 | cancel.offline 0 | block.interact.look.current 13 (13/0) | block.interact.look.flying.first 0 | block.interact.look.flying.other 0 | illegalitem 0 | boatsanywhere 0 | throwenderpearl 0 | fakeinvulnerable 0 | eggonentity 0 | event.player.move 26882 (26882/0) |
25-07-02 20:25:21 [INFO] [GenericInstanceRegistry] Registry cleared.
25-07-03 13:16:49 [INFO] Logger started.
25-07-03 13:16:49 [INFO] Logging system initialized.
25-07-03 13:16:49 [INFO] Detected Minecraft version: 1.16.5
25-07-03 13:16:54 [INFO] McAccess set to: 1.13-1.21|? / Bukkit-API
25-07-03 13:16:55 [INFO] Inventory checks: FastConsume is available, disabled InstantEat.
25-07-03 13:16:55 [INFO] Packet level access: ProtocolLib is not available.
25-07-03 13:16:55 [INFO] Force disable FastHeal, FastConsume, PacketFrequency and InstantBow on Minecraft 1.9 and later.
25-07-03 13:16:55 [INFO] Version 3.17.1-SNAPSHOT-Updated-b198 is enabled.
25-07-03 13:16:58 [INFO] [GenericInstanceRegistry] Registered (override) for itself: fr.neatmonster.nocheatplus.hooks.ExemptionSettings
25-07-03 13:16:58 [INFO] [GenericInstanceRegistry] Registered for itself: fr.neatmonster.nocheatplus.stats.Counters
25-07-03 13:16:58 [INFO] [GenericInstanceRegistry] Registered for itself: fr.neatmonster.nocheatplus.checks.workaround.WRPT
25-07-03 13:16:58 [INFO] [GenericInstanceRegistry] Registered for itself: fr.neatmonster.nocheatplus.checks.moving.location.tracking.LocationTrace$TraceEntryPool
25-07-03 13:16:58 [INFO] [GenericInstanceRegistry] Registered for itself: fr.neatmonster.nocheatplus.utilities.entity.PassengerUtil
25-07-03 13:16:58 [INFO] [GenericInstanceRegistry] Registered for fr.neatmonster.nocheatplus.compat.IBridgeCrossPlugin: fr.neatmonster.nocheatplus.compat.meta.BridgeCrossPlugin
25-07-03 13:16:58 [INFO] [GenericInstanceRegistry] Registered for fr.neatmonster.nocheatplus.compat.MCAccess: fr.neatmonster.nocheatplus.compat.bukkit.MCAccessBukkitModern
25-07-03 13:16:58 [INFO] [GenericInstanceRegistry] Registered for fr.neatmonster.nocheatplus.utilities.map.BlockCache: fr.neatmonster.nocheatplus.compat.bukkit.BlockCacheBukkitModern
25-07-03 13:16:58 [INFO] [GenericInstanceRegistry] Registered for fr.neatmonster.nocheatplus.components.modifier.IAttributeAccess: fr.neatmonster.nocheatplus.compat.bukkit.BukkitAttributeAccess
25-07-03 13:16:58 [INFO] [GenericInstanceRegistry] Registered for fr.neatmonster.nocheatplus.components.entity.IEntityAccessVehicle: fr.neatmonster.nocheatplus.compat.bukkit.EntityAccessVehicleMultiPassenger
25-07-03 13:16:58 [INFO] [GenericInstanceRegistry] Registered for itself: fr.neatmonster.nocheatplus.checks.moving.util.AuxMoving
25-07-03 13:16:58 [INFO] Added hook: AllViolations(NCP) [1.0].
25-07-03 13:16:58 [INFO] Added hook: ViolationFrequency(NCP) [1.0].
25-07-03 13:16:58 [INFO] Post-enable running...
25-07-03 13:16:58 [INFO] Post-enable finished.
25-07-03 13:16:58 [INFO] §c§l»Version information«§7
§6§lServer:§7
§7git-Patina-ver/1.16.5-"667fb1b" ~MC: 1.16.5~
§7§eDetected: §71.16.5
§6§lNoCheatPlus:§7
§7§ePlugin: §73.17.1-SNAPSHOT-Updated-b198
§7§eMCAccess: §71.13-1.21|? / Bukkit-API
§6§lFeatures:
§7§eblocks§7: BlocksMC1_4§f, §7BlocksMC1_5§f, §7BlocksMC1_6_1§f, §7BlocksMC1_7_2§f, §7BlocksMC1_8§f, §7BlocksMC1_9§f, §7BlocksMC1_10§f, §7BlocksMC1_11§f, §7BlocksMC1_12§f, §7BlocksMC1_13§f, §7BlocksMC1_14§f, §7BlocksMC1_15§f, §7BlocksMC1_16§f, §7MCAccessBukkitModern
§7§echecks§7: FastConsume§f, §7Gutenberg§f, §7HotFixFallingBlockPortalEnter
§7§edefaults§7: pvpKnockBackVelocity
§6§lHooks:
§7AllViolations~NCP~ 1.0§f, §7ViolationFrequency~NCP~ 1.0
25-07-03 13:38:38 [INFO] Removed hook: ViolationFrequency(NCP) [1.0].
25-07-03 13:38:38 [INFO] Removed hook: AllViolations(NCP) [1.0].
25-07-03 13:38:38 [FINE] | cancel.dead 0 | cancel.offline 0 | block.interact.look.current 9 (9/0) | block.interact.look.flying.first 0 | block.interact.look.flying.other 0 | illegalitem 0 | boatsanywhere 0 | throwenderpearl 0 | fakeinvulnerable 0 | eggonentity 0 | event.player.move 10132 (10132/0) |
25-07-03 13:38:38 [INFO] [GenericInstanceRegistry] Registry cleared.
25-07-04 09:01:59 [INFO] Logger started.
25-07-04 09:01:59 [INFO] Logging system initialized.
25-07-04 09:01:59 [INFO] Detected Minecraft version: 1.16.5
25-07-04 09:02:04 [INFO] McAccess set to: 1.13-1.21|? / Bukkit-API
25-07-04 09:02:04 [INFO] Inventory checks: FastConsume is available, disabled InstantEat.
25-07-04 09:02:04 [INFO] Packet level access: ProtocolLib is not available.
25-07-04 09:02:04 [INFO] Force disable FastHeal, FastConsume, PacketFrequency and InstantBow on Minecraft 1.9 and later.
25-07-04 09:02:04 [INFO] Version 3.17.1-SNAPSHOT-Updated-b198 is enabled.
25-07-04 09:02:07 [INFO] [GenericInstanceRegistry] Registered (override) for itself: fr.neatmonster.nocheatplus.hooks.ExemptionSettings
25-07-04 09:02:07 [INFO] [GenericInstanceRegistry] Registered for itself: fr.neatmonster.nocheatplus.stats.Counters
25-07-04 09:02:07 [INFO] [GenericInstanceRegistry] Registered for itself: fr.neatmonster.nocheatplus.checks.workaround.WRPT
25-07-04 09:02:07 [INFO] [GenericInstanceRegistry] Registered for itself: fr.neatmonster.nocheatplus.checks.moving.location.tracking.LocationTrace$TraceEntryPool
25-07-04 09:02:07 [INFO] [GenericInstanceRegistry] Registered for itself: fr.neatmonster.nocheatplus.utilities.entity.PassengerUtil
25-07-04 09:02:07 [INFO] [GenericInstanceRegistry] Registered for fr.neatmonster.nocheatplus.compat.IBridgeCrossPlugin: fr.neatmonster.nocheatplus.compat.meta.BridgeCrossPlugin
25-07-04 09:02:07 [INFO] [GenericInstanceRegistry] Registered for fr.neatmonster.nocheatplus.compat.MCAccess: fr.neatmonster.nocheatplus.compat.bukkit.MCAccessBukkitModern
25-07-04 09:02:07 [INFO] [GenericInstanceRegistry] Registered for fr.neatmonster.nocheatplus.utilities.map.BlockCache: fr.neatmonster.nocheatplus.compat.bukkit.BlockCacheBukkitModern
25-07-04 09:02:07 [INFO] [GenericInstanceRegistry] Registered for fr.neatmonster.nocheatplus.components.modifier.IAttributeAccess: fr.neatmonster.nocheatplus.compat.bukkit.BukkitAttributeAccess
25-07-04 09:02:07 [INFO] [GenericInstanceRegistry] Registered for fr.neatmonster.nocheatplus.components.entity.IEntityAccessVehicle: fr.neatmonster.nocheatplus.compat.bukkit.EntityAccessVehicleMultiPassenger
25-07-04 09:02:07 [INFO] [GenericInstanceRegistry] Registered for itself: fr.neatmonster.nocheatplus.checks.moving.util.AuxMoving
25-07-04 09:02:07 [INFO] Added hook: AllViolations(NCP) [1.0].
25-07-04 09:02:07 [INFO] Added hook: ViolationFrequency(NCP) [1.0].
25-07-04 09:02:07 [INFO] Post-enable running...
25-07-04 09:02:07 [INFO] Post-enable finished.
25-07-04 09:02:07 [INFO] §c§l»Version information«§7
§6§lServer:§7
§7git-Patina-ver/1.16.5-"667fb1b" ~MC: 1.16.5~
§7§eDetected: §71.16.5
§6§lNoCheatPlus:§7
§7§ePlugin: §73.17.1-SNAPSHOT-Updated-b198
§7§eMCAccess: §71.13-1.21|? / Bukkit-API
§6§lFeatures:
§7§eblocks§7: BlocksMC1_4§f, §7BlocksMC1_5§f, §7BlocksMC1_6_1§f, §7BlocksMC1_7_2§f, §7BlocksMC1_8§f, §7BlocksMC1_9§f, §7BlocksMC1_10§f, §7BlocksMC1_11§f, §7BlocksMC1_12§f, §7BlocksMC1_13§f, §7BlocksMC1_14§f, §7BlocksMC1_15§f, §7BlocksMC1_16§f, §7MCAccessBukkitModern
§7§echecks§7: FastConsume§f, §7Gutenberg§f, §7HotFixFallingBlockPortalEnter
§7§edefaults§7: pvpKnockBackVelocity
§6§lHooks:
§7AllViolations~NCP~ 1.0§f, §7ViolationFrequency~NCP~ 1.0
25-07-04 13:22:22 [INFO] Removed hook: ViolationFrequency(NCP) [1.0].
25-07-04 13:22:22 [INFO] Removed hook: AllViolations(NCP) [1.0].
25-07-04 13:22:22 [FINE] | cancel.dead 0 | cancel.offline 0 | block.interact.look.current 18 (18/0) | block.interact.look.flying.first 0 | block.interact.look.flying.other 0 | illegalitem 0 | boatsanywhere 0 | throwenderpearl 0 | fakeinvulnerable 0 | eggonentity 0 | event.player.move 22860 (22860/0) |
25-07-04 13:22:22 [INFO] [GenericInstanceRegistry] Registry cleared.
25-07-04 13:22:24 [INFO] Logger started.
25-07-04 13:22:24 [INFO] Logging system initialized.
25-07-04 13:22:24 [INFO] Detected Minecraft version: 1.16.5
25-07-04 13:22:26 [INFO] McAccess set to: 1.13-1.21|? / Bukkit-API
25-07-04 13:22:26 [INFO] Inventory checks: FastConsume is available, disabled InstantEat.
25-07-04 13:22:26 [INFO] Packet level access: ProtocolLib is not available.
25-07-04 13:22:26 [INFO] Force disable FastHeal, FastConsume, PacketFrequency and InstantBow on Minecraft 1.9 and later.
25-07-04 13:22:26 [INFO] Version 3.17.1-SNAPSHOT-Updated-b198 is enabled.
25-07-04 13:22:28 [INFO] [GenericInstanceRegistry] Registered (override) for itself: fr.neatmonster.nocheatplus.hooks.ExemptionSettings
25-07-04 13:22:28 [INFO] [GenericInstanceRegistry] Registered for itself: fr.neatmonster.nocheatplus.stats.Counters
25-07-04 13:22:28 [INFO] [GenericInstanceRegistry] Registered for itself: fr.neatmonster.nocheatplus.checks.workaround.WRPT
25-07-04 13:22:28 [INFO] [GenericInstanceRegistry] Registered for itself: fr.neatmonster.nocheatplus.checks.moving.location.tracking.LocationTrace$TraceEntryPool
25-07-04 13:22:28 [INFO] [GenericInstanceRegistry] Registered for itself: fr.neatmonster.nocheatplus.utilities.entity.PassengerUtil
25-07-04 13:22:28 [INFO] [GenericInstanceRegistry] Registered for fr.neatmonster.nocheatplus.compat.IBridgeCrossPlugin: fr.neatmonster.nocheatplus.compat.meta.BridgeCrossPlugin
25-07-04 13:22:28 [INFO] [GenericInstanceRegistry] Registered for fr.neatmonster.nocheatplus.compat.MCAccess: fr.neatmonster.nocheatplus.compat.bukkit.MCAccessBukkitModern
25-07-04 13:22:28 [INFO] [GenericInstanceRegistry] Registered for fr.neatmonster.nocheatplus.utilities.map.BlockCache: fr.neatmonster.nocheatplus.compat.bukkit.BlockCacheBukkitModern
25-07-04 13:22:28 [INFO] [GenericInstanceRegistry] Registered for fr.neatmonster.nocheatplus.components.modifier.IAttributeAccess: fr.neatmonster.nocheatplus.compat.bukkit.BukkitAttributeAccess
25-07-04 13:22:28 [INFO] [GenericInstanceRegistry] Registered for fr.neatmonster.nocheatplus.components.entity.IEntityAccessVehicle: fr.neatmonster.nocheatplus.compat.bukkit.EntityAccessVehicleMultiPassenger
25-07-04 13:22:28 [INFO] [GenericInstanceRegistry] Registered for itself: fr.neatmonster.nocheatplus.checks.moving.util.AuxMoving
25-07-04 13:22:28 [INFO] Added hook: AllViolations(NCP) [1.0].
25-07-04 13:22:28 [INFO] Added hook: ViolationFrequency(NCP) [1.0].
25-07-04 13:22:28 [INFO] Post-enable running...
25-07-04 13:22:28 [INFO] Updated data for 1 players (post-enable).
25-07-04 13:22:28 [INFO] Post-enable finished.
25-07-04 13:22:28 [INFO] §c§l»Version information«§7
§6§lServer:§7
§7git-Patina-ver/1.16.5-"667fb1b" ~MC: 1.16.5~
§7§eDetected: §71.16.5
§6§lNoCheatPlus:§7
§7§ePlugin: §73.17.1-SNAPSHOT-Updated-b198
§7§eMCAccess: §71.13-1.21|? / Bukkit-API
§6§lFeatures:
§7§eblocks§7: BlocksMC1_4§f, §7BlocksMC1_5§f, §7BlocksMC1_6_1§f, §7BlocksMC1_7_2§f, §7BlocksMC1_8§f, §7BlocksMC1_9§f, §7BlocksMC1_10§f, §7BlocksMC1_11§f, §7BlocksMC1_12§f, §7BlocksMC1_13§f, §7BlocksMC1_14§f, §7BlocksMC1_15§f, §7BlocksMC1_16§f, §7MCAccessBukkitModern
§7§echecks§7: FastConsume§f, §7Gutenberg§f, §7HotFixFallingBlockPortalEnter
§7§edefaults§7: pvpKnockBackVelocity
§6§lHooks:
§7AllViolations~NCP~ 1.0§f, §7ViolationFrequency~NCP~ 1.0
25-07-04 13:26:24 [INFO] Removed hook: ViolationFrequency(NCP) [1.0].
25-07-04 13:26:24 [INFO] Removed hook: AllViolations(NCP) [1.0].
25-07-04 13:26:24 [FINE] | cancel.dead 0 | cancel.offline 0 | block.interact.look.current 0 | block.interact.look.flying.first 0 | block.interact.look.flying.other 0 | illegalitem 0 | boatsanywhere 0 | throwenderpearl 0 | fakeinvulnerable 0 | eggonentity 0 | event.player.move 2670 (2670/0) |
25-07-04 13:26:24 [INFO] [GenericInstanceRegistry] Registry cleared.
25-07-04 13:26:25 [INFO] Logger started.
25-07-04 13:26:25 [INFO] Logging system initialized.
25-07-04 13:26:25 [INFO] Detected Minecraft version: 1.16.5
25-07-04 13:26:26 [INFO] McAccess set to: 1.13-1.21|? / Bukkit-API
25-07-04 13:26:26 [INFO] Inventory checks: FastConsume is available, disabled InstantEat.
25-07-04 13:26:26 [INFO] Packet level access: ProtocolLib is not available.
25-07-04 13:26:26 [INFO] Force disable FastHeal, FastConsume, PacketFrequency and InstantBow on Minecraft 1.9 and later.
25-07-04 13:26:26 [INFO] Version 3.17.1-SNAPSHOT-Updated-b198 is enabled.
25-07-04 13:26:28 [INFO] [GenericInstanceRegistry] Registered (override) for itself: fr.neatmonster.nocheatplus.hooks.ExemptionSettings
25-07-04 13:26:28 [INFO] [GenericInstanceRegistry] Registered for itself: fr.neatmonster.nocheatplus.stats.Counters
25-07-04 13:26:28 [INFO] [GenericInstanceRegistry] Registered for itself: fr.neatmonster.nocheatplus.checks.workaround.WRPT
25-07-04 13:26:28 [INFO] [GenericInstanceRegistry] Registered for itself: fr.neatmonster.nocheatplus.checks.moving.location.tracking.LocationTrace$TraceEntryPool
25-07-04 13:26:28 [INFO] [GenericInstanceRegistry] Registered for itself: fr.neatmonster.nocheatplus.utilities.entity.PassengerUtil
25-07-04 13:26:28 [INFO] [GenericInstanceRegistry] Registered for fr.neatmonster.nocheatplus.compat.IBridgeCrossPlugin: fr.neatmonster.nocheatplus.compat.meta.BridgeCrossPlugin
25-07-04 13:26:28 [INFO] [GenericInstanceRegistry] Registered for fr.neatmonster.nocheatplus.compat.MCAccess: fr.neatmonster.nocheatplus.compat.bukkit.MCAccessBukkitModern
25-07-04 13:26:28 [INFO] [GenericInstanceRegistry] Registered for fr.neatmonster.nocheatplus.utilities.map.BlockCache: fr.neatmonster.nocheatplus.compat.bukkit.BlockCacheBukkitModern
25-07-04 13:26:28 [INFO] [GenericInstanceRegistry] Registered for fr.neatmonster.nocheatplus.components.modifier.IAttributeAccess: fr.neatmonster.nocheatplus.compat.bukkit.BukkitAttributeAccess
25-07-04 13:26:28 [INFO] [GenericInstanceRegistry] Registered for fr.neatmonster.nocheatplus.components.entity.IEntityAccessVehicle: fr.neatmonster.nocheatplus.compat.bukkit.EntityAccessVehicleMultiPassenger
25-07-04 13:26:28 [INFO] [GenericInstanceRegistry] Registered for itself: fr.neatmonster.nocheatplus.checks.moving.util.AuxMoving
25-07-04 13:26:28 [INFO] Added hook: AllViolations(NCP) [1.0].
25-07-04 13:26:28 [INFO] Added hook: ViolationFrequency(NCP) [1.0].
25-07-04 13:26:28 [INFO] Post-enable running...
25-07-04 13:26:28 [INFO] Updated data for 1 players (post-enable).
25-07-04 13:26:28 [INFO] Post-enable finished.
25-07-04 13:26:28 [INFO] §c§l»Version information«§7
§6§lServer:§7
§7git-Patina-ver/1.16.5-"667fb1b" ~MC: 1.16.5~
§7§eDetected: §71.16.5
§6§lNoCheatPlus:§7
§7§ePlugin: §73.17.1-SNAPSHOT-Updated-b198
§7§eMCAccess: §71.13-1.21|? / Bukkit-API
§6§lFeatures:
§7§eblocks§7: BlocksMC1_4§f, §7BlocksMC1_5§f, §7BlocksMC1_6_1§f, §7BlocksMC1_7_2§f, §7BlocksMC1_8§f, §7BlocksMC1_9§f, §7BlocksMC1_10§f, §7BlocksMC1_11§f, §7BlocksMC1_12§f, §7BlocksMC1_13§f, §7BlocksMC1_14§f, §7BlocksMC1_15§f, §7BlocksMC1_16§f, §7MCAccessBukkitModern
§7§echecks§7: FastConsume§f, §7Gutenberg§f, §7HotFixFallingBlockPortalEnter
§7§edefaults§7: pvpKnockBackVelocity
§6§lHooks:
§7AllViolations~NCP~ 1.0§f, §7ViolationFrequency~NCP~ 1.0
25-07-04 13:29:30 [INFO] Removed hook: ViolationFrequency(NCP) [1.0].
25-07-04 13:29:30 [INFO] Removed hook: AllViolations(NCP) [1.0].
25-07-04 13:29:30 [FINE] | cancel.dead 0 | cancel.offline 0 | block.interact.look.current 0 | block.interact.look.flying.first 0 | block.interact.look.flying.other 0 | illegalitem 0 | boatsanywhere 0 | throwenderpearl 0 | fakeinvulnerable 0 | eggonentity 0 | event.player.move 811 (811/0) |
25-07-04 13:29:30 [INFO] [GenericInstanceRegistry] Registry cleared.
25-07-04 13:29:30 [INFO] Logger started.
25-07-04 13:29:30 [INFO] Logging system initialized.
25-07-04 13:29:30 [INFO] Detected Minecraft version: 1.16.5
25-07-04 13:29:32 [INFO] McAccess set to: 1.13-1.21|? / Bukkit-API
25-07-04 13:29:32 [INFO] Inventory checks: FastConsume is available, disabled InstantEat.
25-07-04 13:29:32 [INFO] Packet level access: ProtocolLib is not available.
25-07-04 13:29:32 [INFO] Force disable FastHeal, FastConsume, PacketFrequency and InstantBow on Minecraft 1.9 and later.
25-07-04 13:29:32 [INFO] Version 3.17.1-SNAPSHOT-Updated-b198 is enabled.
25-07-04 13:29:33 [INFO] [GenericInstanceRegistry] Registered (override) for itself: fr.neatmonster.nocheatplus.hooks.ExemptionSettings
25-07-04 13:29:33 [INFO] [GenericInstanceRegistry] Registered for itself: fr.neatmonster.nocheatplus.stats.Counters
25-07-04 13:29:33 [INFO] [GenericInstanceRegistry] Registered for itself: fr.neatmonster.nocheatplus.checks.workaround.WRPT
25-07-04 13:29:33 [INFO] [GenericInstanceRegistry] Registered for itself: fr.neatmonster.nocheatplus.checks.moving.location.tracking.LocationTrace$TraceEntryPool
25-07-04 13:29:33 [INFO] [GenericInstanceRegistry] Registered for itself: fr.neatmonster.nocheatplus.utilities.entity.PassengerUtil
25-07-04 13:29:33 [INFO] [GenericInstanceRegistry] Registered for fr.neatmonster.nocheatplus.compat.IBridgeCrossPlugin: fr.neatmonster.nocheatplus.compat.meta.BridgeCrossPlugin
25-07-04 13:29:33 [INFO] [GenericInstanceRegistry] Registered for fr.neatmonster.nocheatplus.compat.MCAccess: fr.neatmonster.nocheatplus.compat.bukkit.MCAccessBukkitModern
25-07-04 13:29:33 [INFO] [GenericInstanceRegistry] Registered for fr.neatmonster.nocheatplus.utilities.map.BlockCache: fr.neatmonster.nocheatplus.compat.bukkit.BlockCacheBukkitModern
25-07-04 13:29:33 [INFO] [GenericInstanceRegistry] Registered for fr.neatmonster.nocheatplus.components.modifier.IAttributeAccess: fr.neatmonster.nocheatplus.compat.bukkit.BukkitAttributeAccess
25-07-04 13:29:33 [INFO] [GenericInstanceRegistry] Registered for fr.neatmonster.nocheatplus.components.entity.IEntityAccessVehicle: fr.neatmonster.nocheatplus.compat.bukkit.EntityAccessVehicleMultiPassenger
25-07-04 13:29:33 [INFO] [GenericInstanceRegistry] Registered for itself: fr.neatmonster.nocheatplus.checks.moving.util.AuxMoving
25-07-04 13:29:33 [INFO] Added hook: AllViolations(NCP) [1.0].
25-07-04 13:29:33 [INFO] Added hook: ViolationFrequency(NCP) [1.0].
25-07-04 13:29:33 [INFO] Post-enable running...
25-07-04 13:29:33 [INFO] Updated data for 1 players (post-enable).
25-07-04 13:29:33 [INFO] Post-enable finished.
25-07-04 13:29:33 [INFO] §c§l»Version information«§7
§6§lServer:§7
§7git-Patina-ver/1.16.5-"667fb1b" ~MC: 1.16.5~
§7§eDetected: §71.16.5
§6§lNoCheatPlus:§7
§7§ePlugin: §73.17.1-SNAPSHOT-Updated-b198
§7§eMCAccess: §71.13-1.21|? / Bukkit-API
§6§lFeatures:
§7§eblocks§7: BlocksMC1_4§f, §7BlocksMC1_5§f, §7BlocksMC1_6_1§f, §7BlocksMC1_7_2§f, §7BlocksMC1_8§f, §7BlocksMC1_9§f, §7BlocksMC1_10§f, §7BlocksMC1_11§f, §7BlocksMC1_12§f, §7BlocksMC1_13§f, §7BlocksMC1_14§f, §7BlocksMC1_15§f, §7BlocksMC1_16§f, §7MCAccessBukkitModern
§7§echecks§7: FastConsume§f, §7Gutenberg§f, §7HotFixFallingBlockPortalEnter
§7§edefaults§7: pvpKnockBackVelocity
§6§lHooks:
§7AllViolations~NCP~ 1.0§f, §7ViolationFrequency~NCP~ 1.0
25-07-04 13:29:50 [INFO] Removed hook: ViolationFrequency(NCP) [1.0].
25-07-04 13:29:50 [INFO] Removed hook: AllViolations(NCP) [1.0].
25-07-04 13:29:50 [FINE] | cancel.dead 0 | cancel.offline 0 | block.interact.look.current 0 | block.interact.look.flying.first 0 | block.interact.look.flying.other 0 | illegalitem 0 | boatsanywhere 0 | throwenderpearl 0 | fakeinvulnerable 0 | eggonentity 0 | event.player.move 0 |
25-07-04 13:29:50 [INFO] [GenericInstanceRegistry] Registry cleared.
25-07-04 13:29:51 [INFO] Logger started.
25-07-04 13:29:51 [INFO] Logging system initialized.
25-07-04 13:29:51 [INFO] Detected Minecraft version: 1.16.5
25-07-04 13:29:51 [INFO] McAccess set to: 1.13-1.21|? / Bukkit-API
25-07-04 13:29:52 [INFO] Inventory checks: FastConsume is available, disabled InstantEat.
25-07-04 13:29:52 [INFO] Packet level access: ProtocolLib is not available.
25-07-04 13:29:52 [INFO] Force disable FastHeal, FastConsume, PacketFrequency and InstantBow on Minecraft 1.9 and later.
25-07-04 13:29:52 [INFO] Version 3.17.1-SNAPSHOT-Updated-b198 is enabled.
25-07-04 13:29:53 [INFO] [GenericInstanceRegistry] Registered (override) for itself: fr.neatmonster.nocheatplus.hooks.ExemptionSettings
25-07-04 13:29:53 [INFO] [GenericInstanceRegistry] Registered for itself: fr.neatmonster.nocheatplus.stats.Counters
25-07-04 13:29:53 [INFO] [GenericInstanceRegistry] Registered for itself: fr.neatmonster.nocheatplus.checks.workaround.WRPT
25-07-04 13:29:53 [INFO] [GenericInstanceRegistry] Registered for itself: fr.neatmonster.nocheatplus.checks.moving.location.tracking.LocationTrace$TraceEntryPool
25-07-04 13:29:53 [INFO] [GenericInstanceRegistry] Registered for itself: fr.neatmonster.nocheatplus.utilities.entity.PassengerUtil
25-07-04 13:29:53 [INFO] [GenericInstanceRegistry] Registered for fr.neatmonster.nocheatplus.compat.IBridgeCrossPlugin: fr.neatmonster.nocheatplus.compat.meta.BridgeCrossPlugin
25-07-04 13:29:53 [INFO] [GenericInstanceRegistry] Registered for fr.neatmonster.nocheatplus.compat.MCAccess: fr.neatmonster.nocheatplus.compat.bukkit.MCAccessBukkitModern
25-07-04 13:29:53 [INFO] [GenericInstanceRegistry] Registered for fr.neatmonster.nocheatplus.utilities.map.BlockCache: fr.neatmonster.nocheatplus.compat.bukkit.BlockCacheBukkitModern
25-07-04 13:29:53 [INFO] [GenericInstanceRegistry] Registered for fr.neatmonster.nocheatplus.components.modifier.IAttributeAccess: fr.neatmonster.nocheatplus.compat.bukkit.BukkitAttributeAccess
25-07-04 13:29:53 [INFO] [GenericInstanceRegistry] Registered for fr.neatmonster.nocheatplus.components.entity.IEntityAccessVehicle: fr.neatmonster.nocheatplus.compat.bukkit.EntityAccessVehicleMultiPassenger
25-07-04 13:29:53 [INFO] [GenericInstanceRegistry] Registered for itself: fr.neatmonster.nocheatplus.checks.moving.util.AuxMoving
25-07-04 13:29:53 [INFO] Added hook: AllViolations(NCP) [1.0].
25-07-04 13:29:53 [INFO] Added hook: ViolationFrequency(NCP) [1.0].
25-07-04 13:29:53 [INFO] Post-enable running...
25-07-04 13:29:53 [INFO] Updated data for 1 players (post-enable).
25-07-04 13:29:53 [INFO] Post-enable finished.
25-07-04 13:29:53 [INFO] §c§l»Version information«§7
§6§lServer:§7
§7git-Patina-ver/1.16.5-"667fb1b" ~MC: 1.16.5~
§7§eDetected: §71.16.5
§6§lNoCheatPlus:§7
§7§ePlugin: §73.17.1-SNAPSHOT-Updated-b198
§7§eMCAccess: §71.13-1.21|? / Bukkit-API
§6§lFeatures:
§7§eblocks§7: BlocksMC1_4§f, §7BlocksMC1_5§f, §7BlocksMC1_6_1§f, §7BlocksMC1_7_2§f, §7BlocksMC1_8§f, §7BlocksMC1_9§f, §7BlocksMC1_10§f, §7BlocksMC1_11§f, §7BlocksMC1_12§f, §7BlocksMC1_13§f, §7BlocksMC1_14§f, §7BlocksMC1_15§f, §7BlocksMC1_16§f, §7MCAccessBukkitModern
§7§echecks§7: FastConsume§f, §7Gutenberg§f, §7HotFixFallingBlockPortalEnter
§7§edefaults§7: pvpKnockBackVelocity
§6§lHooks:
§7AllViolations~NCP~ 1.0§f, §7ViolationFrequency~NCP~ 1.0
25-07-04 13:39:36 [INFO] Logger started.
25-07-04 13:39:36 [INFO] Logging system initialized.
25-07-04 13:39:36 [INFO] Detected Minecraft version: 1.16.5
25-07-04 13:39:41 [INFO] McAccess set to: 1.13-1.21|? / Bukkit-API
25-07-04 13:39:41 [INFO] Inventory checks: FastConsume is available, disabled InstantEat.
25-07-04 13:39:41 [INFO] Packet level access: ProtocolLib is not available.
25-07-04 13:39:41 [INFO] Force disable FastHeal, FastConsume, PacketFrequency and InstantBow on Minecraft 1.9 and later.
25-07-04 13:39:41 [INFO] Version 3.17.1-SNAPSHOT-Updated-b198 is enabled.
25-07-04 13:39:44 [INFO] [GenericInstanceRegistry] Registered (override) for itself: fr.neatmonster.nocheatplus.hooks.ExemptionSettings
25-07-04 13:39:44 [INFO] [GenericInstanceRegistry] Registered for itself: fr.neatmonster.nocheatplus.stats.Counters
25-07-04 13:39:44 [INFO] [GenericInstanceRegistry] Registered for itself: fr.neatmonster.nocheatplus.checks.workaround.WRPT
25-07-04 13:39:44 [INFO] [GenericInstanceRegistry] Registered for itself: fr.neatmonster.nocheatplus.checks.moving.location.tracking.LocationTrace$TraceEntryPool
25-07-04 13:39:44 [INFO] [GenericInstanceRegistry] Registered for itself: fr.neatmonster.nocheatplus.utilities.entity.PassengerUtil
25-07-04 13:39:44 [INFO] [GenericInstanceRegistry] Registered for fr.neatmonster.nocheatplus.compat.IBridgeCrossPlugin: fr.neatmonster.nocheatplus.compat.meta.BridgeCrossPlugin
25-07-04 13:39:44 [INFO] [GenericInstanceRegistry] Registered for fr.neatmonster.nocheatplus.compat.MCAccess: fr.neatmonster.nocheatplus.compat.bukkit.MCAccessBukkitModern
25-07-04 13:39:44 [INFO] [GenericInstanceRegistry] Registered for fr.neatmonster.nocheatplus.utilities.map.BlockCache: fr.neatmonster.nocheatplus.compat.bukkit.BlockCacheBukkitModern
25-07-04 13:39:44 [INFO] [GenericInstanceRegistry] Registered for fr.neatmonster.nocheatplus.components.modifier.IAttributeAccess: fr.neatmonster.nocheatplus.compat.bukkit.BukkitAttributeAccess
25-07-04 13:39:44 [INFO] [GenericInstanceRegistry] Registered for fr.neatmonster.nocheatplus.components.entity.IEntityAccessVehicle: fr.neatmonster.nocheatplus.compat.bukkit.EntityAccessVehicleMultiPassenger
25-07-04 13:39:44 [INFO] [GenericInstanceRegistry] Registered for itself: fr.neatmonster.nocheatplus.checks.moving.util.AuxMoving
25-07-04 13:39:44 [INFO] Added hook: AllViolations(NCP) [1.0].
25-07-04 13:39:44 [INFO] Added hook: ViolationFrequency(NCP) [1.0].
25-07-04 13:39:44 [INFO] Post-enable running...
25-07-04 13:39:44 [INFO] Post-enable finished.
25-07-04 13:39:44 [INFO] §c§l»Version information«§7
§6§lServer:§7
§7git-Patina-ver/1.16.5-"667fb1b" ~MC: 1.16.5~
§7§eDetected: §71.16.5
§6§lNoCheatPlus:§7
§7§ePlugin: §73.17.1-SNAPSHOT-Updated-b198
§7§eMCAccess: §71.13-1.21|? / Bukkit-API
§6§lFeatures:
§7§eblocks§7: BlocksMC1_4§f, §7BlocksMC1_5§f, §7BlocksMC1_6_1§f, §7BlocksMC1_7_2§f, §7BlocksMC1_8§f, §7BlocksMC1_9§f, §7BlocksMC1_10§f, §7BlocksMC1_11§f, §7BlocksMC1_12§f, §7BlocksMC1_13§f, §7BlocksMC1_14§f, §7BlocksMC1_15§f, §7BlocksMC1_16§f, §7MCAccessBukkitModern
§7§echecks§7: FastConsume§f, §7Gutenberg§f, §7HotFixFallingBlockPortalEnter
§7§edefaults§7: pvpKnockBackVelocity
§6§lHooks:
§7AllViolations~NCP~ 1.0§f, §7ViolationFrequency~NCP~ 1.0
25-07-04 13:41:16 [INFO] Removed hook: ViolationFrequency(NCP) [1.0].
25-07-04 13:41:16 [INFO] Removed hook: AllViolations(NCP) [1.0].
25-07-04 13:41:16 [FINE] | cancel.dead 0 | cancel.offline 0 | block.interact.look.current 0 | block.interact.look.flying.first 0 | block.interact.look.flying.other 0 | illegalitem 0 | boatsanywhere 0 | throwenderpearl 0 | fakeinvulnerable 0 | eggonentity 0 | event.player.move 0 |
25-07-04 13:41:16 [INFO] [GenericInstanceRegistry] Registry cleared.
25-07-04 13:41:17 [INFO] Logger started.
25-07-04 13:41:17 [INFO] Logging system initialized.
25-07-04 13:41:17 [INFO] Detected Minecraft version: 1.16.5
25-07-04 13:41:18 [INFO] McAccess set to: 1.13-1.21|? / Bukkit-API
25-07-04 13:41:19 [INFO] Inventory checks: FastConsume is available, disabled InstantEat.
25-07-04 13:41:19 [INFO] Packet level access: ProtocolLib is not available.
25-07-04 13:41:19 [INFO] Force disable FastHeal, FastConsume, PacketFrequency and InstantBow on Minecraft 1.9 and later.
25-07-04 13:41:19 [INFO] Version 3.17.1-SNAPSHOT-Updated-b198 is enabled.
25-07-04 13:41:20 [INFO] [GenericInstanceRegistry] Registered (override) for itself: fr.neatmonster.nocheatplus.hooks.ExemptionSettings
25-07-04 13:41:20 [INFO] [GenericInstanceRegistry] Registered for itself: fr.neatmonster.nocheatplus.stats.Counters
25-07-04 13:41:20 [INFO] [GenericInstanceRegistry] Registered for itself: fr.neatmonster.nocheatplus.checks.workaround.WRPT
25-07-04 13:41:20 [INFO] [GenericInstanceRegistry] Registered for itself: fr.neatmonster.nocheatplus.checks.moving.location.tracking.LocationTrace$TraceEntryPool
25-07-04 13:41:20 [INFO] [GenericInstanceRegistry] Registered for itself: fr.neatmonster.nocheatplus.utilities.entity.PassengerUtil
25-07-04 13:41:20 [INFO] [GenericInstanceRegistry] Registered for fr.neatmonster.nocheatplus.compat.IBridgeCrossPlugin: fr.neatmonster.nocheatplus.compat.meta.BridgeCrossPlugin
25-07-04 13:41:20 [INFO] [GenericInstanceRegistry] Registered for fr.neatmonster.nocheatplus.compat.MCAccess: fr.neatmonster.nocheatplus.compat.bukkit.MCAccessBukkitModern
25-07-04 13:41:20 [INFO] [GenericInstanceRegistry] Registered for fr.neatmonster.nocheatplus.utilities.map.BlockCache: fr.neatmonster.nocheatplus.compat.bukkit.BlockCacheBukkitModern
25-07-04 13:41:20 [INFO] [GenericInstanceRegistry] Registered for fr.neatmonster.nocheatplus.components.modifier.IAttributeAccess: fr.neatmonster.nocheatplus.compat.bukkit.BukkitAttributeAccess
25-07-04 13:41:20 [INFO] [GenericInstanceRegistry] Registered for fr.neatmonster.nocheatplus.components.entity.IEntityAccessVehicle: fr.neatmonster.nocheatplus.compat.bukkit.EntityAccessVehicleMultiPassenger
25-07-04 13:41:20 [INFO] [GenericInstanceRegistry] Registered for itself: fr.neatmonster.nocheatplus.checks.moving.util.AuxMoving
25-07-04 13:41:20 [INFO] Added hook: AllViolations(NCP) [1.0].
25-07-04 13:41:20 [INFO] Added hook: ViolationFrequency(NCP) [1.0].
25-07-04 13:41:20 [INFO] Post-enable running...
25-07-04 13:41:20 [INFO] Post-enable finished.
25-07-04 13:41:20 [INFO] §c§l»Version information«§7
§6§lServer:§7
§7git-Patina-ver/1.16.5-"667fb1b" ~MC: 1.16.5~
§7§eDetected: §71.16.5
§6§lNoCheatPlus:§7
§7§ePlugin: §73.17.1-SNAPSHOT-Updated-b198
§7§eMCAccess: §71.13-1.21|? / Bukkit-API
§6§lFeatures:
§7§eblocks§7: BlocksMC1_4§f, §7BlocksMC1_5§f, §7BlocksMC1_6_1§f, §7BlocksMC1_7_2§f, §7BlocksMC1_8§f, §7BlocksMC1_9§f, §7BlocksMC1_10§f, §7BlocksMC1_11§f, §7BlocksMC1_12§f, §7BlocksMC1_13§f, §7BlocksMC1_14§f, §7BlocksMC1_15§f, §7BlocksMC1_16§f, §7MCAccessBukkitModern
§7§echecks§7: FastConsume§f, §7Gutenberg§f, §7HotFixFallingBlockPortalEnter
§7§edefaults§7: pvpKnockBackVelocity
§6§lHooks:
§7AllViolations~NCP~ 1.0§f, §7ViolationFrequency~NCP~ 1.0
25-07-04 14:03:43 [INFO] Removed hook: ViolationFrequency(NCP) [1.0].
25-07-04 14:03:43 [INFO] Removed hook: AllViolations(NCP) [1.0].
25-07-04 14:03:43 [FINE] | cancel.dead 0 | cancel.offline 0 | block.interact.look.current 0 | block.interact.look.flying.first 0 | block.interact.look.flying.other 0 | illegalitem 0 | boatsanywhere 0 | throwenderpearl 0 | fakeinvulnerable 0 | eggonentity 0 | event.player.move 2333 (2333/0) |
25-07-04 14:03:43 [INFO] [GenericInstanceRegistry] Registry cleared.
25-07-04 14:03:45 [INFO] Logger started.
25-07-04 14:03:45 [INFO] Logging system initialized.
25-07-04 14:03:45 [INFO] Detected Minecraft version: 1.16.5
25-07-04 14:03:47 [INFO] McAccess set to: 1.13-1.21|? / Bukkit-API
25-07-04 14:03:47 [INFO] Inventory checks: FastConsume is available, disabled InstantEat.
25-07-04 14:03:47 [INFO] Packet level access: ProtocolLib is not available.
25-07-04 14:03:47 [INFO] Force disable FastHeal, FastConsume, PacketFrequency and InstantBow on Minecraft 1.9 and later.
25-07-04 14:03:47 [INFO] Version 3.17.1-SNAPSHOT-Updated-b198 is enabled.
25-07-04 14:03:49 [INFO] Post-enable running...
25-07-04 14:03:49 [INFO] [GenericInstanceRegistry] Registered (override) for itself: fr.neatmonster.nocheatplus.hooks.ExemptionSettings
25-07-04 14:03:49 [INFO] [GenericInstanceRegistry] Registered for itself: fr.neatmonster.nocheatplus.stats.Counters
25-07-04 14:03:49 [INFO] [GenericInstanceRegistry] Registered for itself: fr.neatmonster.nocheatplus.checks.workaround.WRPT
25-07-04 14:03:49 [INFO] [GenericInstanceRegistry] Registered for itself: fr.neatmonster.nocheatplus.checks.moving.location.tracking.LocationTrace$TraceEntryPool
25-07-04 14:03:49 [INFO] [GenericInstanceRegistry] Registered for itself: fr.neatmonster.nocheatplus.utilities.entity.PassengerUtil
25-07-04 14:03:49 [INFO] [GenericInstanceRegistry] Registered for fr.neatmonster.nocheatplus.compat.IBridgeCrossPlugin: fr.neatmonster.nocheatplus.compat.meta.BridgeCrossPlugin
25-07-04 14:03:49 [INFO] [GenericInstanceRegistry] Registered for fr.neatmonster.nocheatplus.compat.MCAccess: fr.neatmonster.nocheatplus.compat.bukkit.MCAccessBukkitModern
25-07-04 14:03:49 [INFO] [GenericInstanceRegistry] Registered for fr.neatmonster.nocheatplus.utilities.map.BlockCache: fr.neatmonster.nocheatplus.compat.bukkit.BlockCacheBukkitModern
25-07-04 14:03:49 [INFO] [GenericInstanceRegistry] Registered for fr.neatmonster.nocheatplus.components.modifier.IAttributeAccess: fr.neatmonster.nocheatplus.compat.bukkit.BukkitAttributeAccess
25-07-04 14:03:49 [INFO] [GenericInstanceRegistry] Registered for fr.neatmonster.nocheatplus.components.entity.IEntityAccessVehicle: fr.neatmonster.nocheatplus.compat.bukkit.EntityAccessVehicleMultiPassenger
25-07-04 14:03:49 [INFO] [GenericInstanceRegistry] Registered for itself: fr.neatmonster.nocheatplus.checks.moving.util.AuxMoving
25-07-04 14:03:49 [INFO] Added hook: AllViolations(NCP) [1.0].
25-07-04 14:03:49 [INFO] Added hook: ViolationFrequency(NCP) [1.0].
25-07-04 14:03:49 [INFO] Updated data for 1 players (post-enable).
25-07-04 14:03:49 [INFO] Post-enable finished.
25-07-04 14:03:49 [INFO] §c§l»Version information«§7
§6§lServer:§7
§7git-Patina-ver/1.16.5-"667fb1b" ~MC: 1.16.5~
§7§eDetected: §71.16.5
§6§lNoCheatPlus:§7
§7§ePlugin: §73.17.1-SNAPSHOT-Updated-b198
§7§eMCAccess: §71.13-1.21|? / Bukkit-API
§6§lFeatures:
§7§eblocks§7: BlocksMC1_4§f, §7BlocksMC1_5§f, §7BlocksMC1_6_1§f, §7BlocksMC1_7_2§f, §7BlocksMC1_8§f, §7BlocksMC1_9§f, §7BlocksMC1_10§f, §7BlocksMC1_11§f, §7BlocksMC1_12§f, §7BlocksMC1_13§f, §7BlocksMC1_14§f, §7BlocksMC1_15§f, §7BlocksMC1_16§f, §7MCAccessBukkitModern
§7§echecks§7: FastConsume§f, §7Gutenberg§f, §7HotFixFallingBlockPortalEnter
§7§edefaults§7: pvpKnockBackVelocity
§6§lHooks:
§7AllViolations~NCP~ 1.0§f, §7ViolationFrequency~NCP~ 1.0
25-07-04 14:03:59 [INFO] Removed hook: ViolationFrequency(NCP) [1.0].
25-07-04 14:03:59 [INFO] Removed hook: AllViolations(NCP) [1.0].
25-07-04 14:03:59 [FINE] | cancel.dead 0 | cancel.offline 0 | block.interact.look.current 0 | block.interact.look.flying.first 0 | block.interact.look.flying.other 0 | illegalitem 0 | boatsanywhere 0 | throwenderpearl 0 | fakeinvulnerable 0 | eggonentity 0 | event.player.move 84 (84/0) |
25-07-04 14:03:59 [INFO] [GenericInstanceRegistry] Registry cleared.
25-07-04 14:05:27 [INFO] Logger started.
25-07-04 14:05:27 [INFO] Logging system initialized.
25-07-04 14:05:27 [INFO] Detected Minecraft version: 1.16.5
25-07-04 14:05:30 [INFO] McAccess set to: 1.13-1.21|? / Bukkit-API
25-07-04 14:05:30 [INFO] Inventory checks: FastConsume is available, disabled InstantEat.
25-07-04 14:05:30 [INFO] Packet level access: ProtocolLib is not available.
25-07-04 14:05:30 [INFO] Force disable FastHeal, FastConsume, PacketFrequency and InstantBow on Minecraft 1.9 and later.
25-07-04 14:05:30 [INFO] Version 3.17.1-SNAPSHOT-Updated-b198 is enabled.
25-07-04 14:05:33 [INFO] [GenericInstanceRegistry] Registered (override) for itself: fr.neatmonster.nocheatplus.hooks.ExemptionSettings
25-07-04 14:05:33 [INFO] [GenericInstanceRegistry] Registered for itself: fr.neatmonster.nocheatplus.stats.Counters
25-07-04 14:05:33 [INFO] [GenericInstanceRegistry] Registered for itself: fr.neatmonster.nocheatplus.checks.workaround.WRPT
25-07-04 14:05:33 [INFO] [GenericInstanceRegistry] Registered for itself: fr.neatmonster.nocheatplus.checks.moving.location.tracking.LocationTrace$TraceEntryPool
25-07-04 14:05:33 [INFO] [GenericInstanceRegistry] Registered for itself: fr.neatmonster.nocheatplus.utilities.entity.PassengerUtil
25-07-04 14:05:33 [INFO] [GenericInstanceRegistry] Registered for fr.neatmonster.nocheatplus.compat.IBridgeCrossPlugin: fr.neatmonster.nocheatplus.compat.meta.BridgeCrossPlugin
25-07-04 14:05:33 [INFO] [GenericInstanceRegistry] Registered for fr.neatmonster.nocheatplus.compat.MCAccess: fr.neatmonster.nocheatplus.compat.bukkit.MCAccessBukkitModern
25-07-04 14:05:33 [INFO] [GenericInstanceRegistry] Registered for fr.neatmonster.nocheatplus.utilities.map.BlockCache: fr.neatmonster.nocheatplus.compat.bukkit.BlockCacheBukkitModern
25-07-04 14:05:33 [INFO] [GenericInstanceRegistry] Registered for fr.neatmonster.nocheatplus.components.modifier.IAttributeAccess: fr.neatmonster.nocheatplus.compat.bukkit.BukkitAttributeAccess
25-07-04 14:05:33 [INFO] [GenericInstanceRegistry] Registered for fr.neatmonster.nocheatplus.components.entity.IEntityAccessVehicle: fr.neatmonster.nocheatplus.compat.bukkit.EntityAccessVehicleMultiPassenger
25-07-04 14:05:33 [INFO] [GenericInstanceRegistry] Registered for itself: fr.neatmonster.nocheatplus.checks.moving.util.AuxMoving
25-07-04 14:05:33 [INFO] Added hook: AllViolations(NCP) [1.0].
25-07-04 14:05:33 [INFO] Added hook: ViolationFrequency(NCP) [1.0].
25-07-04 14:05:33 [INFO] Post-enable running...
25-07-04 14:05:33 [INFO] Post-enable finished.
25-07-04 14:05:33 [INFO] §c§l»Version information«§7
§6§lServer:§7
§7git-Patina-ver/1.16.5-"667fb1b" ~MC: 1.16.5~
§7§eDetected: §71.16.5
§6§lNoCheatPlus:§7
§7§ePlugin: §73.17.1-SNAPSHOT-Updated-b198
§7§eMCAccess: §71.13-1.21|? / Bukkit-API
§6§lFeatures:
§7§eblocks§7: BlocksMC1_4§f, §7BlocksMC1_5§f, §7BlocksMC1_6_1§f, §7BlocksMC1_7_2§f, §7BlocksMC1_8§f, §7BlocksMC1_9§f, §7BlocksMC1_10§f, §7BlocksMC1_11§f, §7BlocksMC1_12§f, §7BlocksMC1_13§f, §7BlocksMC1_14§f, §7BlocksMC1_15§f, §7BlocksMC1_16§f, §7MCAccessBukkitModern
§7§echecks§7: FastConsume§f, §7Gutenberg§f, §7HotFixFallingBlockPortalEnter
§7§edefaults§7: pvpKnockBackVelocity
§6§lHooks:
§7AllViolations~NCP~ 1.0§f, §7ViolationFrequency~NCP~ 1.0
25-07-04 14:09:51 [INFO] Removed hook: ViolationFrequency(NCP) [1.0].
25-07-04 14:09:51 [INFO] Removed hook: AllViolations(NCP) [1.0].
25-07-04 14:09:51 [FINE] | cancel.dead 0 | cancel.offline 0 | block.interact.look.current 0 | block.interact.look.flying.first 0 | block.interact.look.flying.other 0 | illegalitem 0 | boatsanywhere 0 | throwenderpearl 0 | fakeinvulnerable 0 | eggonentity 0 | event.player.move 3762 (3762/0) |
25-07-04 14:09:51 [INFO] [GenericInstanceRegistry] Registry cleared.
25-07-04 14:10:09 [INFO] Logger started.
25-07-04 14:10:09 [INFO] Logging system initialized.
25-07-04 14:10:09 [INFO] Detected Minecraft version: 1.16.5
25-07-04 14:10:11 [INFO] McAccess set to: 1.13-1.21|? / Bukkit-API
25-07-04 14:10:11 [INFO] Inventory checks: FastConsume is available, disabled InstantEat.
25-07-04 14:10:11 [INFO] Packet level access: ProtocolLib is not available.
25-07-04 14:10:11 [INFO] Force disable FastHeal, FastConsume, PacketFrequency and InstantBow on Minecraft 1.9 and later.
25-07-04 14:10:11 [INFO] Version 3.17.1-SNAPSHOT-Updated-b198 is enabled.
25-07-04 14:10:14 [INFO] [GenericInstanceRegistry] Registered (override) for itself: fr.neatmonster.nocheatplus.hooks.ExemptionSettings
25-07-04 14:10:14 [INFO] [GenericInstanceRegistry] Registered for itself: fr.neatmonster.nocheatplus.stats.Counters
25-07-04 14:10:14 [INFO] [GenericInstanceRegistry] Registered for itself: fr.neatmonster.nocheatplus.checks.workaround.WRPT
25-07-04 14:10:14 [INFO] [GenericInstanceRegistry] Registered for itself: fr.neatmonster.nocheatplus.checks.moving.location.tracking.LocationTrace$TraceEntryPool
25-07-04 14:10:14 [INFO] [GenericInstanceRegistry] Registered for itself: fr.neatmonster.nocheatplus.utilities.entity.PassengerUtil
25-07-04 14:10:14 [INFO] [GenericInstanceRegistry] Registered for fr.neatmonster.nocheatplus.compat.IBridgeCrossPlugin: fr.neatmonster.nocheatplus.compat.meta.BridgeCrossPlugin
25-07-04 14:10:14 [INFO] [GenericInstanceRegistry] Registered for fr.neatmonster.nocheatplus.compat.MCAccess: fr.neatmonster.nocheatplus.compat.bukkit.MCAccessBukkitModern
25-07-04 14:10:14 [INFO] [GenericInstanceRegistry] Registered for fr.neatmonster.nocheatplus.utilities.map.BlockCache: fr.neatmonster.nocheatplus.compat.bukkit.BlockCacheBukkitModern
25-07-04 14:10:14 [INFO] [GenericInstanceRegistry] Registered for fr.neatmonster.nocheatplus.components.modifier.IAttributeAccess: fr.neatmonster.nocheatplus.compat.bukkit.BukkitAttributeAccess
25-07-04 14:10:14 [INFO] [GenericInstanceRegistry] Registered for fr.neatmonster.nocheatplus.components.entity.IEntityAccessVehicle: fr.neatmonster.nocheatplus.compat.bukkit.EntityAccessVehicleMultiPassenger
25-07-04 14:10:14 [INFO] [GenericInstanceRegistry] Registered for itself: fr.neatmonster.nocheatplus.checks.moving.util.AuxMoving
25-07-04 14:10:14 [INFO] Added hook: AllViolations(NCP) [1.0].
25-07-04 14:10:14 [INFO] Post-enable running...
25-07-04 14:10:14 [INFO] Added hook: ViolationFrequency(NCP) [1.0].
25-07-04 14:10:14 [INFO] Post-enable finished.
25-07-04 14:10:14 [INFO] §c§l»Version information«§7
§6§lServer:§7
§7git-Patina-ver/1.16.5-"667fb1b" ~MC: 1.16.5~
§7§eDetected: §71.16.5
§6§lNoCheatPlus:§7
§7§ePlugin: §73.17.1-SNAPSHOT-Updated-b198
§7§eMCAccess: §71.13-1.21|? / Bukkit-API
§6§lFeatures:
§7§eblocks§7: BlocksMC1_4§f, §7BlocksMC1_5§f, §7BlocksMC1_6_1§f, §7BlocksMC1_7_2§f, §7BlocksMC1_8§f, §7BlocksMC1_9§f, §7BlocksMC1_10§f, §7BlocksMC1_11§f, §7BlocksMC1_12§f, §7BlocksMC1_13§f, §7BlocksMC1_14§f, §7BlocksMC1_15§f, §7BlocksMC1_16§f, §7MCAccessBukkitModern
§7§echecks§7: FastConsume§f, §7Gutenberg§f, §7HotFixFallingBlockPortalEnter
§7§edefaults§7: pvpKnockBackVelocity
§6§lHooks:
§7AllViolations~NCP~ 1.0§f, §7ViolationFrequency~NCP~ 1.0
25-07-04 14:19:42 [INFO] Removed hook: ViolationFrequency(NCP) [1.0].
25-07-04 14:19:42 [INFO] Removed hook: AllViolations(NCP) [1.0].
25-07-04 14:19:42 [FINE] | cancel.dead 0 | cancel.offline 0 | block.interact.look.current 0 | block.interact.look.flying.first 0 | block.interact.look.flying.other 0 | illegalitem 0 | boatsanywhere 0 | throwenderpearl 0 | fakeinvulnerable 0 | eggonentity 0 | event.player.move 8634 (8634/0) |
25-07-04 14:19:42 [INFO] [GenericInstanceRegistry] Registry cleared.
25-07-04 17:51:40 [INFO] Logger started.
25-07-04 17:51:40 [INFO] Logging system initialized.
25-07-04 17:51:40 [INFO] Detected Minecraft version: 1.16.5
25-07-04 17:51:43 [INFO] McAccess set to: 1.13-1.21|? / Bukkit-API
25-07-04 17:51:43 [INFO] Inventory checks: FastConsume is available, disabled InstantEat.
25-07-04 17:51:43 [INFO] Packet level access: ProtocolLib is not available.
25-07-04 17:51:44 [INFO] Force disable FastHeal, FastConsume, PacketFrequency and InstantBow on Minecraft 1.9 and later.
25-07-04 17:51:44 [INFO] Version 3.17.1-SNAPSHOT-Updated-b198 is enabled.
25-07-04 17:51:46 [INFO] [GenericInstanceRegistry] Registered (override) for itself: fr.neatmonster.nocheatplus.hooks.ExemptionSettings
25-07-04 17:51:46 [INFO] [GenericInstanceRegistry] Registered for itself: fr.neatmonster.nocheatplus.stats.Counters
25-07-04 17:51:46 [INFO] [GenericInstanceRegistry] Registered for itself: fr.neatmonster.nocheatplus.checks.workaround.WRPT
25-07-04 17:51:46 [INFO] [GenericInstanceRegistry] Registered for itself: fr.neatmonster.nocheatplus.checks.moving.location.tracking.LocationTrace$TraceEntryPool
25-07-04 17:51:46 [INFO] [GenericInstanceRegistry] Registered for itself: fr.neatmonster.nocheatplus.utilities.entity.PassengerUtil
25-07-04 17:51:46 [INFO] [GenericInstanceRegistry] Registered for fr.neatmonster.nocheatplus.compat.IBridgeCrossPlugin: fr.neatmonster.nocheatplus.compat.meta.BridgeCrossPlugin
25-07-04 17:51:46 [INFO] [GenericInstanceRegistry] Registered for fr.neatmonster.nocheatplus.compat.MCAccess: fr.neatmonster.nocheatplus.compat.bukkit.MCAccessBukkitModern
25-07-04 17:51:46 [INFO] [GenericInstanceRegistry] Registered for fr.neatmonster.nocheatplus.utilities.map.BlockCache: fr.neatmonster.nocheatplus.compat.bukkit.BlockCacheBukkitModern
25-07-04 17:51:46 [INFO] [GenericInstanceRegistry] Registered for fr.neatmonster.nocheatplus.components.modifier.IAttributeAccess: fr.neatmonster.nocheatplus.compat.bukkit.BukkitAttributeAccess
25-07-04 17:51:46 [INFO] [GenericInstanceRegistry] Registered for fr.neatmonster.nocheatplus.components.entity.IEntityAccessVehicle: fr.neatmonster.nocheatplus.compat.bukkit.EntityAccessVehicleMultiPassenger
25-07-04 17:51:46 [INFO] [GenericInstanceRegistry] Registered for itself: fr.neatmonster.nocheatplus.checks.moving.util.AuxMoving
25-07-04 17:51:46 [INFO] Added hook: AllViolations(NCP) [1.0].
25-07-04 17:51:46 [INFO] Added hook: ViolationFrequency(NCP) [1.0].
25-07-04 17:51:46 [INFO] Post-enable running...
25-07-04 17:51:46 [INFO] Post-enable finished.
25-07-04 17:51:46 [INFO] §c§l»Version information«§7
§6§lServer:§7
§7git-Patina-ver/1.16.5-"667fb1b" ~MC: 1.16.5~
§7§eDetected: §71.16.5
§6§lNoCheatPlus:§7
§7§ePlugin: §73.17.1-SNAPSHOT-Updated-b198
§7§eMCAccess: §71.13-1.21|? / Bukkit-API
§6§lFeatures:
§7§eblocks§7: BlocksMC1_4§f, §7BlocksMC1_5§f, §7BlocksMC1_6_1§f, §7BlocksMC1_7_2§f, §7BlocksMC1_8§f, §7BlocksMC1_9§f, §7BlocksMC1_10§f, §7BlocksMC1_11§f, §7BlocksMC1_12§f, §7BlocksMC1_13§f, §7BlocksMC1_14§f, §7BlocksMC1_15§f, §7BlocksMC1_16§f, §7MCAccessBukkitModern
§7§echecks§7: FastConsume§f, §7Gutenberg§f, §7HotFixFallingBlockPortalEnter
§7§edefaults§7: pvpKnockBackVelocity
§6§lHooks:
§7AllViolations~NCP~ 1.0§f, §7ViolationFrequency~NCP~ 1.0
25-07-04 18:45:26 [INFO] Removed hook: ViolationFrequency(NCP) [1.0].
25-07-04 18:45:26 [INFO] Removed hook: AllViolations(NCP) [1.0].
25-07-04 18:45:26 [FINE] | cancel.dead 0 | cancel.offline 0 | block.interact.look.current 20 (20/0) | block.interact.look.flying.first 0 | block.interact.look.flying.other 0 | illegalitem 0 | boatsanywhere 0 | throwenderpearl 0 | fakeinvulnerable 0 | eggonentity 0 | event.player.move 44983 (44983/0) |
25-07-04 18:45:26 [INFO] [GenericInstanceRegistry] Registry cleared.
25-07-04 21:39:43 [INFO] Logger started.
25-07-04 21:39:43 [INFO] Logging system initialized.
25-07-04 21:39:43 [INFO] Detected Minecraft version: 1.16.5
25-07-04 21:39:47 [INFO] McAccess set to: 1.13-1.21|? / Bukkit-API
25-07-04 21:39:47 [INFO] Inventory checks: FastConsume is available, disabled InstantEat.
25-07-04 21:39:47 [INFO] Packet level access: ProtocolLib is not available.
25-07-04 21:39:47 [INFO] Force disable FastHeal, FastConsume, PacketFrequency and InstantBow on Minecraft 1.9 and later.
25-07-04 21:39:47 [INFO] Version 3.17.1-SNAPSHOT-Updated-b198 is enabled.
25-07-04 21:39:51 [INFO] [GenericInstanceRegistry] Registered (override) for itself: fr.neatmonster.nocheatplus.hooks.ExemptionSettings
25-07-04 21:39:51 [INFO] [GenericInstanceRegistry] Registered for itself: fr.neatmonster.nocheatplus.stats.Counters
25-07-04 21:39:51 [INFO] [GenericInstanceRegistry] Registered for itself: fr.neatmonster.nocheatplus.checks.workaround.WRPT
25-07-04 21:39:51 [INFO] [GenericInstanceRegistry] Registered for itself: fr.neatmonster.nocheatplus.checks.moving.location.tracking.LocationTrace$TraceEntryPool
25-07-04 21:39:51 [INFO] [GenericInstanceRegistry] Registered for itself: fr.neatmonster.nocheatplus.utilities.entity.PassengerUtil
25-07-04 21:39:51 [INFO] [GenericInstanceRegistry] Registered for fr.neatmonster.nocheatplus.compat.IBridgeCrossPlugin: fr.neatmonster.nocheatplus.compat.meta.BridgeCrossPlugin
25-07-04 21:39:51 [INFO] [GenericInstanceRegistry] Registered for fr.neatmonster.nocheatplus.compat.MCAccess: fr.neatmonster.nocheatplus.compat.bukkit.MCAccessBukkitModern
25-07-04 21:39:51 [INFO] [GenericInstanceRegistry] Registered for fr.neatmonster.nocheatplus.utilities.map.BlockCache: fr.neatmonster.nocheatplus.compat.bukkit.BlockCacheBukkitModern
25-07-04 21:39:51 [INFO] [GenericInstanceRegistry] Registered for fr.neatmonster.nocheatplus.components.modifier.IAttributeAccess: fr.neatmonster.nocheatplus.compat.bukkit.BukkitAttributeAccess
25-07-04 21:39:51 [INFO] [GenericInstanceRegistry] Registered for fr.neatmonster.nocheatplus.components.entity.IEntityAccessVehicle: fr.neatmonster.nocheatplus.compat.bukkit.EntityAccessVehicleMultiPassenger
25-07-04 21:39:51 [INFO] [GenericInstanceRegistry] Registered for itself: fr.neatmonster.nocheatplus.checks.moving.util.AuxMoving
25-07-04 21:39:51 [INFO] Added hook: AllViolations(NCP) [1.0].
25-07-04 21:39:51 [INFO] Added hook: ViolationFrequency(NCP) [1.0].
25-07-04 21:39:51 [INFO] Post-enable running...
25-07-04 21:39:51 [INFO] Post-enable finished.
25-07-04 21:39:51 [INFO] §c§l»Version information«§7
§6§lServer:§7
§7git-Patina-ver/1.16.5-"667fb1b" ~MC: 1.16.5~
§7§eDetected: §71.16.5
§6§lNoCheatPlus:§7
§7§ePlugin: §73.17.1-SNAPSHOT-Updated-b198
§7§eMCAccess: §71.13-1.21|? / Bukkit-API
§6§lFeatures:
§7§eblocks§7: BlocksMC1_4§f, §7BlocksMC1_5§f, §7BlocksMC1_6_1§f, §7BlocksMC1_7_2§f, §7BlocksMC1_8§f, §7BlocksMC1_9§f, §7BlocksMC1_10§f, §7BlocksMC1_11§f, §7BlocksMC1_12§f, §7BlocksMC1_13§f, §7BlocksMC1_14§f, §7BlocksMC1_15§f, §7BlocksMC1_16§f, §7MCAccessBukkitModern
§7§echecks§7: FastConsume§f, §7Gutenberg§f, §7HotFixFallingBlockPortalEnter
§7§edefaults§7: pvpKnockBackVelocity
§6§lHooks:
§7AllViolations~NCP~ 1.0§f, §7ViolationFrequency~NCP~ 1.0
25-07-05 09:51:21 [INFO] Logger started.
25-07-05 09:51:21 [INFO] Logging system initialized.
25-07-05 09:51:21 [INFO] Detected Minecraft version: 1.16.5
25-07-05 09:51:29 [INFO] McAccess set to: 1.13-1.21|? / Bukkit-API
25-07-05 09:51:29 [INFO] Inventory checks: FastConsume is available, disabled InstantEat.
25-07-05 09:51:29 [INFO] Packet level access: ProtocolLib is not available.
25-07-05 09:51:29 [INFO] Force disable FastHeal, FastConsume, PacketFrequency and InstantBow on Minecraft 1.9 and later.
25-07-05 09:51:29 [INFO] Version 3.17.1-SNAPSHOT-Updated-b198 is enabled.
25-07-05 09:51:33 [INFO] [GenericInstanceRegistry] Registered (override) for itself: fr.neatmonster.nocheatplus.hooks.ExemptionSettings
25-07-05 09:51:33 [INFO] [GenericInstanceRegistry] Registered for itself: fr.neatmonster.nocheatplus.stats.Counters
25-07-05 09:51:33 [INFO] [GenericInstanceRegistry] Registered for itself: fr.neatmonster.nocheatplus.checks.workaround.WRPT
25-07-05 09:51:33 [INFO] [GenericInstanceRegistry] Registered for itself: fr.neatmonster.nocheatplus.checks.moving.location.tracking.LocationTrace$TraceEntryPool
25-07-05 09:51:33 [INFO] [GenericInstanceRegistry] Registered for itself: fr.neatmonster.nocheatplus.utilities.entity.PassengerUtil
25-07-05 09:51:33 [INFO] [GenericInstanceRegistry] Registered for fr.neatmonster.nocheatplus.compat.IBridgeCrossPlugin: fr.neatmonster.nocheatplus.compat.meta.BridgeCrossPlugin
25-07-05 09:51:33 [INFO] [GenericInstanceRegistry] Registered for fr.neatmonster.nocheatplus.compat.MCAccess: fr.neatmonster.nocheatplus.compat.bukkit.MCAccessBukkitModern
25-07-05 09:51:33 [INFO] [GenericInstanceRegistry] Registered for fr.neatmonster.nocheatplus.utilities.map.BlockCache: fr.neatmonster.nocheatplus.compat.bukkit.BlockCacheBukkitModern
25-07-05 09:51:33 [INFO] [GenericInstanceRegistry] Registered for fr.neatmonster.nocheatplus.components.modifier.IAttributeAccess: fr.neatmonster.nocheatplus.compat.bukkit.BukkitAttributeAccess
25-07-05 09:51:33 [INFO] [GenericInstanceRegistry] Registered for fr.neatmonster.nocheatplus.components.entity.IEntityAccessVehicle: fr.neatmonster.nocheatplus.compat.bukkit.EntityAccessVehicleMultiPassenger
25-07-05 09:51:33 [INFO] [GenericInstanceRegistry] Registered for itself: fr.neatmonster.nocheatplus.checks.moving.util.AuxMoving
25-07-05 09:51:33 [INFO] Added hook: AllViolations(NCP) [1.0].
25-07-05 09:51:33 [INFO] Added hook: ViolationFrequency(NCP) [1.0].
25-07-05 09:51:33 [INFO] Post-enable running...
25-07-05 09:51:33 [INFO] Post-enable finished.
25-07-05 09:51:33 [INFO] §c§l»Version information«§7
§6§lServer:§7
§7git-Patina-ver/1.16.5-"667fb1b" ~MC: 1.16.5~
§7§eDetected: §71.16.5
§6§lNoCheatPlus:§7
§7§ePlugin: §73.17.1-SNAPSHOT-Updated-b198
§7§eMCAccess: §71.13-1.21|? / Bukkit-API
§6§lFeatures:
§7§eblocks§7: BlocksMC1_4§f, §7BlocksMC1_5§f, §7BlocksMC1_6_1§f, §7BlocksMC1_7_2§f, §7BlocksMC1_8§f, §7BlocksMC1_9§f, §7BlocksMC1_10§f, §7BlocksMC1_11§f, §7BlocksMC1_12§f, §7BlocksMC1_13§f, §7BlocksMC1_14§f, §7BlocksMC1_15§f, §7BlocksMC1_16§f, §7MCAccessBukkitModern
§7§echecks§7: FastConsume§f, §7Gutenberg§f, §7HotFixFallingBlockPortalEnter
§7§edefaults§7: pvpKnockBackVelocity
§6§lHooks:
§7AllViolations~NCP~ 1.0§f, §7ViolationFrequency~NCP~ 1.0
25-07-05 10:03:51 [INFO] Removed hook: ViolationFrequency(NCP) [1.0].
25-07-05 10:03:51 [INFO] Removed hook: AllViolations(NCP) [1.0].
25-07-05 10:03:51 [FINE] | cancel.dead 0 | cancel.offline 0 | block.interact.look.current 0 | block.interact.look.flying.first 0 | block.interact.look.flying.other 0 | illegalitem 0 | boatsanywhere 0 | throwenderpearl 0 | fakeinvulnerable 0 | eggonentity 0 | event.player.move 3889 (3889/0) |
25-07-05 10:03:51 [INFO] [GenericInstanceRegistry] Registry cleared.
25-07-05 10:08:28 [INFO] Logger started.
25-07-05 10:08:28 [INFO] Logging system initialized.
25-07-05 10:08:28 [INFO] Detected Minecraft version: 1.16.5
25-07-05 10:08:31 [INFO] McAccess set to: 1.13-1.21|? / Bukkit-API
25-07-05 10:08:31 [INFO] Inventory checks: FastConsume is available, disabled InstantEat.
25-07-05 10:08:31 [INFO] Packet level access: ProtocolLib is not available.
25-07-05 10:08:31 [INFO] Force disable FastHeal, FastConsume, PacketFrequency and InstantBow on Minecraft 1.9 and later.
25-07-05 10:08:31 [INFO] Version 3.17.1-SNAPSHOT-Updated-b198 is enabled.
25-07-05 10:08:35 [INFO] [GenericInstanceRegistry] Registered (override) for itself: fr.neatmonster.nocheatplus.hooks.ExemptionSettings
25-07-05 10:08:35 [INFO] [GenericInstanceRegistry] Registered for itself: fr.neatmonster.nocheatplus.stats.Counters
25-07-05 10:08:35 [INFO] [GenericInstanceRegistry] Registered for itself: fr.neatmonster.nocheatplus.checks.workaround.WRPT
25-07-05 10:08:35 [INFO] [GenericInstanceRegistry] Registered for itself: fr.neatmonster.nocheatplus.checks.moving.location.tracking.LocationTrace$TraceEntryPool
25-07-05 10:08:35 [INFO] [GenericInstanceRegistry] Registered for itself: fr.neatmonster.nocheatplus.utilities.entity.PassengerUtil
25-07-05 10:08:35 [INFO] [GenericInstanceRegistry] Registered for fr.neatmonster.nocheatplus.compat.IBridgeCrossPlugin: fr.neatmonster.nocheatplus.compat.meta.BridgeCrossPlugin
25-07-05 10:08:35 [INFO] [GenericInstanceRegistry] Registered for fr.neatmonster.nocheatplus.compat.MCAccess: fr.neatmonster.nocheatplus.compat.bukkit.MCAccessBukkitModern
25-07-05 10:08:35 [INFO] [GenericInstanceRegistry] Registered for fr.neatmonster.nocheatplus.utilities.map.BlockCache: fr.neatmonster.nocheatplus.compat.bukkit.BlockCacheBukkitModern
25-07-05 10:08:35 [INFO] [GenericInstanceRegistry] Registered for fr.neatmonster.nocheatplus.components.modifier.IAttributeAccess: fr.neatmonster.nocheatplus.compat.bukkit.BukkitAttributeAccess
25-07-05 10:08:35 [INFO] [GenericInstanceRegistry] Registered for fr.neatmonster.nocheatplus.components.entity.IEntityAccessVehicle: fr.neatmonster.nocheatplus.compat.bukkit.EntityAccessVehicleMultiPassenger
25-07-05 10:08:35 [INFO] [GenericInstanceRegistry] Registered for itself: fr.neatmonster.nocheatplus.checks.moving.util.AuxMoving
25-07-05 10:08:35 [INFO] Added hook: AllViolations(NCP) [1.0].
25-07-05 10:08:35 [INFO] Added hook: ViolationFrequency(NCP) [1.0].
25-07-05 10:08:35 [INFO] Post-enable running...
25-07-05 10:08:35 [INFO] Post-enable finished.
25-07-05 10:08:35 [INFO] §c§l»Version information«§7
§6§lServer:§7
§7git-Patina-ver/1.16.5-"667fb1b" ~MC: 1.16.5~
§7§eDetected: §71.16.5
§6§lNoCheatPlus:§7
§7§ePlugin: §73.17.1-SNAPSHOT-Updated-b198
§7§eMCAccess: §71.13-1.21|? / Bukkit-API
§6§lFeatures:
§7§eblocks§7: BlocksMC1_4§f, §7BlocksMC1_5§f, §7BlocksMC1_6_1§f, §7BlocksMC1_7_2§f, §7BlocksMC1_8§f, §7BlocksMC1_9§f, §7BlocksMC1_10§f, §7BlocksMC1_11§f, §7BlocksMC1_12§f, §7BlocksMC1_13§f, §7BlocksMC1_14§f, §7BlocksMC1_15§f, §7BlocksMC1_16§f, §7MCAccessBukkitModern
§7§echecks§7: FastConsume§f, §7Gutenberg§f, §7HotFixFallingBlockPortalEnter
§7§edefaults§7: pvpKnockBackVelocity
§6§lHooks:
§7AllViolations~NCP~ 1.0§f, §7ViolationFrequency~NCP~ 1.0
25-07-05 11:46:53 [INFO] Removed hook: ViolationFrequency(NCP) [1.0].
25-07-05 11:46:53 [INFO] Removed hook: AllViolations(NCP) [1.0].
25-07-05 11:46:53 [FINE] | cancel.dead 1 (1/0) | cancel.offline 0 | block.interact.look.current 10 (10/0) | block.interact.look.flying.first 0 | block.interact.look.flying.other 0 | illegalitem 0 | boatsanywhere 0 | throwenderpearl 0 | fakeinvulnerable 0 | eggonentity 0 | event.player.move 23280 (23280/0) |
25-07-05 11:46:53 [INFO] [GenericInstanceRegistry] Registry cleared.
25-07-05 11:47:32 [INFO] Logger started.
25-07-05 11:47:32 [INFO] Logging system initialized.
25-07-05 11:47:32 [INFO] Detected Minecraft version: 1.16.5
25-07-05 11:47:36 [INFO] McAccess set to: 1.13-1.21|? / Bukkit-API
25-07-05 11:47:36 [INFO] Inventory checks: FastConsume is available, disabled InstantEat.
25-07-05 11:47:36 [INFO] Packet level access: ProtocolLib is not available.
25-07-05 11:47:37 [INFO] Force disable FastHeal, FastConsume, PacketFrequency and InstantBow on Minecraft 1.9 and later.
25-07-05 11:47:37 [INFO] Version 3.17.1-SNAPSHOT-Updated-b198 is enabled.
25-07-05 11:47:39 [INFO] [GenericInstanceRegistry] Registered (override) for itself: fr.neatmonster.nocheatplus.hooks.ExemptionSettings
25-07-05 11:47:39 [INFO] [GenericInstanceRegistry] Registered for itself: fr.neatmonster.nocheatplus.stats.Counters
25-07-05 11:47:39 [INFO] [GenericInstanceRegistry] Registered for itself: fr.neatmonster.nocheatplus.checks.workaround.WRPT
25-07-05 11:47:39 [INFO] [GenericInstanceRegistry] Registered for itself: fr.neatmonster.nocheatplus.checks.moving.location.tracking.LocationTrace$TraceEntryPool
25-07-05 11:47:39 [INFO] [GenericInstanceRegistry] Registered for itself: fr.neatmonster.nocheatplus.utilities.entity.PassengerUtil
25-07-05 11:47:39 [INFO] [GenericInstanceRegistry] Registered for fr.neatmonster.nocheatplus.compat.IBridgeCrossPlugin: fr.neatmonster.nocheatplus.compat.meta.BridgeCrossPlugin
25-07-05 11:47:39 [INFO] [GenericInstanceRegistry] Registered for fr.neatmonster.nocheatplus.compat.MCAccess: fr.neatmonster.nocheatplus.compat.bukkit.MCAccessBukkitModern
25-07-05 11:47:39 [INFO] [GenericInstanceRegistry] Registered for fr.neatmonster.nocheatplus.utilities.map.BlockCache: fr.neatmonster.nocheatplus.compat.bukkit.BlockCacheBukkitModern
25-07-05 11:47:39 [INFO] [GenericInstanceRegistry] Registered for fr.neatmonster.nocheatplus.components.modifier.IAttributeAccess: fr.neatmonster.nocheatplus.compat.bukkit.BukkitAttributeAccess
25-07-05 11:47:39 [INFO] [GenericInstanceRegistry] Registered for fr.neatmonster.nocheatplus.components.entity.IEntityAccessVehicle: fr.neatmonster.nocheatplus.compat.bukkit.EntityAccessVehicleMultiPassenger
25-07-05 11:47:39 [INFO] [GenericInstanceRegistry] Registered for itself: fr.neatmonster.nocheatplus.checks.moving.util.AuxMoving
25-07-05 11:47:39 [INFO] Added hook: AllViolations(NCP) [1.0].
25-07-05 11:47:39 [INFO] Added hook: ViolationFrequency(NCP) [1.0].
25-07-05 11:47:39 [INFO] Post-enable running...
25-07-05 11:47:39 [INFO] Post-enable finished.
25-07-05 11:47:39 [INFO] §c§l»Version information«§7
§6§lServer:§7
§7git-Patina-ver/1.16.5-"667fb1b" ~MC: 1.16.5~
§7§eDetected: §71.16.5
§6§lNoCheatPlus:§7
§7§ePlugin: §73.17.1-SNAPSHOT-Updated-b198
§7§eMCAccess: §71.13-1.21|? / Bukkit-API
§6§lFeatures:
§7§eblocks§7: BlocksMC1_4§f, §7BlocksMC1_5§f, §7BlocksMC1_6_1§f, §7BlocksMC1_7_2§f, §7BlocksMC1_8§f, §7BlocksMC1_9§f, §7BlocksMC1_10§f, §7BlocksMC1_11§f, §7BlocksMC1_12§f, §7BlocksMC1_13§f, §7BlocksMC1_14§f, §7BlocksMC1_15§f, §7BlocksMC1_16§f, §7MCAccessBukkitModern
§7§echecks§7: FastConsume§f, §7Gutenberg§f, §7HotFixFallingBlockPortalEnter
§7§edefaults§7: pvpKnockBackVelocity
§6§lHooks:
§7AllViolations~NCP~ 1.0§f, §7ViolationFrequency~NCP~ 1.0
25-07-05 11:51:48 [INFO] Removed hook: ViolationFrequency(NCP) [1.0].
25-07-05 11:51:48 [INFO] Removed hook: AllViolations(NCP) [1.0].
25-07-05 11:51:48 [FINE] | cancel.dead 0 | cancel.offline 0 | block.interact.look.current 2 (2/0) | block.interact.look.flying.first 0 | block.interact.look.flying.other 0 | illegalitem 0 | boatsanywhere 0 | throwenderpearl 0 | fakeinvulnerable 0 | eggonentity 0 | event.player.move 4385 (4385/0) |
25-07-05 11:51:48 [INFO] [GenericInstanceRegistry] Registry cleared.
25-07-05 14:12:24 [INFO] Logger started.
25-07-05 14:12:24 [INFO] Logging system initialized.
25-07-05 14:12:24 [INFO] Detected Minecraft version: 1.16.5
25-07-05 14:12:27 [INFO] McAccess set to: 1.13-1.21|? / Bukkit-API
25-07-05 14:12:27 [INFO] Inventory checks: FastConsume is available, disabled InstantEat.
25-07-05 14:12:27 [INFO] Packet level access: ProtocolLib is not available.
25-07-05 14:12:27 [INFO] Force disable FastHeal, FastConsume, PacketFrequency and InstantBow on Minecraft 1.9 and later.
25-07-05 14:12:27 [INFO] Version 3.17.1-SNAPSHOT-Updated-b198 is enabled.
25-07-05 14:12:29 [INFO] Post-enable running...
25-07-05 14:12:29 [INFO] [GenericInstanceRegistry] Registered (override) for itself: fr.neatmonster.nocheatplus.hooks.ExemptionSettings
25-07-05 14:12:29 [INFO] [GenericInstanceRegistry] Registered for itself: fr.neatmonster.nocheatplus.stats.Counters
25-07-05 14:12:29 [INFO] [GenericInstanceRegistry] Registered for itself: fr.neatmonster.nocheatplus.checks.workaround.WRPT
25-07-05 14:12:29 [INFO] [GenericInstanceRegistry] Registered for itself: fr.neatmonster.nocheatplus.checks.moving.location.tracking.LocationTrace$TraceEntryPool
25-07-05 14:12:29 [INFO] [GenericInstanceRegistry] Registered for itself: fr.neatmonster.nocheatplus.utilities.entity.PassengerUtil
25-07-05 14:12:29 [INFO] [GenericInstanceRegistry] Registered for fr.neatmonster.nocheatplus.compat.IBridgeCrossPlugin: fr.neatmonster.nocheatplus.compat.meta.BridgeCrossPlugin
25-07-05 14:12:29 [INFO] [GenericInstanceRegistry] Registered for fr.neatmonster.nocheatplus.compat.MCAccess: fr.neatmonster.nocheatplus.compat.bukkit.MCAccessBukkitModern
25-07-05 14:12:29 [INFO] [GenericInstanceRegistry] Registered for fr.neatmonster.nocheatplus.utilities.map.BlockCache: fr.neatmonster.nocheatplus.compat.bukkit.BlockCacheBukkitModern
25-07-05 14:12:29 [INFO] [GenericInstanceRegistry] Registered for fr.neatmonster.nocheatplus.components.modifier.IAttributeAccess: fr.neatmonster.nocheatplus.compat.bukkit.BukkitAttributeAccess
25-07-05 14:12:29 [INFO] [GenericInstanceRegistry] Registered for fr.neatmonster.nocheatplus.components.entity.IEntityAccessVehicle: fr.neatmonster.nocheatplus.compat.bukkit.EntityAccessVehicleMultiPassenger
25-07-05 14:12:29 [INFO] [GenericInstanceRegistry] Registered for itself: fr.neatmonster.nocheatplus.checks.moving.util.AuxMoving
25-07-05 14:12:29 [INFO] Added hook: AllViolations(NCP) [1.0].
25-07-05 14:12:29 [INFO] Added hook: ViolationFrequency(NCP) [1.0].
25-07-05 14:12:29 [INFO] Post-enable finished.
25-07-05 14:12:29 [INFO] §c§l»Version information«§7
§6§lServer:§7
§7git-Patina-ver/1.16.5-"667fb1b" ~MC: 1.16.5~
§7§eDetected: §71.16.5
§6§lNoCheatPlus:§7
§7§ePlugin: §73.17.1-SNAPSHOT-Updated-b198
§7§eMCAccess: §71.13-1.21|? / Bukkit-API
§6§lFeatures:
§7§eblocks§7: BlocksMC1_4§f, §7BlocksMC1_5§f, §7BlocksMC1_6_1§f, §7BlocksMC1_7_2§f, §7BlocksMC1_8§f, §7BlocksMC1_9§f, §7BlocksMC1_10§f, §7BlocksMC1_11§f, §7BlocksMC1_12§f, §7BlocksMC1_13§f, §7BlocksMC1_14§f, §7BlocksMC1_15§f, §7BlocksMC1_16§f, §7MCAccessBukkitModern
§7§echecks§7: FastConsume§f, §7Gutenberg§f, §7HotFixFallingBlockPortalEnter
§7§edefaults§7: pvpKnockBackVelocity
§6§lHooks:
§7AllViolations~NCP~ 1.0§f, §7ViolationFrequency~NCP~ 1.0
25-07-05 14:16:08 [INFO] Removed hook: ViolationFrequency(NCP) [1.0].
25-07-05 14:16:08 [INFO] Removed hook: AllViolations(NCP) [1.0].
25-07-05 14:16:08 [FINE] | cancel.dead 0 | cancel.offline 0 | block.interact.look.current 0 | block.interact.look.flying.first 0 | block.interact.look.flying.other 0 | illegalitem 0 | boatsanywhere 0 | throwenderpearl 0 | fakeinvulnerable 0 | eggonentity 0 | event.player.move 1049 (1049/0) |
25-07-05 14:16:08 [INFO] [GenericInstanceRegistry] Registry cleared.
25-07-05 14:16:09 [INFO] Logger started.
25-07-05 14:16:09 [INFO] Logging system initialized.
25-07-05 14:16:09 [INFO] Detected Minecraft version: 1.16.5
25-07-05 14:16:11 [INFO] McAccess set to: 1.13-1.21|? / Bukkit-API
25-07-05 14:16:11 [INFO] Inventory checks: FastConsume is available, disabled InstantEat.
25-07-05 14:16:11 [INFO] Packet level access: ProtocolLib is not available.
25-07-05 14:16:11 [INFO] Force disable FastHeal, FastConsume, PacketFrequency and InstantBow on Minecraft 1.9 and later.
25-07-05 14:16:11 [INFO] Version 3.17.1-SNAPSHOT-Updated-b198 is enabled.
25-07-05 14:16:13 [INFO] [GenericInstanceRegistry] Registered (override) for itself: fr.neatmonster.nocheatplus.hooks.ExemptionSettings
25-07-05 14:16:13 [INFO] [GenericInstanceRegistry] Registered for itself: fr.neatmonster.nocheatplus.stats.Counters
25-07-05 14:16:13 [INFO] [GenericInstanceRegistry] Registered for itself: fr.neatmonster.nocheatplus.checks.workaround.WRPT
25-07-05 14:16:13 [INFO] [GenericInstanceRegistry] Registered for itself: fr.neatmonster.nocheatplus.checks.moving.location.tracking.LocationTrace$TraceEntryPool
25-07-05 14:16:13 [INFO] [GenericInstanceRegistry] Registered for itself: fr.neatmonster.nocheatplus.utilities.entity.PassengerUtil
25-07-05 14:16:13 [INFO] [GenericInstanceRegistry] Registered for fr.neatmonster.nocheatplus.compat.IBridgeCrossPlugin: fr.neatmonster.nocheatplus.compat.meta.BridgeCrossPlugin
25-07-05 14:16:13 [INFO] [GenericInstanceRegistry] Registered for fr.neatmonster.nocheatplus.compat.MCAccess: fr.neatmonster.nocheatplus.compat.bukkit.MCAccessBukkitModern
25-07-05 14:16:13 [INFO] [GenericInstanceRegistry] Registered for fr.neatmonster.nocheatplus.utilities.map.BlockCache: fr.neatmonster.nocheatplus.compat.bukkit.BlockCacheBukkitModern
25-07-05 14:16:13 [INFO] [GenericInstanceRegistry] Registered for fr.neatmonster.nocheatplus.components.modifier.IAttributeAccess: fr.neatmonster.nocheatplus.compat.bukkit.BukkitAttributeAccess
25-07-05 14:16:13 [INFO] [GenericInstanceRegistry] Registered for fr.neatmonster.nocheatplus.components.entity.IEntityAccessVehicle: fr.neatmonster.nocheatplus.compat.bukkit.EntityAccessVehicleMultiPassenger
25-07-05 14:16:13 [INFO] [GenericInstanceRegistry] Registered for itself: fr.neatmonster.nocheatplus.checks.moving.util.AuxMoving
25-07-05 14:16:13 [INFO] Added hook: AllViolations(NCP) [1.0].
25-07-05 14:16:13 [INFO] Added hook: ViolationFrequency(NCP) [1.0].
25-07-05 14:16:13 [INFO] Post-enable running...
25-07-05 14:16:13 [INFO] Updated data for 2 players (post-enable).
25-07-05 14:16:13 [INFO] Post-enable finished.
25-07-05 14:16:13 [INFO] §c§l»Version information«§7
§6§lServer:§7
§7git-Patina-ver/1.16.5-"667fb1b" ~MC: 1.16.5~
§7§eDetected: §71.16.5
§6§lNoCheatPlus:§7
§7§ePlugin: §73.17.1-SNAPSHOT-Updated-b198
§7§eMCAccess: §71.13-1.21|? / Bukkit-API
§6§lFeatures:
§7§eblocks§7: BlocksMC1_4§f, §7BlocksMC1_5§f, §7BlocksMC1_6_1§f, §7BlocksMC1_7_2§f, §7BlocksMC1_8§f, §7BlocksMC1_9§f, §7BlocksMC1_10§f, §7BlocksMC1_11§f, §7BlocksMC1_12§f, §7BlocksMC1_13§f, §7BlocksMC1_14§f, §7BlocksMC1_15§f, §7BlocksMC1_16§f, §7MCAccessBukkitModern
§7§echecks§7: FastConsume§f, §7Gutenberg§f, §7HotFixFallingBlockPortalEnter
§7§edefaults§7: pvpKnockBackVelocity
§6§lHooks:
§7AllViolations~NCP~ 1.0§f, §7ViolationFrequency~NCP~ 1.0
25-07-05 14:24:36 [INFO] Removed hook: ViolationFrequency(NCP) [1.0].
25-07-05 14:24:36 [INFO] Removed hook: AllViolations(NCP) [1.0].
25-07-05 14:24:36 [FINE] | cancel.dead 0 | cancel.offline 0 | block.interact.look.current 0 | block.interact.look.flying.first 0 | block.interact.look.flying.other 0 | illegalitem 0 | boatsanywhere 0 | throwenderpearl 0 | fakeinvulnerable 0 | eggonentity 0 | event.player.move 5368 (5368/0) |
25-07-05 14:24:36 [INFO] [GenericInstanceRegistry] Registry cleared.
25-07-05 14:24:37 [INFO] Logger started.
25-07-05 14:24:37 [INFO] Logging system initialized.
25-07-05 14:24:37 [INFO] Detected Minecraft version: 1.16.5
25-07-05 14:24:38 [INFO] McAccess set to: 1.13-1.21|? / Bukkit-API
25-07-05 14:24:38 [INFO] Inventory checks: FastConsume is available, disabled InstantEat.
25-07-05 14:24:38 [INFO] Packet level access: ProtocolLib is not available.
25-07-05 14:24:38 [INFO] Force disable FastHeal, FastConsume, PacketFrequency and InstantBow on Minecraft 1.9 and later.
25-07-05 14:24:38 [INFO] Version 3.17.1-SNAPSHOT-Updated-b198 is enabled.
25-07-05 14:24:40 [INFO] [GenericInstanceRegistry] Registered (override) for itself: fr.neatmonster.nocheatplus.hooks.ExemptionSettings
25-07-05 14:24:40 [INFO] [GenericInstanceRegistry] Registered for itself: fr.neatmonster.nocheatplus.stats.Counters
25-07-05 14:24:40 [INFO] [GenericInstanceRegistry] Registered for itself: fr.neatmonster.nocheatplus.checks.workaround.WRPT
25-07-05 14:24:40 [INFO] [GenericInstanceRegistry] Registered for itself: fr.neatmonster.nocheatplus.checks.moving.location.tracking.LocationTrace$TraceEntryPool
25-07-05 14:24:40 [INFO] [GenericInstanceRegistry] Registered for itself: fr.neatmonster.nocheatplus.utilities.entity.PassengerUtil
25-07-05 14:24:40 [INFO] [GenericInstanceRegistry] Registered for fr.neatmonster.nocheatplus.compat.IBridgeCrossPlugin: fr.neatmonster.nocheatplus.compat.meta.BridgeCrossPlugin
25-07-05 14:24:40 [INFO] [GenericInstanceRegistry] Registered for fr.neatmonster.nocheatplus.compat.MCAccess: fr.neatmonster.nocheatplus.compat.bukkit.MCAccessBukkitModern
25-07-05 14:24:40 [INFO] [GenericInstanceRegistry] Registered for fr.neatmonster.nocheatplus.utilities.map.BlockCache: fr.neatmonster.nocheatplus.compat.bukkit.BlockCacheBukkitModern
25-07-05 14:24:40 [INFO] [GenericInstanceRegistry] Registered for fr.neatmonster.nocheatplus.components.modifier.IAttributeAccess: fr.neatmonster.nocheatplus.compat.bukkit.BukkitAttributeAccess
25-07-05 14:24:40 [INFO] [GenericInstanceRegistry] Registered for fr.neatmonster.nocheatplus.components.entity.IEntityAccessVehicle: fr.neatmonster.nocheatplus.compat.bukkit.EntityAccessVehicleMultiPassenger
25-07-05 14:24:40 [INFO] [GenericInstanceRegistry] Registered for itself: fr.neatmonster.nocheatplus.checks.moving.util.AuxMoving
25-07-05 14:24:40 [INFO] Added hook: AllViolations(NCP) [1.0].
25-07-05 14:24:40 [INFO] Added hook: ViolationFrequency(NCP) [1.0].
25-07-05 14:24:40 [INFO] Post-enable running...
25-07-05 14:24:40 [INFO] Updated data for 2 players (post-enable).
25-07-05 14:24:40 [INFO] Post-enable finished.
25-07-05 14:24:40 [INFO] §c§l»Version information«§7
§6§lServer:§7
§7git-Patina-ver/1.16.5-"667fb1b" ~MC: 1.16.5~
§7§eDetected: §71.16.5
§6§lNoCheatPlus:§7
§7§ePlugin: §73.17.1-SNAPSHOT-Updated-b198
§7§eMCAccess: §71.13-1.21|? / Bukkit-API
§6§lFeatures:
§7§eblocks§7: BlocksMC1_4§f, §7BlocksMC1_5§f, §7BlocksMC1_6_1§f, §7BlocksMC1_7_2§f, §7BlocksMC1_8§f, §7BlocksMC1_9§f, §7BlocksMC1_10§f, §7BlocksMC1_11§f, §7BlocksMC1_12§f, §7BlocksMC1_13§f, §7BlocksMC1_14§f, §7BlocksMC1_15§f, §7BlocksMC1_16§f, §7MCAccessBukkitModern
§7§echecks§7: FastConsume§f, §7Gutenberg§f, §7HotFixFallingBlockPortalEnter
§7§edefaults§7: pvpKnockBackVelocity
§6§lHooks:
§7AllViolations~NCP~ 1.0§f, §7ViolationFrequency~NCP~ 1.0
25-07-05 14:26:00 [INFO] Removed hook: ViolationFrequency(NCP) [1.0].
25-07-05 14:26:00 [INFO] Removed hook: AllViolations(NCP) [1.0].
25-07-05 14:26:00 [FINE] | cancel.dead 0 | cancel.offline 0 | block.interact.look.current 0 | block.interact.look.flying.first 0 | block.interact.look.flying.other 0 | illegalitem 0 | boatsanywhere 0 | throwenderpearl 0 | fakeinvulnerable 0 | eggonentity 0 | event.player.move 1281 (1281/0) |
25-07-05 14:26:00 [INFO] [GenericInstanceRegistry] Registry cleared.
25-07-05 14:26:49 [INFO] Logger started.
25-07-05 14:26:49 [INFO] Logging system initialized.
25-07-05 14:26:49 [INFO] Detected Minecraft version: 1.16.5
25-07-05 14:26:51 [INFO] McAccess set to: 1.13-1.21|? / Bukkit-API
25-07-05 14:26:51 [INFO] Inventory checks: FastConsume is available, disabled InstantEat.
25-07-05 14:26:51 [INFO] Packet level access: ProtocolLib is not available.
25-07-05 14:26:51 [INFO] Force disable FastHeal, FastConsume, PacketFrequency and InstantBow on Minecraft 1.9 and later.
25-07-05 14:26:51 [INFO] Version 3.17.1-SNAPSHOT-Updated-b198 is enabled.
25-07-05 14:26:54 [INFO] [GenericInstanceRegistry] Registered (override) for itself: fr.neatmonster.nocheatplus.hooks.ExemptionSettings
25-07-05 14:26:54 [INFO] [GenericInstanceRegistry] Registered for itself: fr.neatmonster.nocheatplus.stats.Counters
25-07-05 14:26:54 [INFO] [GenericInstanceRegistry] Registered for itself: fr.neatmonster.nocheatplus.checks.workaround.WRPT
25-07-05 14:26:54 [INFO] [GenericInstanceRegistry] Registered for itself: fr.neatmonster.nocheatplus.checks.moving.location.tracking.LocationTrace$TraceEntryPool
25-07-05 14:26:54 [INFO] [GenericInstanceRegistry] Registered for itself: fr.neatmonster.nocheatplus.utilities.entity.PassengerUtil
25-07-05 14:26:54 [INFO] [GenericInstanceRegistry] Registered for fr.neatmonster.nocheatplus.compat.IBridgeCrossPlugin: fr.neatmonster.nocheatplus.compat.meta.BridgeCrossPlugin
25-07-05 14:26:54 [INFO] [GenericInstanceRegistry] Registered for fr.neatmonster.nocheatplus.compat.MCAccess: fr.neatmonster.nocheatplus.compat.bukkit.MCAccessBukkitModern
25-07-05 14:26:54 [INFO] [GenericInstanceRegistry] Registered for fr.neatmonster.nocheatplus.utilities.map.BlockCache: fr.neatmonster.nocheatplus.compat.bukkit.BlockCacheBukkitModern
25-07-05 14:26:54 [INFO] [GenericInstanceRegistry] Registered for fr.neatmonster.nocheatplus.components.modifier.IAttributeAccess: fr.neatmonster.nocheatplus.compat.bukkit.BukkitAttributeAccess
25-07-05 14:26:54 [INFO] [GenericInstanceRegistry] Registered for fr.neatmonster.nocheatplus.components.entity.IEntityAccessVehicle: fr.neatmonster.nocheatplus.compat.bukkit.EntityAccessVehicleMultiPassenger
25-07-05 14:26:54 [INFO] [GenericInstanceRegistry] Registered for itself: fr.neatmonster.nocheatplus.checks.moving.util.AuxMoving
25-07-05 14:26:54 [INFO] Post-enable running...
25-07-05 14:26:54 [INFO] Added hook: AllViolations(NCP) [1.0].
25-07-05 14:26:54 [INFO] Added hook: ViolationFrequency(NCP) [1.0].
25-07-05 14:26:54 [INFO] Post-enable finished.
25-07-05 14:26:54 [INFO] §c§l»Version information«§7
§6§lServer:§7
§7git-Patina-ver/1.16.5-"667fb1b" ~MC: 1.16.5~
§7§eDetected: §71.16.5
§6§lNoCheatPlus:§7
§7§ePlugin: §73.17.1-SNAPSHOT-Updated-b198
§7§eMCAccess: §71.13-1.21|? / Bukkit-API
§6§lFeatures:
§7§eblocks§7: BlocksMC1_4§f, §7BlocksMC1_5§f, §7BlocksMC1_6_1§f, §7BlocksMC1_7_2§f, §7BlocksMC1_8§f, §7BlocksMC1_9§f, §7BlocksMC1_10§f, §7BlocksMC1_11§f, §7BlocksMC1_12§f, §7BlocksMC1_13§f, §7BlocksMC1_14§f, §7BlocksMC1_15§f, §7BlocksMC1_16§f, §7MCAccessBukkitModern
§7§echecks§7: FastConsume§f, §7Gutenberg§f, §7HotFixFallingBlockPortalEnter
§7§edefaults§7: pvpKnockBackVelocity
§6§lHooks:
§7AllViolations~NCP~ 1.0§f, §7ViolationFrequency~NCP~ 1.0
25-07-05 14:31:55 [INFO] Removed hook: ViolationFrequency(NCP) [1.0].
25-07-05 14:31:55 [INFO] Removed hook: AllViolations(NCP) [1.0].
25-07-05 14:31:55 [FINE] | cancel.dead 0 | cancel.offline 0 | block.interact.look.current 0 | block.interact.look.flying.first 0 | block.interact.look.flying.other 0 | illegalitem 0 | boatsanywhere 0 | throwenderpearl 0 | fakeinvulnerable 0 | eggonentity 0 | event.player.move 0 |
25-07-05 14:31:55 [INFO] [GenericInstanceRegistry] Registry cleared.
25-07-05 15:35:35 [INFO] Logger started.
25-07-05 15:35:35 [INFO] Logging system initialized.
25-07-05 15:35:35 [INFO] Detected Minecraft version: 1.16.5
25-07-05 15:35:39 [INFO] McAccess set to: 1.13-1.21|? / Bukkit-API
25-07-05 15:35:40 [INFO] Inventory checks: FastConsume is available, disabled InstantEat.
25-07-05 15:35:40 [INFO] Packet level access: ProtocolLib is not available.
25-07-05 15:35:40 [INFO] Force disable FastHeal, FastConsume, PacketFrequency and InstantBow on Minecraft 1.9 and later.
25-07-05 15:35:40 [INFO] Version 3.17.1-SNAPSHOT-Updated-b198 is enabled.
25-07-05 15:35:47 [INFO] Post-enable running...
25-07-05 15:35:47 [INFO] Post-enable finished.
25-07-05 15:35:47 [INFO] [GenericInstanceRegistry] Registered (override) for itself: fr.neatmonster.nocheatplus.hooks.ExemptionSettings
25-07-05 15:35:47 [INFO] [GenericInstanceRegistry] Registered for itself: fr.neatmonster.nocheatplus.stats.Counters
25-07-05 15:35:47 [INFO] [GenericInstanceRegistry] Registered for itself: fr.neatmonster.nocheatplus.checks.workaround.WRPT
25-07-05 15:35:47 [INFO] [GenericInstanceRegistry] Registered for itself: fr.neatmonster.nocheatplus.checks.moving.location.tracking.LocationTrace$TraceEntryPool
25-07-05 15:35:47 [INFO] [GenericInstanceRegistry] Registered for itself: fr.neatmonster.nocheatplus.utilities.entity.PassengerUtil
25-07-05 15:35:47 [INFO] [GenericInstanceRegistry] Registered for fr.neatmonster.nocheatplus.compat.IBridgeCrossPlugin: fr.neatmonster.nocheatplus.compat.meta.BridgeCrossPlugin
25-07-05 15:35:47 [INFO] [GenericInstanceRegistry] Registered for fr.neatmonster.nocheatplus.compat.MCAccess: fr.neatmonster.nocheatplus.compat.bukkit.MCAccessBukkitModern
25-07-05 15:35:47 [INFO] [GenericInstanceRegistry] Registered for fr.neatmonster.nocheatplus.utilities.map.BlockCache: fr.neatmonster.nocheatplus.compat.bukkit.BlockCacheBukkitModern
25-07-05 15:35:47 [INFO] [GenericInstanceRegistry] Registered for fr.neatmonster.nocheatplus.components.modifier.IAttributeAccess: fr.neatmonster.nocheatplus.compat.bukkit.BukkitAttributeAccess
25-07-05 15:35:47 [INFO] [GenericInstanceRegistry] Registered for fr.neatmonster.nocheatplus.components.entity.IEntityAccessVehicle: fr.neatmonster.nocheatplus.compat.bukkit.EntityAccessVehicleMultiPassenger
25-07-05 15:35:47 [INFO] [GenericInstanceRegistry] Registered for itself: fr.neatmonster.nocheatplus.checks.moving.util.AuxMoving
25-07-05 15:35:47 [INFO] Added hook: AllViolations(NCP) [1.0].
25-07-05 15:35:47 [INFO] Added hook: ViolationFrequency(NCP) [1.0].
25-07-05 15:35:47 [INFO] §c§l»Version information«§7
§6§lServer:§7
§7git-Patina-ver/1.16.5-"667fb1b" ~MC: 1.16.5~
§7§eDetected: §71.16.5
§6§lNoCheatPlus:§7
§7§ePlugin: §73.17.1-SNAPSHOT-Updated-b198
§7§eMCAccess: §71.13-1.21|? / Bukkit-API
§6§lFeatures:
§7§eblocks§7: BlocksMC1_4§f, §7BlocksMC1_5§f, §7BlocksMC1_6_1§f, §7BlocksMC1_7_2§f, §7BlocksMC1_8§f, §7BlocksMC1_9§f, §7BlocksMC1_10§f, §7BlocksMC1_11§f, §7BlocksMC1_12§f, §7BlocksMC1_13§f, §7BlocksMC1_14§f, §7BlocksMC1_15§f, §7BlocksMC1_16§f, §7MCAccessBukkitModern
§7§echecks§7: FastConsume§f, §7Gutenberg§f, §7HotFixFallingBlockPortalEnter
§7§edefaults§7: pvpKnockBackVelocity
§6§lHooks:
§7AllViolations~NCP~ 1.0§f, §7ViolationFrequency~NCP~ 1.0
25-07-05 15:37:04 [INFO] Removed hook: ViolationFrequency(NCP) [1.0].
25-07-05 15:37:04 [INFO] Removed hook: AllViolations(NCP) [1.0].
25-07-05 15:37:04 [FINE] | cancel.dead 0 | cancel.offline 0 | block.interact.look.current 0 | block.interact.look.flying.first 0 | block.interact.look.flying.other 0 | illegalitem 0 | boatsanywhere 0 | throwenderpearl 0 | fakeinvulnerable 0 | eggonentity 0 | event.player.move 721 (721/0) |
25-07-05 15:37:04 [INFO] [GenericInstanceRegistry] Registry cleared.
25-07-05 15:39:01 [INFO] Logger started.
25-07-05 15:39:01 [INFO] Logging system initialized.
25-07-05 15:39:01 [INFO] Detected Minecraft version: 1.16.5
25-07-05 15:39:04 [INFO] McAccess set to: 1.13-1.21|? / Bukkit-API
25-07-05 15:39:04 [INFO] Inventory checks: FastConsume is available, disabled InstantEat.
25-07-05 15:39:04 [INFO] Packet level access: ProtocolLib is not available.
25-07-05 15:39:04 [INFO] Force disable FastHeal, FastConsume, PacketFrequency and InstantBow on Minecraft 1.9 and later.
25-07-05 15:39:04 [INFO] Version 3.17.1-SNAPSHOT-Updated-b198 is enabled.
25-07-05 15:39:07 [INFO] [GenericInstanceRegistry] Registered (override) for itself: fr.neatmonster.nocheatplus.hooks.ExemptionSettings
25-07-05 15:39:07 [INFO] [GenericInstanceRegistry] Registered for itself: fr.neatmonster.nocheatplus.stats.Counters
25-07-05 15:39:07 [INFO] [GenericInstanceRegistry] Registered for itself: fr.neatmonster.nocheatplus.checks.workaround.WRPT
25-07-05 15:39:07 [INFO] [GenericInstanceRegistry] Registered for itself: fr.neatmonster.nocheatplus.checks.moving.location.tracking.LocationTrace$TraceEntryPool
25-07-05 15:39:07 [INFO] [GenericInstanceRegistry] Registered for itself: fr.neatmonster.nocheatplus.utilities.entity.PassengerUtil
25-07-05 15:39:07 [INFO] [GenericInstanceRegistry] Registered for fr.neatmonster.nocheatplus.compat.IBridgeCrossPlugin: fr.neatmonster.nocheatplus.compat.meta.BridgeCrossPlugin
25-07-05 15:39:07 [INFO] [GenericInstanceRegistry] Registered for fr.neatmonster.nocheatplus.compat.MCAccess: fr.neatmonster.nocheatplus.compat.bukkit.MCAccessBukkitModern
25-07-05 15:39:07 [INFO] [GenericInstanceRegistry] Registered for fr.neatmonster.nocheatplus.utilities.map.BlockCache: fr.neatmonster.nocheatplus.compat.bukkit.BlockCacheBukkitModern
25-07-05 15:39:07 [INFO] [GenericInstanceRegistry] Registered for fr.neatmonster.nocheatplus.components.modifier.IAttributeAccess: fr.neatmonster.nocheatplus.compat.bukkit.BukkitAttributeAccess
25-07-05 15:39:07 [INFO] [GenericInstanceRegistry] Registered for fr.neatmonster.nocheatplus.components.entity.IEntityAccessVehicle: fr.neatmonster.nocheatplus.compat.bukkit.EntityAccessVehicleMultiPassenger
25-07-05 15:39:07 [INFO] [GenericInstanceRegistry] Registered for itself: fr.neatmonster.nocheatplus.checks.moving.util.AuxMoving
25-07-05 15:39:07 [INFO] Added hook: AllViolations(NCP) [1.0].
25-07-05 15:39:07 [INFO] Added hook: ViolationFrequency(NCP) [1.0].
25-07-05 15:39:07 [INFO] Post-enable running...
25-07-05 15:39:07 [INFO] Post-enable finished.
25-07-05 15:39:07 [INFO] §c§l»Version information«§7
§6§lServer:§7
§7git-Patina-ver/1.16.5-"667fb1b" ~MC: 1.16.5~
§7§eDetected: §71.16.5
§6§lNoCheatPlus:§7
§7§ePlugin: §73.17.1-SNAPSHOT-Updated-b198
§7§eMCAccess: §71.13-1.21|? / Bukkit-API
§6§lFeatures:
§7§eblocks§7: BlocksMC1_4§f, §7BlocksMC1_5§f, §7BlocksMC1_6_1§f, §7BlocksMC1_7_2§f, §7BlocksMC1_8§f, §7BlocksMC1_9§f, §7BlocksMC1_10§f, §7BlocksMC1_11§f, §7BlocksMC1_12§f, §7BlocksMC1_13§f, §7BlocksMC1_14§f, §7BlocksMC1_15§f, §7BlocksMC1_16§f, §7MCAccessBukkitModern
§7§echecks§7: FastConsume§f, §7Gutenberg§f, §7HotFixFallingBlockPortalEnter
§7§edefaults§7: pvpKnockBackVelocity
§6§lHooks:
§7AllViolations~NCP~ 1.0§f, §7ViolationFrequency~NCP~ 1.0
25-07-05 15:45:08 [INFO] Removed hook: ViolationFrequency(NCP) [1.0].
25-07-05 15:45:08 [INFO] Removed hook: AllViolations(NCP) [1.0].
25-07-05 15:45:08 [FINE] | cancel.dead 0 | cancel.offline 0 | block.interact.look.current 0 | block.interact.look.flying.first 0 | block.interact.look.flying.other 0 | illegalitem 0 | boatsanywhere 0 | throwenderpearl 0 | fakeinvulnerable 0 | eggonentity 0 | event.player.move 3640 (3640/0) |
25-07-05 15:45:08 [INFO] [GenericInstanceRegistry] Registry cleared.
25-07-05 15:45:09 [INFO] Logger started.
25-07-05 15:45:09 [INFO] Logging system initialized.
25-07-05 15:45:09 [INFO] Detected Minecraft version: 1.16.5
25-07-05 15:45:10 [INFO] McAccess set to: 1.13-1.21|? / Bukkit-API
25-07-05 15:45:11 [INFO] Inventory checks: FastConsume is available, disabled InstantEat.
25-07-05 15:45:11 [INFO] Packet level access: ProtocolLib is not available.
25-07-05 15:45:11 [INFO] Force disable FastHeal, FastConsume, PacketFrequency and InstantBow on Minecraft 1.9 and later.
25-07-05 15:45:11 [INFO] Version 3.17.1-SNAPSHOT-Updated-b198 is enabled.
25-07-05 15:45:12 [INFO] [GenericInstanceRegistry] Registered (override) for itself: fr.neatmonster.nocheatplus.hooks.ExemptionSettings
25-07-05 15:45:12 [INFO] [GenericInstanceRegistry] Registered for itself: fr.neatmonster.nocheatplus.stats.Counters
25-07-05 15:45:12 [INFO] [GenericInstanceRegistry] Registered for itself: fr.neatmonster.nocheatplus.checks.workaround.WRPT
25-07-05 15:45:12 [INFO] [GenericInstanceRegistry] Registered for itself: fr.neatmonster.nocheatplus.checks.moving.location.tracking.LocationTrace$TraceEntryPool
25-07-05 15:45:12 [INFO] [GenericInstanceRegistry] Registered for itself: fr.neatmonster.nocheatplus.utilities.entity.PassengerUtil
25-07-05 15:45:12 [INFO] [GenericInstanceRegistry] Registered for fr.neatmonster.nocheatplus.compat.IBridgeCrossPlugin: fr.neatmonster.nocheatplus.compat.meta.BridgeCrossPlugin
25-07-05 15:45:12 [INFO] [GenericInstanceRegistry] Registered for fr.neatmonster.nocheatplus.compat.MCAccess: fr.neatmonster.nocheatplus.compat.bukkit.MCAccessBukkitModern
25-07-05 15:45:12 [INFO] [GenericInstanceRegistry] Registered for fr.neatmonster.nocheatplus.utilities.map.BlockCache: fr.neatmonster.nocheatplus.compat.bukkit.BlockCacheBukkitModern
25-07-05 15:45:12 [INFO] [GenericInstanceRegistry] Registered for fr.neatmonster.nocheatplus.components.modifier.IAttributeAccess: fr.neatmonster.nocheatplus.compat.bukkit.BukkitAttributeAccess
25-07-05 15:45:12 [INFO] [GenericInstanceRegistry] Registered for fr.neatmonster.nocheatplus.components.entity.IEntityAccessVehicle: fr.neatmonster.nocheatplus.compat.bukkit.EntityAccessVehicleMultiPassenger
25-07-05 15:45:12 [INFO] [GenericInstanceRegistry] Registered for itself: fr.neatmonster.nocheatplus.checks.moving.util.AuxMoving
25-07-05 15:45:12 [INFO] Added hook: AllViolations(NCP) [1.0].
25-07-05 15:45:12 [INFO] Added hook: ViolationFrequency(NCP) [1.0].
25-07-05 15:45:12 [INFO] Post-enable running...
25-07-05 15:45:12 [INFO] Updated data for 2 players (post-enable).
25-07-05 15:45:12 [INFO] Post-enable finished.
25-07-05 15:45:12 [INFO] §c§l»Version information«§7
§6§lServer:§7
§7git-Patina-ver/1.16.5-"667fb1b" ~MC: 1.16.5~
§7§eDetected: §71.16.5
§6§lNoCheatPlus:§7
§7§ePlugin: §73.17.1-SNAPSHOT-Updated-b198
§7§eMCAccess: §71.13-1.21|? / Bukkit-API
§6§lFeatures:
§7§eblocks§7: BlocksMC1_4§f, §7BlocksMC1_5§f, §7BlocksMC1_6_1§f, §7BlocksMC1_7_2§f, §7BlocksMC1_8§f, §7BlocksMC1_9§f, §7BlocksMC1_10§f, §7BlocksMC1_11§f, §7BlocksMC1_12§f, §7BlocksMC1_13§f, §7BlocksMC1_14§f, §7BlocksMC1_15§f, §7BlocksMC1_16§f, §7MCAccessBukkitModern
§7§echecks§7: FastConsume§f, §7Gutenberg§f, §7HotFixFallingBlockPortalEnter
§7§edefaults§7: pvpKnockBackVelocity
§6§lHooks:
§7AllViolations~NCP~ 1.0§f, §7ViolationFrequency~NCP~ 1.0
25-07-05 15:46:58 [INFO] Removed hook: ViolationFrequency(NCP) [1.0].
25-07-05 15:46:58 [INFO] Removed hook: AllViolations(NCP) [1.0].
25-07-05 15:46:58 [FINE] | cancel.dead 0 | cancel.offline 0 | block.interact.look.current 0 | block.interact.look.flying.first 0 | block.interact.look.flying.other 0 | illegalitem 0 | boatsanywhere 0 | throwenderpearl 0 | fakeinvulnerable 0 | eggonentity 0 | event.player.move 722 (722/0) |
25-07-05 15:46:58 [INFO] [GenericInstanceRegistry] Registry cleared.
25-07-06 10:21:57 [INFO] Logger started.
25-07-06 10:21:57 [INFO] Logging system initialized.
25-07-06 10:21:57 [INFO] Detected Minecraft version: 1.16.5
25-07-06 10:22:02 [INFO] McAccess set to: 1.13-1.21|? / Bukkit-API
25-07-06 10:22:03 [INFO] Inventory checks: FastConsume is available, disabled InstantEat.
25-07-06 10:22:03 [INFO] Packet level access: ProtocolLib is not available.
25-07-06 10:22:03 [INFO] Force disable FastHeal, FastConsume, PacketFrequency and InstantBow on Minecraft 1.9 and later.
25-07-06 10:22:03 [INFO] Version 3.17.1-SNAPSHOT-Updated-b198 is enabled.
25-07-06 10:22:07 [INFO] [GenericInstanceRegistry] Registered (override) for itself: fr.neatmonster.nocheatplus.hooks.ExemptionSettings
25-07-06 10:22:07 [INFO] [GenericInstanceRegistry] Registered for itself: fr.neatmonster.nocheatplus.stats.Counters
25-07-06 10:22:07 [INFO] [GenericInstanceRegistry] Registered for itself: fr.neatmonster.nocheatplus.checks.workaround.WRPT
25-07-06 10:22:07 [INFO] [GenericInstanceRegistry] Registered for itself: fr.neatmonster.nocheatplus.checks.moving.location.tracking.LocationTrace$TraceEntryPool
25-07-06 10:22:07 [INFO] [GenericInstanceRegistry] Registered for itself: fr.neatmonster.nocheatplus.utilities.entity.PassengerUtil
25-07-06 10:22:07 [INFO] [GenericInstanceRegistry] Registered for fr.neatmonster.nocheatplus.compat.IBridgeCrossPlugin: fr.neatmonster.nocheatplus.compat.meta.BridgeCrossPlugin
25-07-06 10:22:07 [INFO] [GenericInstanceRegistry] Registered for fr.neatmonster.nocheatplus.compat.MCAccess: fr.neatmonster.nocheatplus.compat.bukkit.MCAccessBukkitModern
25-07-06 10:22:07 [INFO] [GenericInstanceRegistry] Registered for fr.neatmonster.nocheatplus.utilities.map.BlockCache: fr.neatmonster.nocheatplus.compat.bukkit.BlockCacheBukkitModern
25-07-06 10:22:07 [INFO] [GenericInstanceRegistry] Registered for fr.neatmonster.nocheatplus.components.modifier.IAttributeAccess: fr.neatmonster.nocheatplus.compat.bukkit.BukkitAttributeAccess
25-07-06 10:22:07 [INFO] [GenericInstanceRegistry] Registered for fr.neatmonster.nocheatplus.components.entity.IEntityAccessVehicle: fr.neatmonster.nocheatplus.compat.bukkit.EntityAccessVehicleMultiPassenger
25-07-06 10:22:07 [INFO] [GenericInstanceRegistry] Registered for itself: fr.neatmonster.nocheatplus.checks.moving.util.AuxMoving
25-07-06 10:22:07 [INFO] Added hook: AllViolations(NCP) [1.0].
25-07-06 10:22:07 [INFO] Added hook: ViolationFrequency(NCP) [1.0].
25-07-06 10:22:07 [INFO] Post-enable running...
25-07-06 10:22:07 [INFO] Post-enable finished.
25-07-06 10:22:07 [INFO] §c§l»Version information«§7
§6§lServer:§7
§7git-Patina-ver/1.16.5-"667fb1b" ~MC: 1.16.5~
§7§eDetected: §71.16.5
§6§lNoCheatPlus:§7
§7§ePlugin: §73.17.1-SNAPSHOT-Updated-b198
§7§eMCAccess: §71.13-1.21|? / Bukkit-API
§6§lFeatures:
§7§eblocks§7: BlocksMC1_4§f, §7BlocksMC1_5§f, §7BlocksMC1_6_1§f, §7BlocksMC1_7_2§f, §7BlocksMC1_8§f, §7BlocksMC1_9§f, §7BlocksMC1_10§f, §7BlocksMC1_11§f, §7BlocksMC1_12§f, §7BlocksMC1_13§f, §7BlocksMC1_14§f, §7BlocksMC1_15§f, §7BlocksMC1_16§f, §7MCAccessBukkitModern
§7§echecks§7: FastConsume§f, §7Gutenberg§f, §7HotFixFallingBlockPortalEnter
§7§edefaults§7: pvpKnockBackVelocity
§6§lHooks:
§7AllViolations~NCP~ 1.0§f, §7ViolationFrequency~NCP~ 1.0
25-07-06 10:59:36 [INFO] Removed hook: ViolationFrequency(NCP) [1.0].
25-07-06 10:59:36 [INFO] Removed hook: AllViolations(NCP) [1.0].
25-07-06 10:59:36 [FINE] | cancel.dead 0 | cancel.offline 0 | block.interact.look.current 1 (1/0) | block.interact.look.flying.first 0 | block.interact.look.flying.other 0 | illegalitem 0 | boatsanywhere 0 | throwenderpearl 0 | fakeinvulnerable 0 | eggonentity 0 | event.player.move 3052 (3052/0) |
25-07-06 10:59:36 [INFO] [GenericInstanceRegistry] Registry cleared.
25-07-06 10:59:38 [INFO] Logger started.
25-07-06 10:59:38 [INFO] Logging system initialized.
25-07-06 10:59:38 [INFO] Detected Minecraft version: 1.16.5
25-07-06 10:59:40 [INFO] McAccess set to: 1.13-1.21|? / Bukkit-API
25-07-06 10:59:41 [INFO] Inventory checks: FastConsume is available, disabled InstantEat.
25-07-06 10:59:41 [INFO] Packet level access: ProtocolLib is not available.
25-07-06 10:59:41 [INFO] Force disable FastHeal, FastConsume, PacketFrequency and InstantBow on Minecraft 1.9 and later.
25-07-06 10:59:41 [INFO] Version 3.17.1-SNAPSHOT-Updated-b198 is enabled.
25-07-06 10:59:43 [INFO] [GenericInstanceRegistry] Registered (override) for itself: fr.neatmonster.nocheatplus.hooks.ExemptionSettings
25-07-06 10:59:43 [INFO] [GenericInstanceRegistry] Registered for itself: fr.neatmonster.nocheatplus.stats.Counters
25-07-06 10:59:43 [INFO] [GenericInstanceRegistry] Registered for itself: fr.neatmonster.nocheatplus.checks.workaround.WRPT
25-07-06 10:59:43 [INFO] [GenericInstanceRegistry] Registered for itself: fr.neatmonster.nocheatplus.checks.moving.location.tracking.LocationTrace$TraceEntryPool
25-07-06 10:59:43 [INFO] [GenericInstanceRegistry] Registered for itself: fr.neatmonster.nocheatplus.utilities.entity.PassengerUtil
25-07-06 10:59:43 [INFO] [GenericInstanceRegistry] Registered for fr.neatmonster.nocheatplus.compat.IBridgeCrossPlugin: fr.neatmonster.nocheatplus.compat.meta.BridgeCrossPlugin
25-07-06 10:59:43 [INFO] [GenericInstanceRegistry] Registered for fr.neatmonster.nocheatplus.compat.MCAccess: fr.neatmonster.nocheatplus.compat.bukkit.MCAccessBukkitModern
25-07-06 10:59:43 [INFO] [GenericInstanceRegistry] Registered for fr.neatmonster.nocheatplus.utilities.map.BlockCache: fr.neatmonster.nocheatplus.compat.bukkit.BlockCacheBukkitModern
25-07-06 10:59:43 [INFO] [GenericInstanceRegistry] Registered for fr.neatmonster.nocheatplus.components.modifier.IAttributeAccess: fr.neatmonster.nocheatplus.compat.bukkit.BukkitAttributeAccess
25-07-06 10:59:43 [INFO] [GenericInstanceRegistry] Registered for fr.neatmonster.nocheatplus.components.entity.IEntityAccessVehicle: fr.neatmonster.nocheatplus.compat.bukkit.EntityAccessVehicleMultiPassenger
25-07-06 10:59:43 [INFO] [GenericInstanceRegistry] Registered for itself: fr.neatmonster.nocheatplus.checks.moving.util.AuxMoving
25-07-06 10:59:43 [INFO] Added hook: AllViolations(NCP) [1.0].
25-07-06 10:59:43 [INFO] Added hook: ViolationFrequency(NCP) [1.0].
25-07-06 10:59:43 [INFO] Post-enable running...
25-07-06 10:59:43 [INFO] Updated data for 2 players (post-enable).
25-07-06 10:59:43 [INFO] Post-enable finished.
25-07-06 10:59:43 [INFO] §c§l»Version information«§7
§6§lServer:§7
§7git-Patina-ver/1.16.5-"667fb1b" ~MC: 1.16.5~
§7§eDetected: §71.16.5
§6§lNoCheatPlus:§7
§7§ePlugin: §73.17.1-SNAPSHOT-Updated-b198
§7§eMCAccess: §71.13-1.21|? / Bukkit-API
§6§lFeatures:
§7§eblocks§7: BlocksMC1_4§f, §7BlocksMC1_5§f, §7BlocksMC1_6_1§f, §7BlocksMC1_7_2§f, §7BlocksMC1_8§f, §7BlocksMC1_9§f, §7BlocksMC1_10§f, §7BlocksMC1_11§f, §7BlocksMC1_12§f, §7BlocksMC1_13§f, §7BlocksMC1_14§f, §7BlocksMC1_15§f, §7BlocksMC1_16§f, §7MCAccessBukkitModern
§7§echecks§7: FastConsume§f, §7Gutenberg§f, §7HotFixFallingBlockPortalEnter
§7§edefaults§7: pvpKnockBackVelocity
§6§lHooks:
§7AllViolations~NCP~ 1.0§f, §7ViolationFrequency~NCP~ 1.0
25-07-06 11:00:30 [INFO] Removed hook: ViolationFrequency(NCP) [1.0].
25-07-06 11:00:30 [INFO] Removed hook: AllViolations(NCP) [1.0].
25-07-06 11:00:30 [FINE] | cancel.dead 0 | cancel.offline 0 | block.interact.look.current 0 | block.interact.look.flying.first 0 | block.interact.look.flying.other 0 | illegalitem 0 | boatsanywhere 0 | throwenderpearl 0 | fakeinvulnerable 0 | eggonentity 0 | event.player.move 846 (846/0) |
25-07-06 11:00:30 [INFO] [GenericInstanceRegistry] Registry cleared.
25-07-06 11:00:51 [INFO] Logger started.
25-07-06 11:00:51 [INFO] Logging system initialized.
25-07-06 11:00:51 [INFO] Detected Minecraft version: 1.16.5
25-07-06 11:00:55 [INFO] McAccess set to: 1.13-1.21|? / Bukkit-API
25-07-06 11:00:55 [INFO] Inventory checks: FastConsume is available, disabled InstantEat.
25-07-06 11:00:55 [INFO] Packet level access: ProtocolLib is not available.
25-07-06 11:00:55 [INFO] Force disable FastHeal, FastConsume, PacketFrequency and InstantBow on Minecraft 1.9 and later.
25-07-06 11:00:55 [INFO] Version 3.17.1-SNAPSHOT-Updated-b198 is enabled.
25-07-06 11:00:58 [INFO] [GenericInstanceRegistry] Registered (override) for itself: fr.neatmonster.nocheatplus.hooks.ExemptionSettings
25-07-06 11:00:58 [INFO] [GenericInstanceRegistry] Registered for itself: fr.neatmonster.nocheatplus.stats.Counters
25-07-06 11:00:58 [INFO] [GenericInstanceRegistry] Registered for itself: fr.neatmonster.nocheatplus.checks.workaround.WRPT
25-07-06 11:00:58 [INFO] [GenericInstanceRegistry] Registered for itself: fr.neatmonster.nocheatplus.checks.moving.location.tracking.LocationTrace$TraceEntryPool
25-07-06 11:00:58 [INFO] [GenericInstanceRegistry] Registered for itself: fr.neatmonster.nocheatplus.utilities.entity.PassengerUtil
25-07-06 11:00:58 [INFO] [GenericInstanceRegistry] Registered for fr.neatmonster.nocheatplus.compat.IBridgeCrossPlugin: fr.neatmonster.nocheatplus.compat.meta.BridgeCrossPlugin
25-07-06 11:00:58 [INFO] [GenericInstanceRegistry] Registered for fr.neatmonster.nocheatplus.compat.MCAccess: fr.neatmonster.nocheatplus.compat.bukkit.MCAccessBukkitModern
25-07-06 11:00:58 [INFO] [GenericInstanceRegistry] Registered for fr.neatmonster.nocheatplus.utilities.map.BlockCache: fr.neatmonster.nocheatplus.compat.bukkit.BlockCacheBukkitModern
25-07-06 11:00:58 [INFO] [GenericInstanceRegistry] Registered for fr.neatmonster.nocheatplus.components.modifier.IAttributeAccess: fr.neatmonster.nocheatplus.compat.bukkit.BukkitAttributeAccess
25-07-06 11:00:58 [INFO] [GenericInstanceRegistry] Registered for fr.neatmonster.nocheatplus.components.entity.IEntityAccessVehicle: fr.neatmonster.nocheatplus.compat.bukkit.EntityAccessVehicleMultiPassenger
25-07-06 11:00:58 [INFO] [GenericInstanceRegistry] Registered for itself: fr.neatmonster.nocheatplus.checks.moving.util.AuxMoving
25-07-06 11:00:58 [INFO] Added hook: AllViolations(NCP) [1.0].
25-07-06 11:00:58 [INFO] Added hook: ViolationFrequency(NCP) [1.0].
25-07-06 11:00:58 [INFO] Post-enable running...
25-07-06 11:00:58 [INFO] Post-enable finished.
25-07-06 11:00:58 [INFO] §c§l»Version information«§7
§6§lServer:§7
§7git-Patina-ver/1.16.5-"667fb1b" ~MC: 1.16.5~
§7§eDetected: §71.16.5
§6§lNoCheatPlus:§7
§7§ePlugin: §73.17.1-SNAPSHOT-Updated-b198
§7§eMCAccess: §71.13-1.21|? / Bukkit-API
§6§lFeatures:
§7§eblocks§7: BlocksMC1_4§f, §7BlocksMC1_5§f, §7BlocksMC1_6_1§f, §7BlocksMC1_7_2§f, §7BlocksMC1_8§f, §7BlocksMC1_9§f, §7BlocksMC1_10§f, §7BlocksMC1_11§f, §7BlocksMC1_12§f, §7BlocksMC1_13§f, §7BlocksMC1_14§f, §7BlocksMC1_15§f, §7BlocksMC1_16§f, §7MCAccessBukkitModern
§7§echecks§7: FastConsume§f, §7Gutenberg§f, §7HotFixFallingBlockPortalEnter
§7§edefaults§7: pvpKnockBackVelocity
§6§lHooks:
§7AllViolations~NCP~ 1.0§f, §7ViolationFrequency~NCP~ 1.0
25-07-06 11:26:37 [INFO] Removed hook: ViolationFrequency(NCP) [1.0].
25-07-06 11:26:37 [INFO] Removed hook: AllViolations(NCP) [1.0].
25-07-06 11:26:37 [FINE] | cancel.dead 0 | cancel.offline 0 | block.interact.look.current 0 | block.interact.look.flying.first 0 | block.interact.look.flying.other 0 | illegalitem 0 | boatsanywhere 0 | throwenderpearl 0 | fakeinvulnerable 0 | eggonentity 0 | event.player.move 3267 (3267/0) |
25-07-06 11:26:37 [INFO] [GenericInstanceRegistry] Registry cleared.
25-07-06 11:31:43 [INFO] Logger started.
25-07-06 11:31:43 [INFO] Logging system initialized.
25-07-06 11:31:43 [INFO] Detected Minecraft version: 1.16.5
25-07-06 11:31:45 [INFO] McAccess set to: 1.13-1.21|? / Bukkit-API
25-07-06 11:31:45 [INFO] Inventory checks: FastConsume is available, disabled InstantEat.
25-07-06 11:31:45 [INFO] Packet level access: ProtocolLib is not available.
25-07-06 11:31:45 [INFO] Force disable FastHeal, FastConsume, PacketFrequency and InstantBow on Minecraft 1.9 and later.
25-07-06 11:31:45 [INFO] Version 3.17.1-SNAPSHOT-Updated-b198 is enabled.
25-07-06 11:31:48 [INFO] [GenericInstanceRegistry] Registered (override) for itself: fr.neatmonster.nocheatplus.hooks.ExemptionSettings
25-07-06 11:31:48 [INFO] [GenericInstanceRegistry] Registered for itself: fr.neatmonster.nocheatplus.stats.Counters
25-07-06 11:31:48 [INFO] [GenericInstanceRegistry] Registered for itself: fr.neatmonster.nocheatplus.checks.workaround.WRPT
25-07-06 11:31:48 [INFO] [GenericInstanceRegistry] Registered for itself: fr.neatmonster.nocheatplus.checks.moving.location.tracking.LocationTrace$TraceEntryPool
25-07-06 11:31:48 [INFO] [GenericInstanceRegistry] Registered for itself: fr.neatmonster.nocheatplus.utilities.entity.PassengerUtil
25-07-06 11:31:48 [INFO] [GenericInstanceRegistry] Registered for fr.neatmonster.nocheatplus.compat.IBridgeCrossPlugin: fr.neatmonster.nocheatplus.compat.meta.BridgeCrossPlugin
25-07-06 11:31:48 [INFO] [GenericInstanceRegistry] Registered for fr.neatmonster.nocheatplus.compat.MCAccess: fr.neatmonster.nocheatplus.compat.bukkit.MCAccessBukkitModern
25-07-06 11:31:48 [INFO] [GenericInstanceRegistry] Registered for fr.neatmonster.nocheatplus.utilities.map.BlockCache: fr.neatmonster.nocheatplus.compat.bukkit.BlockCacheBukkitModern
25-07-06 11:31:48 [INFO] [GenericInstanceRegistry] Registered for fr.neatmonster.nocheatplus.components.modifier.IAttributeAccess: fr.neatmonster.nocheatplus.compat.bukkit.BukkitAttributeAccess
25-07-06 11:31:48 [INFO] [GenericInstanceRegistry] Registered for fr.neatmonster.nocheatplus.components.entity.IEntityAccessVehicle: fr.neatmonster.nocheatplus.compat.bukkit.EntityAccessVehicleMultiPassenger
25-07-06 11:31:48 [INFO] [GenericInstanceRegistry] Registered for itself: fr.neatmonster.nocheatplus.checks.moving.util.AuxMoving
25-07-06 11:31:48 [INFO] Added hook: AllViolations(NCP) [1.0].
25-07-06 11:31:48 [INFO] Added hook: ViolationFrequency(NCP) [1.0].
25-07-06 11:31:48 [INFO] Post-enable running...
25-07-06 11:31:48 [INFO] Post-enable finished.
25-07-06 11:31:48 [INFO] §c§l»Version information«§7
§6§lServer:§7
§7git-Patina-ver/1.16.5-"667fb1b" ~MC: 1.16.5~
§7§eDetected: §71.16.5
§6§lNoCheatPlus:§7
§7§ePlugin: §73.17.1-SNAPSHOT-Updated-b198
§7§eMCAccess: §71.13-1.21|? / Bukkit-API
§6§lFeatures:
§7§eblocks§7: BlocksMC1_4§f, §7BlocksMC1_5§f, §7BlocksMC1_6_1§f, §7BlocksMC1_7_2§f, §7BlocksMC1_8§f, §7BlocksMC1_9§f, §7BlocksMC1_10§f, §7BlocksMC1_11§f, §7BlocksMC1_12§f, §7BlocksMC1_13§f, §7BlocksMC1_14§f, §7BlocksMC1_15§f, §7BlocksMC1_16§f, §7MCAccessBukkitModern
§7§echecks§7: FastConsume§f, §7Gutenberg§f, §7HotFixFallingBlockPortalEnter
§7§edefaults§7: pvpKnockBackVelocity
§6§lHooks:
§7AllViolations~NCP~ 1.0§f, §7ViolationFrequency~NCP~ 1.0
25-07-06 11:52:09 [INFO] Removed hook: ViolationFrequency(NCP) [1.0].
25-07-06 11:52:09 [INFO] Removed hook: AllViolations(NCP) [1.0].
25-07-06 11:52:09 [FINE] | cancel.dead 0 | cancel.offline 0 | block.interact.look.current 0 | block.interact.look.flying.first 0 | block.interact.look.flying.other 0 | illegalitem 0 | boatsanywhere 0 | throwenderpearl 0 | fakeinvulnerable 0 | eggonentity 0 | event.player.move 10113 (10113/0) |
25-07-06 11:52:09 [INFO] [GenericInstanceRegistry] Registry cleared.
25-07-07 14:49:10 [INFO] Logger started.
25-07-07 14:49:10 [INFO] Logging system initialized.
25-07-07 14:49:10 [INFO] Detected Minecraft version: 1.16.5
25-07-07 14:49:15 [INFO] McAccess set to: 1.13-1.21|? / Bukkit-API
25-07-07 14:49:15 [INFO] Inventory checks: FastConsume is available, disabled InstantEat.
25-07-07 14:49:15 [INFO] Packet level access: ProtocolLib is not available.
25-07-07 14:49:15 [INFO] Force disable FastHeal, FastConsume, PacketFrequency and InstantBow on Minecraft 1.9 and later.
25-07-07 14:49:15 [INFO] Version 3.17.1-SNAPSHOT-Updated-b198 is enabled.
25-07-07 14:49:18 [INFO] [GenericInstanceRegistry] Registered (override) for itself: fr.neatmonster.nocheatplus.hooks.ExemptionSettings
25-07-07 14:49:18 [INFO] [GenericInstanceRegistry] Registered for itself: fr.neatmonster.nocheatplus.stats.Counters
25-07-07 14:49:18 [INFO] [GenericInstanceRegistry] Registered for itself: fr.neatmonster.nocheatplus.checks.workaround.WRPT
25-07-07 14:49:18 [INFO] [GenericInstanceRegistry] Registered for itself: fr.neatmonster.nocheatplus.checks.moving.location.tracking.LocationTrace$TraceEntryPool
25-07-07 14:49:18 [INFO] [GenericInstanceRegistry] Registered for itself: fr.neatmonster.nocheatplus.utilities.entity.PassengerUtil
25-07-07 14:49:18 [INFO] [GenericInstanceRegistry] Registered for fr.neatmonster.nocheatplus.compat.IBridgeCrossPlugin: fr.neatmonster.nocheatplus.compat.meta.BridgeCrossPlugin
25-07-07 14:49:18 [INFO] [GenericInstanceRegistry] Registered for fr.neatmonster.nocheatplus.compat.MCAccess: fr.neatmonster.nocheatplus.compat.bukkit.MCAccessBukkitModern
25-07-07 14:49:18 [INFO] [GenericInstanceRegistry] Registered for fr.neatmonster.nocheatplus.utilities.map.BlockCache: fr.neatmonster.nocheatplus.compat.bukkit.BlockCacheBukkitModern
25-07-07 14:49:18 [INFO] [GenericInstanceRegistry] Registered for fr.neatmonster.nocheatplus.components.modifier.IAttributeAccess: fr.neatmonster.nocheatplus.compat.bukkit.BukkitAttributeAccess
25-07-07 14:49:18 [INFO] [GenericInstanceRegistry] Registered for fr.neatmonster.nocheatplus.components.entity.IEntityAccessVehicle: fr.neatmonster.nocheatplus.compat.bukkit.EntityAccessVehicleMultiPassenger
25-07-07 14:49:18 [INFO] [GenericInstanceRegistry] Registered for itself: fr.neatmonster.nocheatplus.checks.moving.util.AuxMoving
25-07-07 14:49:18 [INFO] Added hook: AllViolations(NCP) [1.0].
25-07-07 14:49:18 [INFO] Added hook: ViolationFrequency(NCP) [1.0].
25-07-07 14:49:18 [INFO] Post-enable running...
25-07-07 14:49:18 [INFO] Post-enable finished.
25-07-07 14:49:18 [INFO] §c§l»Version information«§7
§6§lServer:§7
§7git-Patina-ver/1.16.5-"667fb1b" ~MC: 1.16.5~
§7§eDetected: §71.16.5
§6§lNoCheatPlus:§7
§7§ePlugin: §73.17.1-SNAPSHOT-Updated-b198
§7§eMCAccess: §71.13-1.21|? / Bukkit-API
§6§lFeatures:
§7§eblocks§7: BlocksMC1_4§f, §7BlocksMC1_5§f, §7BlocksMC1_6_1§f, §7BlocksMC1_7_2§f, §7BlocksMC1_8§f, §7BlocksMC1_9§f, §7BlocksMC1_10§f, §7BlocksMC1_11§f, §7BlocksMC1_12§f, §7BlocksMC1_13§f, §7BlocksMC1_14§f, §7BlocksMC1_15§f, §7BlocksMC1_16§f, §7MCAccessBukkitModern
§7§echecks§7: FastConsume§f, §7Gutenberg§f, §7HotFixFallingBlockPortalEnter
§7§edefaults§7: pvpKnockBackVelocity
§6§lHooks:
§7AllViolations~NCP~ 1.0§f, §7ViolationFrequency~NCP~ 1.0
25-07-07 15:15:21 [INFO] Removed hook: ViolationFrequency(NCP) [1.0].
25-07-07 15:15:21 [INFO] Removed hook: AllViolations(NCP) [1.0].
25-07-07 15:15:21 [FINE] | cancel.dead 0 | cancel.offline 0 | block.interact.look.current 16 (16/0) | block.interact.look.flying.first 0 | block.interact.look.flying.other 0 | illegalitem 0 | boatsanywhere 0 | throwenderpearl 0 | fakeinvulnerable 0 | eggonentity 0 | event.player.move 19600 (19600/0) |
25-07-07 15:15:21 [INFO] [GenericInstanceRegistry] Registry cleared.
25-07-08 16:31:09 [INFO] Logger started.
25-07-08 16:31:09 [INFO] Logging system initialized.
25-07-08 16:31:09 [INFO] Detected Minecraft version: 1.16.5
25-07-08 16:31:15 [INFO] McAccess set to: 1.13-1.21|? / Bukkit-API
25-07-08 16:31:15 [INFO] Inventory checks: FastConsume is available, disabled InstantEat.
25-07-08 16:31:15 [INFO] Packet level access: ProtocolLib is not available.
25-07-08 16:31:15 [INFO] Force disable FastHeal, FastConsume, PacketFrequency and InstantBow on Minecraft 1.9 and later.
25-07-08 16:31:15 [INFO] Version 3.17.1-SNAPSHOT-Updated-b198 is enabled.
25-07-08 16:31:19 [INFO] [GenericInstanceRegistry] Registered (override) for itself: fr.neatmonster.nocheatplus.hooks.ExemptionSettings
25-07-08 16:31:19 [INFO] [GenericInstanceRegistry] Registered for itself: fr.neatmonster.nocheatplus.stats.Counters
25-07-08 16:31:19 [INFO] [GenericInstanceRegistry] Registered for itself: fr.neatmonster.nocheatplus.checks.workaround.WRPT
25-07-08 16:31:19 [INFO] [GenericInstanceRegistry] Registered for itself: fr.neatmonster.nocheatplus.checks.moving.location.tracking.LocationTrace$TraceEntryPool
25-07-08 16:31:19 [INFO] [GenericInstanceRegistry] Registered for itself: fr.neatmonster.nocheatplus.utilities.entity.PassengerUtil
25-07-08 16:31:19 [INFO] [GenericInstanceRegistry] Registered for fr.neatmonster.nocheatplus.compat.IBridgeCrossPlugin: fr.neatmonster.nocheatplus.compat.meta.BridgeCrossPlugin
25-07-08 16:31:19 [INFO] [GenericInstanceRegistry] Registered for fr.neatmonster.nocheatplus.compat.MCAccess: fr.neatmonster.nocheatplus.compat.bukkit.MCAccessBukkitModern
25-07-08 16:31:19 [INFO] [GenericInstanceRegistry] Registered for fr.neatmonster.nocheatplus.utilities.map.BlockCache: fr.neatmonster.nocheatplus.compat.bukkit.BlockCacheBukkitModern
25-07-08 16:31:19 [INFO] [GenericInstanceRegistry] Registered for fr.neatmonster.nocheatplus.components.modifier.IAttributeAccess: fr.neatmonster.nocheatplus.compat.bukkit.BukkitAttributeAccess
25-07-08 16:31:19 [INFO] [GenericInstanceRegistry] Registered for fr.neatmonster.nocheatplus.components.entity.IEntityAccessVehicle: fr.neatmonster.nocheatplus.compat.bukkit.EntityAccessVehicleMultiPassenger
25-07-08 16:31:19 [INFO] [GenericInstanceRegistry] Registered for itself: fr.neatmonster.nocheatplus.checks.moving.util.AuxMoving
25-07-08 16:31:19 [INFO] Added hook: AllViolations(NCP) [1.0].
25-07-08 16:31:19 [INFO] Added hook: ViolationFrequency(NCP) [1.0].
25-07-08 16:31:19 [INFO] Post-enable running...
25-07-08 16:31:19 [INFO] Post-enable finished.
25-07-08 16:31:19 [INFO] §c§l»Version information«§7
§6§lServer:§7
§7git-Patina-ver/1.16.5-"667fb1b" ~MC: 1.16.5~
§7§eDetected: §71.16.5
§6§lNoCheatPlus:§7
§7§ePlugin: §73.17.1-SNAPSHOT-Updated-b198
§7§eMCAccess: §71.13-1.21|? / Bukkit-API
§6§lFeatures:
§7§eblocks§7: BlocksMC1_4§f, §7BlocksMC1_5§f, §7BlocksMC1_6_1§f, §7BlocksMC1_7_2§f, §7BlocksMC1_8§f, §7BlocksMC1_9§f, §7BlocksMC1_10§f, §7BlocksMC1_11§f, §7BlocksMC1_12§f, §7BlocksMC1_13§f, §7BlocksMC1_14§f, §7BlocksMC1_15§f, §7BlocksMC1_16§f, §7MCAccessBukkitModern
§7§echecks§7: FastConsume§f, §7Gutenberg§f, §7HotFixFallingBlockPortalEnter
§7§edefaults§7: pvpKnockBackVelocity
§6§lHooks:
§7AllViolations~NCP~ 1.0§f, §7ViolationFrequency~NCP~ 1.0
25-07-08 18:36:55 [INFO] Removed hook: ViolationFrequency(NCP) [1.0].
25-07-08 18:36:55 [INFO] Removed hook: AllViolations(NCP) [1.0].
25-07-08 18:36:55 [FINE] | cancel.dead 0 | cancel.offline 0 | block.interact.look.current 4 (4/0) | block.interact.look.flying.first 0 | block.interact.look.flying.other 0 | illegalitem 0 | boatsanywhere 0 | throwenderpearl 0 | fakeinvulnerable 0 | eggonentity 0 | event.player.move 23647 (23647/0) |
25-07-08 18:36:55 [INFO] [GenericInstanceRegistry] Registry cleared.
25-07-09 15:11:46 [INFO] Logger started.
25-07-09 15:11:46 [INFO] Logging system initialized.
25-07-09 15:11:46 [INFO] Detected Minecraft version: 1.16.5
25-07-09 15:11:56 [INFO] McAccess set to: 1.13-1.21|? / Bukkit-API
25-07-09 15:11:56 [INFO] Inventory checks: FastConsume is available, disabled InstantEat.
25-07-09 15:11:56 [INFO] Packet level access: ProtocolLib is not available.
25-07-09 15:11:56 [INFO] Force disable FastHeal, FastConsume, PacketFrequency and InstantBow on Minecraft 1.9 and later.
25-07-09 15:11:56 [INFO] Version 3.17.1-SNAPSHOT-Updated-b198 is enabled.
25-07-09 15:12:00 [INFO] [GenericInstanceRegistry] Registered (override) for itself: fr.neatmonster.nocheatplus.hooks.ExemptionSettings
25-07-09 15:12:00 [INFO] [GenericInstanceRegistry] Registered for itself: fr.neatmonster.nocheatplus.stats.Counters
25-07-09 15:12:00 [INFO] [GenericInstanceRegistry] Registered for itself: fr.neatmonster.nocheatplus.checks.workaround.WRPT
25-07-09 15:12:00 [INFO] [GenericInstanceRegistry] Registered for itself: fr.neatmonster.nocheatplus.checks.moving.location.tracking.LocationTrace$TraceEntryPool
25-07-09 15:12:00 [INFO] [GenericInstanceRegistry] Registered for itself: fr.neatmonster.nocheatplus.utilities.entity.PassengerUtil
25-07-09 15:12:00 [INFO] [GenericInstanceRegistry] Registered for fr.neatmonster.nocheatplus.compat.IBridgeCrossPlugin: fr.neatmonster.nocheatplus.compat.meta.BridgeCrossPlugin
25-07-09 15:12:00 [INFO] [GenericInstanceRegistry] Registered for fr.neatmonster.nocheatplus.compat.MCAccess: fr.neatmonster.nocheatplus.compat.bukkit.MCAccessBukkitModern
25-07-09 15:12:00 [INFO] [GenericInstanceRegistry] Registered for fr.neatmonster.nocheatplus.utilities.map.BlockCache: fr.neatmonster.nocheatplus.compat.bukkit.BlockCacheBukkitModern
25-07-09 15:12:00 [INFO] [GenericInstanceRegistry] Registered for fr.neatmonster.nocheatplus.components.modifier.IAttributeAccess: fr.neatmonster.nocheatplus.compat.bukkit.BukkitAttributeAccess
25-07-09 15:12:00 [INFO] [GenericInstanceRegistry] Registered for fr.neatmonster.nocheatplus.components.entity.IEntityAccessVehicle: fr.neatmonster.nocheatplus.compat.bukkit.EntityAccessVehicleMultiPassenger
25-07-09 15:12:00 [INFO] [GenericInstanceRegistry] Registered for itself: fr.neatmonster.nocheatplus.checks.moving.util.AuxMoving
25-07-09 15:12:00 [INFO] Added hook: AllViolations(NCP) [1.0].
25-07-09 15:12:00 [INFO] Added hook: ViolationFrequency(NCP) [1.0].
25-07-09 15:12:00 [INFO] Post-enable running...
25-07-09 15:12:00 [INFO] Post-enable finished.
25-07-09 15:12:00 [INFO] §c§l»Version information«§7
§6§lServer:§7
§7git-Patina-ver/1.16.5-"667fb1b" ~MC: 1.16.5~
§7§eDetected: §71.16.5
§6§lNoCheatPlus:§7
§7§ePlugin: §73.17.1-SNAPSHOT-Updated-b198
§7§eMCAccess: §71.13-1.21|? / Bukkit-API
§6§lFeatures:
§7§eblocks§7: BlocksMC1_4§f, §7BlocksMC1_5§f, §7BlocksMC1_6_1§f, §7BlocksMC1_7_2§f, §7BlocksMC1_8§f, §7BlocksMC1_9§f, §7BlocksMC1_10§f, §7BlocksMC1_11§f, §7BlocksMC1_12§f, §7BlocksMC1_13§f, §7BlocksMC1_14§f, §7BlocksMC1_15§f, §7BlocksMC1_16§f, §7MCAccessBukkitModern
§7§echecks§7: FastConsume§f, §7Gutenberg§f, §7HotFixFallingBlockPortalEnter
§7§edefaults§7: pvpKnockBackVelocity
§6§lHooks:
§7AllViolations~NCP~ 1.0§f, §7ViolationFrequency~NCP~ 1.0
25-07-09 15:36:00 [INFO] Removed hook: ViolationFrequency(NCP) [1.0].
25-07-09 15:36:00 [INFO] Removed hook: AllViolations(NCP) [1.0].
25-07-09 15:36:00 [FINE] | cancel.dead 0 | cancel.offline 0 | block.interact.look.current 0 | block.interact.look.flying.first 0 | block.interact.look.flying.other 0 | illegalitem 0 | boatsanywhere 0 | throwenderpearl 0 | fakeinvulnerable 0 | eggonentity 0 | event.player.move 5875 (5875/0) |
25-07-09 15:36:00 [INFO] [GenericInstanceRegistry] Registry cleared.
25-07-18 21:09:11 [INFO] Logger started.
25-07-18 21:09:11 [INFO] Logging system initialized.
25-07-18 21:09:11 [INFO] Detected Minecraft version: 1.16.5
25-07-18 21:09:16 [INFO] McAccess set to: 1.13-1.21|? / Bukkit-API
25-07-18 21:09:16 [INFO] Inventory checks: FastConsume is available, disabled InstantEat.
25-07-18 21:09:16 [INFO] Packet level access: ProtocolLib is not available.
25-07-18 21:09:16 [INFO] Force disable FastHeal, FastConsume, PacketFrequency and InstantBow on Minecraft 1.9 and later.
25-07-18 21:09:16 [INFO] Version 3.17.1-SNAPSHOT-Updated-b198 is enabled.
25-07-18 21:09:19 [INFO] [GenericInstanceRegistry] Registered (override) for itself: fr.neatmonster.nocheatplus.hooks.ExemptionSettings
25-07-18 21:09:19 [INFO] [GenericInstanceRegistry] Registered for itself: fr.neatmonster.nocheatplus.stats.Counters
25-07-18 21:09:19 [INFO] [GenericInstanceRegistry] Registered for itself: fr.neatmonster.nocheatplus.checks.workaround.WRPT
25-07-18 21:09:19 [INFO] [GenericInstanceRegistry] Registered for itself: fr.neatmonster.nocheatplus.checks.moving.location.tracking.LocationTrace$TraceEntryPool
25-07-18 21:09:19 [INFO] [GenericInstanceRegistry] Registered for itself: fr.neatmonster.nocheatplus.utilities.entity.PassengerUtil
25-07-18 21:09:19 [INFO] [GenericInstanceRegistry] Registered for fr.neatmonster.nocheatplus.compat.IBridgeCrossPlugin: fr.neatmonster.nocheatplus.compat.meta.BridgeCrossPlugin
25-07-18 21:09:19 [INFO] [GenericInstanceRegistry] Registered for fr.neatmonster.nocheatplus.compat.MCAccess: fr.neatmonster.nocheatplus.compat.bukkit.MCAccessBukkitModern
25-07-18 21:09:19 [INFO] [GenericInstanceRegistry] Registered for fr.neatmonster.nocheatplus.utilities.map.BlockCache: fr.neatmonster.nocheatplus.compat.bukkit.BlockCacheBukkitModern
25-07-18 21:09:19 [INFO] [GenericInstanceRegistry] Registered for fr.neatmonster.nocheatplus.components.modifier.IAttributeAccess: fr.neatmonster.nocheatplus.compat.bukkit.BukkitAttributeAccess
25-07-18 21:09:19 [INFO] [GenericInstanceRegistry] Registered for fr.neatmonster.nocheatplus.components.entity.IEntityAccessVehicle: fr.neatmonster.nocheatplus.compat.bukkit.EntityAccessVehicleMultiPassenger
25-07-18 21:09:19 [INFO] [GenericInstanceRegistry] Registered for itself: fr.neatmonster.nocheatplus.checks.moving.util.AuxMoving
25-07-18 21:09:19 [INFO] Added hook: AllViolations(NCP) [1.0].
25-07-18 21:09:19 [INFO] Added hook: ViolationFrequency(NCP) [1.0].
25-07-18 21:09:19 [INFO] Post-enable running...
25-07-18 21:09:19 [INFO] Post-enable finished.
25-07-18 21:09:19 [INFO] §c§l»Version information«§7
§6§lServer:§7
§7git-Patina-ver/1.16.5-"667fb1b" ~MC: 1.16.5~
§7§eDetected: §71.16.5
§6§lNoCheatPlus:§7
§7§ePlugin: §73.17.1-SNAPSHOT-Updated-b198
§7§eMCAccess: §71.13-1.21|? / Bukkit-API
§6§lFeatures:
§7§eblocks§7: BlocksMC1_4§f, §7BlocksMC1_5§f, §7BlocksMC1_6_1§f, §7BlocksMC1_7_2§f, §7BlocksMC1_8§f, §7BlocksMC1_9§f, §7BlocksMC1_10§f, §7BlocksMC1_11§f, §7BlocksMC1_12§f, §7BlocksMC1_13§f, §7BlocksMC1_14§f, §7BlocksMC1_15§f, §7BlocksMC1_16§f, §7MCAccessBukkitModern
§7§echecks§7: FastConsume§f, §7Gutenberg§f, §7HotFixFallingBlockPortalEnter
§7§edefaults§7: pvpKnockBackVelocity
§6§lHooks:
§7AllViolations~NCP~ 1.0§f, §7ViolationFrequency~NCP~ 1.0
25-07-18 21:42:17 [INFO] Logger started.
25-07-18 21:42:17 [INFO] Logging system initialized.
25-07-18 21:42:17 [INFO] Detected Minecraft version: 1.16.5
25-07-18 21:42:19 [INFO] McAccess set to: 1.13-1.21|? / Bukkit-API
25-07-18 21:42:19 [INFO] Inventory checks: FastConsume is available, disabled InstantEat.
25-07-18 21:42:19 [INFO] Packet level access: ProtocolLib is not available.
25-07-18 21:42:19 [INFO] Force disable FastHeal, FastConsume, PacketFrequency and InstantBow on Minecraft 1.9 and later.
25-07-18 21:42:19 [INFO] Version 3.17.1-SNAPSHOT-Updated-b198 is enabled.
25-07-18 21:42:21 [INFO] [GenericInstanceRegistry] Registered (override) for itself: fr.neatmonster.nocheatplus.hooks.ExemptionSettings
25-07-18 21:42:21 [INFO] [GenericInstanceRegistry] Registered for itself: fr.neatmonster.nocheatplus.stats.Counters
25-07-18 21:42:21 [INFO] [GenericInstanceRegistry] Registered for itself: fr.neatmonster.nocheatplus.checks.workaround.WRPT
25-07-18 21:42:21 [INFO] [GenericInstanceRegistry] Registered for itself: fr.neatmonster.nocheatplus.checks.moving.location.tracking.LocationTrace$TraceEntryPool
25-07-18 21:42:21 [INFO] [GenericInstanceRegistry] Registered for itself: fr.neatmonster.nocheatplus.utilities.entity.PassengerUtil
25-07-18 21:42:21 [INFO] [GenericInstanceRegistry] Registered for fr.neatmonster.nocheatplus.compat.IBridgeCrossPlugin: fr.neatmonster.nocheatplus.compat.meta.BridgeCrossPlugin
25-07-18 21:42:21 [INFO] [GenericInstanceRegistry] Registered for fr.neatmonster.nocheatplus.compat.MCAccess: fr.neatmonster.nocheatplus.compat.bukkit.MCAccessBukkitModern
25-07-18 21:42:21 [INFO] [GenericInstanceRegistry] Registered for fr.neatmonster.nocheatplus.utilities.map.BlockCache: fr.neatmonster.nocheatplus.compat.bukkit.BlockCacheBukkitModern
25-07-18 21:42:21 [INFO] [GenericInstanceRegistry] Registered for fr.neatmonster.nocheatplus.components.modifier.IAttributeAccess: fr.neatmonster.nocheatplus.compat.bukkit.BukkitAttributeAccess
25-07-18 21:42:21 [INFO] [GenericInstanceRegistry] Registered for fr.neatmonster.nocheatplus.components.entity.IEntityAccessVehicle: fr.neatmonster.nocheatplus.compat.bukkit.EntityAccessVehicleMultiPassenger
25-07-18 21:42:21 [INFO] [GenericInstanceRegistry] Registered for itself: fr.neatmonster.nocheatplus.checks.moving.util.AuxMoving
25-07-18 21:42:21 [INFO] Added hook: AllViolations(NCP) [1.0].
25-07-18 21:42:21 [INFO] Added hook: ViolationFrequency(NCP) [1.0].
25-07-18 21:42:21 [INFO] Post-enable running...
25-07-18 21:42:21 [INFO] Post-enable finished.
25-07-18 21:42:21 [INFO] §c§l»Version information«§7
§6§lServer:§7
§7git-Patina-ver/1.16.5-"667fb1b" ~MC: 1.16.5~
§7§eDetected: §71.16.5
§6§lNoCheatPlus:§7
§7§ePlugin: §73.17.1-SNAPSHOT-Updated-b198
§7§eMCAccess: §71.13-1.21|? / Bukkit-API
§6§lFeatures:
§7§eblocks§7: BlocksMC1_4§f, §7BlocksMC1_5§f, §7BlocksMC1_6_1§f, §7BlocksMC1_7_2§f, §7BlocksMC1_8§f, §7BlocksMC1_9§f, §7BlocksMC1_10§f, §7BlocksMC1_11§f, §7BlocksMC1_12§f, §7BlocksMC1_13§f, §7BlocksMC1_14§f, §7BlocksMC1_15§f, §7BlocksMC1_16§f, §7MCAccessBukkitModern
§7§echecks§7: FastConsume§f, §7Gutenberg§f, §7HotFixFallingBlockPortalEnter
§7§edefaults§7: pvpKnockBackVelocity
§6§lHooks:
§7AllViolations~NCP~ 1.0§f, §7ViolationFrequency~NCP~ 1.0
25-07-18 22:08:36 [INFO] Removed hook: ViolationFrequency(NCP) [1.0].
25-07-18 22:08:36 [INFO] Removed hook: AllViolations(NCP) [1.0].
25-07-18 22:08:36 [FINE] | cancel.dead 0 | cancel.offline 0 | block.interact.look.current 2 (2/0) | block.interact.look.flying.first 0 | block.interact.look.flying.other 0 | illegalitem 0 | boatsanywhere 0 | throwenderpearl 0 | fakeinvulnerable 0 | eggonentity 0 | event.player.move 17838 (17838/0) |
25-07-18 22:08:36 [INFO] [GenericInstanceRegistry] Registry cleared.
25-07-20 08:54:45 [INFO] Logger started.
25-07-20 08:54:45 [INFO] Logging system initialized.
25-07-20 08:54:45 [INFO] Detected Minecraft version: 1.16.5
25-07-20 08:54:50 [INFO] McAccess set to: 1.13-1.21|? / Bukkit-API
25-07-20 08:54:50 [INFO] Inventory checks: FastConsume is available, disabled InstantEat.
25-07-20 08:54:50 [INFO] Packet level access: ProtocolLib is not available.
25-07-20 08:54:50 [INFO] Force disable FastHeal, FastConsume, PacketFrequency and InstantBow on Minecraft 1.9 and later.
25-07-20 08:54:50 [INFO] Version 3.17.1-SNAPSHOT-Updated-b198 is enabled.
25-07-20 08:54:54 [INFO] Post-enable running...
25-07-20 08:54:54 [INFO] [GenericInstanceRegistry] Registered (override) for itself: fr.neatmonster.nocheatplus.hooks.ExemptionSettings
25-07-20 08:54:54 [INFO] [GenericInstanceRegistry] Registered for itself: fr.neatmonster.nocheatplus.stats.Counters
25-07-20 08:54:54 [INFO] [GenericInstanceRegistry] Registered for itself: fr.neatmonster.nocheatplus.checks.workaround.WRPT
25-07-20 08:54:54 [INFO] [GenericInstanceRegistry] Registered for itself: fr.neatmonster.nocheatplus.checks.moving.location.tracking.LocationTrace$TraceEntryPool
25-07-20 08:54:54 [INFO] [GenericInstanceRegistry] Registered for itself: fr.neatmonster.nocheatplus.utilities.entity.PassengerUtil
25-07-20 08:54:54 [INFO] [GenericInstanceRegistry] Registered for fr.neatmonster.nocheatplus.compat.IBridgeCrossPlugin: fr.neatmonster.nocheatplus.compat.meta.BridgeCrossPlugin
25-07-20 08:54:54 [INFO] [GenericInstanceRegistry] Registered for fr.neatmonster.nocheatplus.compat.MCAccess: fr.neatmonster.nocheatplus.compat.bukkit.MCAccessBukkitModern
25-07-20 08:54:54 [INFO] [GenericInstanceRegistry] Registered for fr.neatmonster.nocheatplus.utilities.map.BlockCache: fr.neatmonster.nocheatplus.compat.bukkit.BlockCacheBukkitModern
25-07-20 08:54:54 [INFO] [GenericInstanceRegistry] Registered for fr.neatmonster.nocheatplus.components.modifier.IAttributeAccess: fr.neatmonster.nocheatplus.compat.bukkit.BukkitAttributeAccess
25-07-20 08:54:54 [INFO] [GenericInstanceRegistry] Registered for fr.neatmonster.nocheatplus.components.entity.IEntityAccessVehicle: fr.neatmonster.nocheatplus.compat.bukkit.EntityAccessVehicleMultiPassenger
25-07-20 08:54:54 [INFO] [GenericInstanceRegistry] Registered for itself: fr.neatmonster.nocheatplus.checks.moving.util.AuxMoving
25-07-20 08:54:54 [INFO] Added hook: AllViolations(NCP) [1.0].
25-07-20 08:54:54 [INFO] Added hook: ViolationFrequency(NCP) [1.0].
25-07-20 08:54:54 [INFO] Post-enable finished.
25-07-20 08:54:54 [INFO] §c§l»Version information«§7
§6§lServer:§7
§7git-Patina-ver/1.16.5-"667fb1b" ~MC: 1.16.5~
§7§eDetected: §71.16.5
§6§lNoCheatPlus:§7
§7§ePlugin: §73.17.1-SNAPSHOT-Updated-b198
§7§eMCAccess: §71.13-1.21|? / Bukkit-API
§6§lFeatures:
§7§eblocks§7: BlocksMC1_4§f, §7BlocksMC1_5§f, §7BlocksMC1_6_1§f, §7BlocksMC1_7_2§f, §7BlocksMC1_8§f, §7BlocksMC1_9§f, §7BlocksMC1_10§f, §7BlocksMC1_11§f, §7BlocksMC1_12§f, §7BlocksMC1_13§f, §7BlocksMC1_14§f, §7BlocksMC1_15§f, §7BlocksMC1_16§f, §7MCAccessBukkitModern
§7§echecks§7: FastConsume§f, §7Gutenberg§f, §7HotFixFallingBlockPortalEnter
§7§edefaults§7: pvpKnockBackVelocity
§6§lHooks:
§7AllViolations~NCP~ 1.0§f, §7ViolationFrequency~NCP~ 1.0
25-07-20 13:34:12 [INFO] Logger started.
25-07-20 13:34:12 [INFO] Logging system initialized.
25-07-20 13:34:12 [INFO] Detected Minecraft version: 1.16.5
25-07-20 13:34:14 [INFO] McAccess set to: 1.13-1.21|? / Bukkit-API
25-07-20 13:34:15 [INFO] Inventory checks: FastConsume is available, disabled InstantEat.
25-07-20 13:34:15 [INFO] Packet level access: ProtocolLib is not available.
25-07-20 13:34:15 [INFO] Force disable FastHeal, FastConsume, PacketFrequency and InstantBow on Minecraft 1.9 and later.
25-07-20 13:34:15 [INFO] Version 3.17.1-SNAPSHOT-Updated-b198 is enabled.
25-07-20 13:34:17 [INFO] [GenericInstanceRegistry] Registered (override) for itself: fr.neatmonster.nocheatplus.hooks.ExemptionSettings
25-07-20 13:34:17 [INFO] [GenericInstanceRegistry] Registered for itself: fr.neatmonster.nocheatplus.stats.Counters
25-07-20 13:34:17 [INFO] [GenericInstanceRegistry] Registered for itself: fr.neatmonster.nocheatplus.checks.workaround.WRPT
25-07-20 13:34:17 [INFO] [GenericInstanceRegistry] Registered for itself: fr.neatmonster.nocheatplus.checks.moving.location.tracking.LocationTrace$TraceEntryPool
25-07-20 13:34:17 [INFO] [GenericInstanceRegistry] Registered for itself: fr.neatmonster.nocheatplus.utilities.entity.PassengerUtil
25-07-20 13:34:17 [INFO] [GenericInstanceRegistry] Registered for fr.neatmonster.nocheatplus.compat.IBridgeCrossPlugin: fr.neatmonster.nocheatplus.compat.meta.BridgeCrossPlugin
25-07-20 13:34:17 [INFO] [GenericInstanceRegistry] Registered for fr.neatmonster.nocheatplus.compat.MCAccess: fr.neatmonster.nocheatplus.compat.bukkit.MCAccessBukkitModern
25-07-20 13:34:17 [INFO] [GenericInstanceRegistry] Registered for fr.neatmonster.nocheatplus.utilities.map.BlockCache: fr.neatmonster.nocheatplus.compat.bukkit.BlockCacheBukkitModern
25-07-20 13:34:17 [INFO] [GenericInstanceRegistry] Registered for fr.neatmonster.nocheatplus.components.modifier.IAttributeAccess: fr.neatmonster.nocheatplus.compat.bukkit.BukkitAttributeAccess
25-07-20 13:34:17 [INFO] [GenericInstanceRegistry] Registered for fr.neatmonster.nocheatplus.components.entity.IEntityAccessVehicle: fr.neatmonster.nocheatplus.compat.bukkit.EntityAccessVehicleMultiPassenger
25-07-20 13:34:17 [INFO] [GenericInstanceRegistry] Registered for itself: fr.neatmonster.nocheatplus.checks.moving.util.AuxMoving
25-07-20 13:34:17 [INFO] Added hook: AllViolations(NCP) [1.0].
25-07-20 13:34:17 [INFO] Added hook: ViolationFrequency(NCP) [1.0].
25-07-20 13:34:17 [INFO] Post-enable running...
25-07-20 13:34:17 [INFO] Post-enable finished.
25-07-20 13:34:17 [INFO] §c§l»Version information«§7
§6§lServer:§7
§7git-Patina-ver/1.16.5-"667fb1b" ~MC: 1.16.5~
§7§eDetected: §71.16.5
§6§lNoCheatPlus:§7
§7§ePlugin: §73.17.1-SNAPSHOT-Updated-b198
§7§eMCAccess: §71.13-1.21|? / Bukkit-API
§6§lFeatures:
§7§eblocks§7: BlocksMC1_4§f, §7BlocksMC1_5§f, §7BlocksMC1_6_1§f, §7BlocksMC1_7_2§f, §7BlocksMC1_8§f, §7BlocksMC1_9§f, §7BlocksMC1_10§f, §7BlocksMC1_11§f, §7BlocksMC1_12§f, §7BlocksMC1_13§f, §7BlocksMC1_14§f, §7BlocksMC1_15§f, §7BlocksMC1_16§f, §7MCAccessBukkitModern
§7§echecks§7: FastConsume§f, §7Gutenberg§f, §7HotFixFallingBlockPortalEnter
§7§edefaults§7: pvpKnockBackVelocity
§6§lHooks:
§7AllViolations~NCP~ 1.0§f, §7ViolationFrequency~NCP~ 1.0
25-07-20 13:39:43 [INFO] Removed hook: ViolationFrequency(NCP) [1.0].
25-07-20 13:39:43 [INFO] Removed hook: AllViolations(NCP) [1.0].
25-07-20 13:39:43 [FINE] | cancel.dead 0 | cancel.offline 0 | block.interact.look.current 0 | block.interact.look.flying.first 0 | block.interact.look.flying.other 0 | illegalitem 0 | boatsanywhere 0 | throwenderpearl 0 | fakeinvulnerable 0 | eggonentity 0 | event.player.move 5101 (5101/0) |
25-07-20 13:39:43 [INFO] [GenericInstanceRegistry] Registry cleared.
25-07-20 17:52:45 [INFO] Logger started.
25-07-20 17:52:45 [INFO] Logging system initialized.
25-07-20 17:52:45 [INFO] Detected Minecraft version: 1.16.5
25-07-20 17:52:52 [INFO] McAccess set to: 1.13-1.21|? / Bukkit-API
25-07-20 17:52:53 [INFO] Inventory checks: FastConsume is available, disabled InstantEat.
25-07-20 17:52:53 [INFO] Packet level access: ProtocolLib is not available.
25-07-20 17:52:53 [INFO] Force disable FastHeal, FastConsume, PacketFrequency and InstantBow on Minecraft 1.9 and later.
25-07-20 17:52:53 [INFO] Version 3.17.1-SNAPSHOT-Updated-b198 is enabled.
25-07-20 17:52:56 [INFO] [GenericInstanceRegistry] Registered (override) for itself: fr.neatmonster.nocheatplus.hooks.ExemptionSettings
25-07-20 17:52:56 [INFO] [GenericInstanceRegistry] Registered for itself: fr.neatmonster.nocheatplus.stats.Counters
25-07-20 17:52:56 [INFO] [GenericInstanceRegistry] Registered for itself: fr.neatmonster.nocheatplus.checks.workaround.WRPT
25-07-20 17:52:56 [INFO] [GenericInstanceRegistry] Registered for itself: fr.neatmonster.nocheatplus.checks.moving.location.tracking.LocationTrace$TraceEntryPool
25-07-20 17:52:56 [INFO] [GenericInstanceRegistry] Registered for itself: fr.neatmonster.nocheatplus.utilities.entity.PassengerUtil
25-07-20 17:52:56 [INFO] [GenericInstanceRegistry] Registered for fr.neatmonster.nocheatplus.compat.IBridgeCrossPlugin: fr.neatmonster.nocheatplus.compat.meta.BridgeCrossPlugin
25-07-20 17:52:56 [INFO] [GenericInstanceRegistry] Registered for fr.neatmonster.nocheatplus.compat.MCAccess: fr.neatmonster.nocheatplus.compat.bukkit.MCAccessBukkitModern
25-07-20 17:52:56 [INFO] [GenericInstanceRegistry] Registered for fr.neatmonster.nocheatplus.utilities.map.BlockCache: fr.neatmonster.nocheatplus.compat.bukkit.BlockCacheBukkitModern
25-07-20 17:52:56 [INFO] [GenericInstanceRegistry] Registered for fr.neatmonster.nocheatplus.components.modifier.IAttributeAccess: fr.neatmonster.nocheatplus.compat.bukkit.BukkitAttributeAccess
25-07-20 17:52:56 [INFO] [GenericInstanceRegistry] Registered for fr.neatmonster.nocheatplus.components.entity.IEntityAccessVehicle: fr.neatmonster.nocheatplus.compat.bukkit.EntityAccessVehicleMultiPassenger
25-07-20 17:52:56 [INFO] [GenericInstanceRegistry] Registered for itself: fr.neatmonster.nocheatplus.checks.moving.util.AuxMoving
25-07-20 17:52:56 [INFO] Added hook: AllViolations(NCP) [1.0].
25-07-20 17:52:56 [INFO] Added hook: ViolationFrequency(NCP) [1.0].
25-07-20 17:52:56 [INFO] Post-enable running...
25-07-20 17:52:56 [INFO] Post-enable finished.
25-07-20 17:52:56 [INFO] §c§l»Version information«§7
§6§lServer:§7
§7git-Patina-ver/1.16.5-"667fb1b" ~MC: 1.16.5~
§7§eDetected: §71.16.5
§6§lNoCheatPlus:§7
§7§ePlugin: §73.17.1-SNAPSHOT-Updated-b198
§7§eMCAccess: §71.13-1.21|? / Bukkit-API
§6§lFeatures:
§7§eblocks§7: BlocksMC1_4§f, §7BlocksMC1_5§f, §7BlocksMC1_6_1§f, §7BlocksMC1_7_2§f, §7BlocksMC1_8§f, §7BlocksMC1_9§f, §7BlocksMC1_10§f, §7BlocksMC1_11§f, §7BlocksMC1_12§f, §7BlocksMC1_13§f, §7BlocksMC1_14§f, §7BlocksMC1_15§f, §7BlocksMC1_16§f, §7MCAccessBukkitModern
§7§echecks§7: FastConsume§f, §7Gutenberg§f, §7HotFixFallingBlockPortalEnter
§7§edefaults§7: pvpKnockBackVelocity
§6§lHooks:
§7AllViolations~NCP~ 1.0§f, §7ViolationFrequency~NCP~ 1.0
25-07-20 18:17:53 [INFO] Removed hook: ViolationFrequency(NCP) [1.0].
25-07-20 18:17:53 [INFO] Removed hook: AllViolations(NCP) [1.0].
25-07-20 18:17:53 [FINE] | cancel.dead 0 | cancel.offline 0 | block.interact.look.current 0 | block.interact.look.flying.first 0 | block.interact.look.flying.other 0 | illegalitem 0 | boatsanywhere 0 | throwenderpearl 0 | fakeinvulnerable 0 | eggonentity 0 | event.player.move 3298 (3298/0) |
25-07-20 18:17:53 [INFO] [GenericInstanceRegistry] Registry cleared.
25-07-20 18:45:34 [INFO] Logger started.
25-07-20 18:45:34 [INFO] Logging system initialized.
25-07-20 18:45:34 [INFO] Detected Minecraft version: 1.16.5
25-07-20 18:45:42 [INFO] McAccess set to: 1.13-1.21|? / Bukkit-API
25-07-20 18:45:42 [INFO] Inventory checks: FastConsume is available, disabled InstantEat.
25-07-20 18:45:42 [INFO] Packet level access: ProtocolLib is not available.
25-07-20 18:45:42 [INFO] Force disable FastHeal, FastConsume, PacketFrequency and InstantBow on Minecraft 1.9 and later.
25-07-20 18:45:42 [INFO] Version 3.17.1-SNAPSHOT-Updated-b198 is enabled.
25-07-20 18:45:47 [INFO] [GenericInstanceRegistry] Registered (override) for itself: fr.neatmonster.nocheatplus.hooks.ExemptionSettings
25-07-20 18:45:47 [INFO] [GenericInstanceRegistry] Registered for itself: fr.neatmonster.nocheatplus.stats.Counters
25-07-20 18:45:47 [INFO] [GenericInstanceRegistry] Registered for itself: fr.neatmonster.nocheatplus.checks.workaround.WRPT
25-07-20 18:45:47 [INFO] [GenericInstanceRegistry] Registered for itself: fr.neatmonster.nocheatplus.checks.moving.location.tracking.LocationTrace$TraceEntryPool
25-07-20 18:45:47 [INFO] [GenericInstanceRegistry] Registered for itself: fr.neatmonster.nocheatplus.utilities.entity.PassengerUtil
25-07-20 18:45:47 [INFO] [GenericInstanceRegistry] Registered for fr.neatmonster.nocheatplus.compat.IBridgeCrossPlugin: fr.neatmonster.nocheatplus.compat.meta.BridgeCrossPlugin
25-07-20 18:45:47 [INFO] [GenericInstanceRegistry] Registered for fr.neatmonster.nocheatplus.compat.MCAccess: fr.neatmonster.nocheatplus.compat.bukkit.MCAccessBukkitModern
25-07-20 18:45:47 [INFO] [GenericInstanceRegistry] Registered for fr.neatmonster.nocheatplus.utilities.map.BlockCache: fr.neatmonster.nocheatplus.compat.bukkit.BlockCacheBukkitModern
25-07-20 18:45:47 [INFO] [GenericInstanceRegistry] Registered for fr.neatmonster.nocheatplus.components.modifier.IAttributeAccess: fr.neatmonster.nocheatplus.compat.bukkit.BukkitAttributeAccess
25-07-20 18:45:47 [INFO] [GenericInstanceRegistry] Registered for fr.neatmonster.nocheatplus.components.entity.IEntityAccessVehicle: fr.neatmonster.nocheatplus.compat.bukkit.EntityAccessVehicleMultiPassenger
25-07-20 18:45:47 [INFO] [GenericInstanceRegistry] Registered for itself: fr.neatmonster.nocheatplus.checks.moving.util.AuxMoving
25-07-20 18:45:47 [INFO] Added hook: AllViolations(NCP) [1.0].
25-07-20 18:45:47 [INFO] Added hook: ViolationFrequency(NCP) [1.0].
25-07-20 18:45:47 [INFO] Post-enable running...
25-07-20 18:45:47 [INFO] Post-enable finished.
25-07-20 18:45:47 [INFO] §c§l»Version information«§7
§6§lServer:§7
§7git-Patina-ver/1.16.5-"667fb1b" ~MC: 1.16.5~
§7§eDetected: §71.16.5
§6§lNoCheatPlus:§7
§7§ePlugin: §73.17.1-SNAPSHOT-Updated-b198
§7§eMCAccess: §71.13-1.21|? / Bukkit-API
§6§lFeatures:
§7§eblocks§7: BlocksMC1_4§f, §7BlocksMC1_5§f, §7BlocksMC1_6_1§f, §7BlocksMC1_7_2§f, §7BlocksMC1_8§f, §7BlocksMC1_9§f, §7BlocksMC1_10§f, §7BlocksMC1_11§f, §7BlocksMC1_12§f, §7BlocksMC1_13§f, §7BlocksMC1_14§f, §7BlocksMC1_15§f, §7BlocksMC1_16§f, §7MCAccessBukkitModern
§7§echecks§7: FastConsume§f, §7Gutenberg§f, §7HotFixFallingBlockPortalEnter
§7§edefaults§7: pvpKnockBackVelocity
§6§lHooks:
§7AllViolations~NCP~ 1.0§f, §7ViolationFrequency~NCP~ 1.0
25-07-20 18:48:25 [INFO] Removed hook: ViolationFrequency(NCP) [1.0].
25-07-20 18:48:25 [INFO] Removed hook: AllViolations(NCP) [1.0].
25-07-20 18:48:25 [FINE] | cancel.dead 0 | cancel.offline 0 | block.interact.look.current 0 | block.interact.look.flying.first 0 | block.interact.look.flying.other 0 | illegalitem 0 | boatsanywhere 0 | throwenderpearl 0 | fakeinvulnerable 0 | eggonentity 0 | event.player.move 1228 (1228/0) |
25-07-20 18:48:25 [INFO] [GenericInstanceRegistry] Registry cleared.
25-07-21 08:05:36 [INFO] Logger started.
25-07-21 08:05:36 [INFO] Logging system initialized.
25-07-21 08:05:36 [INFO] Detected Minecraft version: 1.16.5
25-07-21 08:05:41 [INFO] McAccess set to: 1.13-1.21|? / Bukkit-API
25-07-21 08:05:41 [INFO] Inventory checks: FastConsume is available, disabled InstantEat.
25-07-21 08:05:41 [INFO] Packet level access: ProtocolLib is not available.
25-07-21 08:05:41 [INFO] Force disable FastHeal, FastConsume, PacketFrequency and InstantBow on Minecraft 1.9 and later.
25-07-21 08:05:41 [INFO] Version 3.17.1-SNAPSHOT-Updated-b198 is enabled.
25-07-21 08:05:43 [INFO] [GenericInstanceRegistry] Registered (override) for itself: fr.neatmonster.nocheatplus.hooks.ExemptionSettings
25-07-21 08:05:43 [INFO] [GenericInstanceRegistry] Registered for itself: fr.neatmonster.nocheatplus.stats.Counters
25-07-21 08:05:43 [INFO] [GenericInstanceRegistry] Registered for itself: fr.neatmonster.nocheatplus.checks.workaround.WRPT
25-07-21 08:05:43 [INFO] [GenericInstanceRegistry] Registered for itself: fr.neatmonster.nocheatplus.checks.moving.location.tracking.LocationTrace$TraceEntryPool
25-07-21 08:05:43 [INFO] [GenericInstanceRegistry] Registered for itself: fr.neatmonster.nocheatplus.utilities.entity.PassengerUtil
25-07-21 08:05:43 [INFO] [GenericInstanceRegistry] Registered for fr.neatmonster.nocheatplus.compat.IBridgeCrossPlugin: fr.neatmonster.nocheatplus.compat.meta.BridgeCrossPlugin
25-07-21 08:05:43 [INFO] [GenericInstanceRegistry] Registered for fr.neatmonster.nocheatplus.compat.MCAccess: fr.neatmonster.nocheatplus.compat.bukkit.MCAccessBukkitModern
25-07-21 08:05:43 [INFO] [GenericInstanceRegistry] Registered for fr.neatmonster.nocheatplus.utilities.map.BlockCache: fr.neatmonster.nocheatplus.compat.bukkit.BlockCacheBukkitModern
25-07-21 08:05:43 [INFO] [GenericInstanceRegistry] Registered for fr.neatmonster.nocheatplus.components.modifier.IAttributeAccess: fr.neatmonster.nocheatplus.compat.bukkit.BukkitAttributeAccess
25-07-21 08:05:43 [INFO] [GenericInstanceRegistry] Registered for fr.neatmonster.nocheatplus.components.entity.IEntityAccessVehicle: fr.neatmonster.nocheatplus.compat.bukkit.EntityAccessVehicleMultiPassenger
25-07-21 08:05:43 [INFO] [GenericInstanceRegistry] Registered for itself: fr.neatmonster.nocheatplus.checks.moving.util.AuxMoving
25-07-21 08:05:43 [INFO] Added hook: AllViolations(NCP) [1.0].
25-07-21 08:05:43 [INFO] Added hook: ViolationFrequency(NCP) [1.0].
25-07-21 08:05:43 [INFO] Post-enable running...
25-07-21 08:05:43 [INFO] Post-enable finished.
25-07-21 08:05:43 [INFO] §c§l»Version information«§7
§6§lServer:§7
§7git-Patina-ver/1.16.5-"667fb1b" ~MC: 1.16.5~
§7§eDetected: §71.16.5
§6§lNoCheatPlus:§7
§7§ePlugin: §73.17.1-SNAPSHOT-Updated-b198
§7§eMCAccess: §71.13-1.21|? / Bukkit-API
§6§lFeatures:
§7§eblocks§7: BlocksMC1_4§f, §7BlocksMC1_5§f, §7BlocksMC1_6_1§f, §7BlocksMC1_7_2§f, §7BlocksMC1_8§f, §7BlocksMC1_9§f, §7BlocksMC1_10§f, §7BlocksMC1_11§f, §7BlocksMC1_12§f, §7BlocksMC1_13§f, §7BlocksMC1_14§f, §7BlocksMC1_15§f, §7BlocksMC1_16§f, §7MCAccessBukkitModern
§7§echecks§7: FastConsume§f, §7Gutenberg§f, §7HotFixFallingBlockPortalEnter
§7§edefaults§7: pvpKnockBackVelocity
§6§lHooks:
§7AllViolations~NCP~ 1.0§f, §7ViolationFrequency~NCP~ 1.0
25-07-21 08:06:16 [INFO] Removed hook: ViolationFrequency(NCP) [1.0].
25-07-21 08:06:16 [INFO] Removed hook: AllViolations(NCP) [1.0].
25-07-21 08:06:16 [FINE] | cancel.dead 0 | cancel.offline 0 | block.interact.look.current 0 | block.interact.look.flying.first 0 | block.interact.look.flying.other 0 | illegalitem 0 | boatsanywhere 0 | throwenderpearl 0 | fakeinvulnerable 0 | eggonentity 0 | event.player.move 386 (386/0) |
25-07-21 08:06:16 [INFO] [GenericInstanceRegistry] Registry cleared.
25-07-21 08:12:12 [INFO] Logger started.
25-07-21 08:12:12 [INFO] Logging system initialized.
25-07-21 08:12:12 [INFO] Detected Minecraft version: 1.16.5
25-07-21 08:12:15 [INFO] McAccess set to: 1.13-1.21|? / Bukkit-API
25-07-21 08:12:15 [INFO] Inventory checks: FastConsume is available, disabled InstantEat.
25-07-21 08:12:15 [INFO] Packet level access: ProtocolLib is not available.
25-07-21 08:12:15 [INFO] Force disable FastHeal, FastConsume, PacketFrequency and InstantBow on Minecraft 1.9 and later.
25-07-21 08:12:15 [INFO] Version 3.17.1-SNAPSHOT-Updated-b198 is enabled.
25-07-21 08:12:17 [INFO] [GenericInstanceRegistry] Registered (override) for itself: fr.neatmonster.nocheatplus.hooks.ExemptionSettings
25-07-21 08:12:17 [INFO] [GenericInstanceRegistry] Registered for itself: fr.neatmonster.nocheatplus.stats.Counters
25-07-21 08:12:17 [INFO] [GenericInstanceRegistry] Registered for itself: fr.neatmonster.nocheatplus.checks.workaround.WRPT
25-07-21 08:12:17 [INFO] [GenericInstanceRegistry] Registered for itself: fr.neatmonster.nocheatplus.checks.moving.location.tracking.LocationTrace$TraceEntryPool
25-07-21 08:12:17 [INFO] [GenericInstanceRegistry] Registered for itself: fr.neatmonster.nocheatplus.utilities.entity.PassengerUtil
25-07-21 08:12:17 [INFO] [GenericInstanceRegistry] Registered for fr.neatmonster.nocheatplus.compat.IBridgeCrossPlugin: fr.neatmonster.nocheatplus.compat.meta.BridgeCrossPlugin
25-07-21 08:12:17 [INFO] [GenericInstanceRegistry] Registered for fr.neatmonster.nocheatplus.compat.MCAccess: fr.neatmonster.nocheatplus.compat.bukkit.MCAccessBukkitModern
25-07-21 08:12:17 [INFO] [GenericInstanceRegistry] Registered for fr.neatmonster.nocheatplus.utilities.map.BlockCache: fr.neatmonster.nocheatplus.compat.bukkit.BlockCacheBukkitModern
25-07-21 08:12:17 [INFO] [GenericInstanceRegistry] Registered for fr.neatmonster.nocheatplus.components.modifier.IAttributeAccess: fr.neatmonster.nocheatplus.compat.bukkit.BukkitAttributeAccess
25-07-21 08:12:17 [INFO] [GenericInstanceRegistry] Registered for fr.neatmonster.nocheatplus.components.entity.IEntityAccessVehicle: fr.neatmonster.nocheatplus.compat.bukkit.EntityAccessVehicleMultiPassenger
25-07-21 08:12:17 [INFO] [GenericInstanceRegistry] Registered for itself: fr.neatmonster.nocheatplus.checks.moving.util.AuxMoving
25-07-21 08:12:17 [INFO] Post-enable running...
25-07-21 08:12:17 [INFO] Added hook: AllViolations(NCP) [1.0].
25-07-21 08:12:17 [INFO] Added hook: ViolationFrequency(NCP) [1.0].
25-07-21 08:12:17 [INFO] Post-enable finished.
25-07-21 08:12:17 [INFO] §c§l»Version information«§7
§6§lServer:§7
§7git-Patina-ver/1.16.5-"667fb1b" ~MC: 1.16.5~
§7§eDetected: §71.16.5
§6§lNoCheatPlus:§7
§7§ePlugin: §73.17.1-SNAPSHOT-Updated-b198
§7§eMCAccess: §71.13-1.21|? / Bukkit-API
§6§lFeatures:
§7§eblocks§7: BlocksMC1_4§f, §7BlocksMC1_5§f, §7BlocksMC1_6_1§f, §7BlocksMC1_7_2§f, §7BlocksMC1_8§f, §7BlocksMC1_9§f, §7BlocksMC1_10§f, §7BlocksMC1_11§f, §7BlocksMC1_12§f, §7BlocksMC1_13§f, §7BlocksMC1_14§f, §7BlocksMC1_15§f, §7BlocksMC1_16§f, §7MCAccessBukkitModern
§7§echecks§7: FastConsume§f, §7Gutenberg§f, §7HotFixFallingBlockPortalEnter
§7§edefaults§7: pvpKnockBackVelocity
§6§lHooks:
§7AllViolations~NCP~ 1.0§f, §7ViolationFrequency~NCP~ 1.0
25-07-21 09:10:29 [INFO] Removed hook: ViolationFrequency(NCP) [1.0].
25-07-21 09:10:29 [INFO] Removed hook: AllViolations(NCP) [1.0].
25-07-21 09:10:29 [FINE] | cancel.dead 0 | cancel.offline 0 | block.interact.look.current 0 | block.interact.look.flying.first 0 | block.interact.look.flying.other 0 | illegalitem 0 | boatsanywhere 0 | throwenderpearl 0 | fakeinvulnerable 0 | eggonentity 0 | event.player.move 3263 (3263/0) |
25-07-21 09:10:29 [INFO] [GenericInstanceRegistry] Registry cleared.
25-07-21 09:10:33 [INFO] Logger started.
25-07-21 09:10:33 [INFO] Logging system initialized.
25-07-21 09:10:33 [INFO] Detected Minecraft version: 1.16.5
25-07-21 09:10:35 [INFO] McAccess set to: 1.13-1.21|? / Bukkit-API
25-07-21 09:10:35 [INFO] Inventory checks: FastConsume is available, disabled InstantEat.
25-07-21 09:10:35 [INFO] Packet level access: ProtocolLib is not available.
25-07-21 09:10:36 [INFO] Force disable FastHeal, FastConsume, PacketFrequency and InstantBow on Minecraft 1.9 and later.
25-07-21 09:10:36 [INFO] Version 3.17.1-SNAPSHOT-Updated-b198 is enabled.
25-07-21 09:10:38 [INFO] [GenericInstanceRegistry] Registered (override) for itself: fr.neatmonster.nocheatplus.hooks.ExemptionSettings
25-07-21 09:10:38 [INFO] [GenericInstanceRegistry] Registered for itself: fr.neatmonster.nocheatplus.stats.Counters
25-07-21 09:10:38 [INFO] [GenericInstanceRegistry] Registered for itself: fr.neatmonster.nocheatplus.checks.workaround.WRPT
25-07-21 09:10:38 [INFO] [GenericInstanceRegistry] Registered for itself: fr.neatmonster.nocheatplus.checks.moving.location.tracking.LocationTrace$TraceEntryPool
25-07-21 09:10:38 [INFO] [GenericInstanceRegistry] Registered for itself: fr.neatmonster.nocheatplus.utilities.entity.PassengerUtil
25-07-21 09:10:38 [INFO] [GenericInstanceRegistry] Registered for fr.neatmonster.nocheatplus.compat.IBridgeCrossPlugin: fr.neatmonster.nocheatplus.compat.meta.BridgeCrossPlugin
25-07-21 09:10:38 [INFO] [GenericInstanceRegistry] Registered for fr.neatmonster.nocheatplus.compat.MCAccess: fr.neatmonster.nocheatplus.compat.bukkit.MCAccessBukkitModern
25-07-21 09:10:38 [INFO] [GenericInstanceRegistry] Registered for fr.neatmonster.nocheatplus.utilities.map.BlockCache: fr.neatmonster.nocheatplus.compat.bukkit.BlockCacheBukkitModern
25-07-21 09:10:38 [INFO] [GenericInstanceRegistry] Registered for fr.neatmonster.nocheatplus.components.modifier.IAttributeAccess: fr.neatmonster.nocheatplus.compat.bukkit.BukkitAttributeAccess
25-07-21 09:10:38 [INFO] [GenericInstanceRegistry] Registered for fr.neatmonster.nocheatplus.components.entity.IEntityAccessVehicle: fr.neatmonster.nocheatplus.compat.bukkit.EntityAccessVehicleMultiPassenger
25-07-21 09:10:38 [INFO] [GenericInstanceRegistry] Registered for itself: fr.neatmonster.nocheatplus.checks.moving.util.AuxMoving
25-07-21 09:10:38 [INFO] Added hook: AllViolations(NCP) [1.0].
25-07-21 09:10:38 [INFO] Added hook: ViolationFrequency(NCP) [1.0].
25-07-21 09:10:38 [INFO] Post-enable running...
25-07-21 09:10:38 [INFO] Updated data for 1 players (post-enable).
25-07-21 09:10:38 [INFO] Post-enable finished.
25-07-21 09:10:38 [INFO] §c§l»Version information«§7
§6§lServer:§7
§7git-Patina-ver/1.16.5-"667fb1b" ~MC: 1.16.5~
§7§eDetected: §71.16.5
§6§lNoCheatPlus:§7
§7§ePlugin: §73.17.1-SNAPSHOT-Updated-b198
§7§eMCAccess: §71.13-1.21|? / Bukkit-API
§6§lFeatures:
§7§eblocks§7: BlocksMC1_4§f, §7BlocksMC1_5§f, §7BlocksMC1_6_1§f, §7BlocksMC1_7_2§f, §7BlocksMC1_8§f, §7BlocksMC1_9§f, §7BlocksMC1_10§f, §7BlocksMC1_11§f, §7BlocksMC1_12§f, §7BlocksMC1_13§f, §7BlocksMC1_14§f, §7BlocksMC1_15§f, §7BlocksMC1_16§f, §7MCAccessBukkitModern
§7§echecks§7: FastConsume§f, §7Gutenberg§f, §7HotFixFallingBlockPortalEnter
§7§edefaults§7: pvpKnockBackVelocity
§6§lHooks:
§7AllViolations~NCP~ 1.0§f, §7ViolationFrequency~NCP~ 1.0
25-07-21 09:44:42 [INFO] Removed hook: ViolationFrequency(NCP) [1.0].
25-07-21 09:44:42 [INFO] Removed hook: AllViolations(NCP) [1.0].
25-07-21 09:44:42 [FINE] | cancel.dead 0 | cancel.offline 0 | block.interact.look.current 0 | block.interact.look.flying.first 0 | block.interact.look.flying.other 0 | illegalitem 0 | boatsanywhere 0 | throwenderpearl 0 | fakeinvulnerable 0 | eggonentity 0 | event.player.move 9943 (9943/0) |
25-07-21 09:44:42 [INFO] [GenericInstanceRegistry] Registry cleared.
25-07-21 12:18:26 [INFO] Logger started.
25-07-21 12:18:26 [INFO] Logging system initialized.
25-07-21 12:18:26 [INFO] Detected Minecraft version: 1.16.5
25-07-21 12:18:37 [INFO] McAccess set to: 1.13-1.21|? / Bukkit-API
25-07-21 12:18:38 [INFO] Inventory checks: FastConsume is available, disabled InstantEat.
25-07-21 12:18:38 [INFO] Packet level access: ProtocolLib is not available.
25-07-21 12:18:38 [INFO] Force disable FastHeal, FastConsume, PacketFrequency and InstantBow on Minecraft 1.9 and later.
25-07-21 12:18:38 [INFO] Version 3.17.1-SNAPSHOT-Updated-b198 is enabled.
25-07-21 12:18:42 [INFO] [GenericInstanceRegistry] Registered (override) for itself: fr.neatmonster.nocheatplus.hooks.ExemptionSettings
25-07-21 12:18:42 [INFO] [GenericInstanceRegistry] Registered for itself: fr.neatmonster.nocheatplus.stats.Counters
25-07-21 12:18:42 [INFO] [GenericInstanceRegistry] Registered for itself: fr.neatmonster.nocheatplus.checks.workaround.WRPT
25-07-21 12:18:42 [INFO] [GenericInstanceRegistry] Registered for itself: fr.neatmonster.nocheatplus.checks.moving.location.tracking.LocationTrace$TraceEntryPool
25-07-21 12:18:42 [INFO] [GenericInstanceRegistry] Registered for itself: fr.neatmonster.nocheatplus.utilities.entity.PassengerUtil
25-07-21 12:18:42 [INFO] [GenericInstanceRegistry] Registered for fr.neatmonster.nocheatplus.compat.IBridgeCrossPlugin: fr.neatmonster.nocheatplus.compat.meta.BridgeCrossPlugin
25-07-21 12:18:42 [INFO] [GenericInstanceRegistry] Registered for fr.neatmonster.nocheatplus.compat.MCAccess: fr.neatmonster.nocheatplus.compat.bukkit.MCAccessBukkitModern
25-07-21 12:18:42 [INFO] [GenericInstanceRegistry] Registered for fr.neatmonster.nocheatplus.utilities.map.BlockCache: fr.neatmonster.nocheatplus.compat.bukkit.BlockCacheBukkitModern
25-07-21 12:18:42 [INFO] [GenericInstanceRegistry] Registered for fr.neatmonster.nocheatplus.components.modifier.IAttributeAccess: fr.neatmonster.nocheatplus.compat.bukkit.BukkitAttributeAccess
25-07-21 12:18:42 [INFO] [GenericInstanceRegistry] Registered for fr.neatmonster.nocheatplus.components.entity.IEntityAccessVehicle: fr.neatmonster.nocheatplus.compat.bukkit.EntityAccessVehicleMultiPassenger
25-07-21 12:18:42 [INFO] [GenericInstanceRegistry] Registered for itself: fr.neatmonster.nocheatplus.checks.moving.util.AuxMoving
25-07-21 12:18:42 [INFO] Added hook: AllViolations(NCP) [1.0].
25-07-21 12:18:42 [INFO] Added hook: ViolationFrequency(NCP) [1.0].
25-07-21 12:18:42 [INFO] Post-enable running...
25-07-21 12:18:42 [INFO] Post-enable finished.
25-07-21 12:18:42 [INFO] §c§l»Version information«§7
§6§lServer:§7
§7git-Patina-ver/1.16.5-"667fb1b" ~MC: 1.16.5~
§7§eDetected: §71.16.5
§6§lNoCheatPlus:§7
§7§ePlugin: §73.17.1-SNAPSHOT-Updated-b198
§7§eMCAccess: §71.13-1.21|? / Bukkit-API
§6§lFeatures:
§7§eblocks§7: BlocksMC1_4§f, §7BlocksMC1_5§f, §7BlocksMC1_6_1§f, §7BlocksMC1_7_2§f, §7BlocksMC1_8§f, §7BlocksMC1_9§f, §7BlocksMC1_10§f, §7BlocksMC1_11§f, §7BlocksMC1_12§f, §7BlocksMC1_13§f, §7BlocksMC1_14§f, §7BlocksMC1_15§f, §7BlocksMC1_16§f, §7MCAccessBukkitModern
§7§echecks§7: FastConsume§f, §7Gutenberg§f, §7HotFixFallingBlockPortalEnter
§7§edefaults§7: pvpKnockBackVelocity
§6§lHooks:
§7AllViolations~NCP~ 1.0§f, §7ViolationFrequency~NCP~ 1.0
25-07-21 12:38:28 [INFO] Removed hook: ViolationFrequency(NCP) [1.0].
25-07-21 12:38:28 [INFO] Removed hook: AllViolations(NCP) [1.0].
25-07-21 12:38:28 [FINE] | cancel.dead 0 | cancel.offline 0 | block.interact.look.current 0 | block.interact.look.flying.first 0 | block.interact.look.flying.other 0 | illegalitem 0 | boatsanywhere 0 | throwenderpearl 0 | fakeinvulnerable 0 | eggonentity 0 | event.player.move 3342 (3342/0) |
25-07-21 12:38:28 [INFO] [GenericInstanceRegistry] Registry cleared.
25-07-22 10:56:37 [INFO] Logger started.
25-07-22 10:56:37 [INFO] Logging system initialized.
25-07-22 10:56:37 [INFO] Detected Minecraft version: 1.16.5
25-07-22 10:56:44 [INFO] McAccess set to: 1.13-1.21|? / Bukkit-API
25-07-22 10:56:44 [INFO] Inventory checks: FastConsume is available, disabled InstantEat.
25-07-22 10:56:44 [INFO] Packet level access: ProtocolLib is not available.
25-07-22 10:56:44 [INFO] Force disable FastHeal, FastConsume, PacketFrequency and InstantBow on Minecraft 1.9 and later.
25-07-22 10:56:44 [INFO] Version 3.17.1-SNAPSHOT-Updated-b198 is enabled.
25-07-22 10:56:48 [INFO] [GenericInstanceRegistry] Registered (override) for itself: fr.neatmonster.nocheatplus.hooks.ExemptionSettings
25-07-22 10:56:48 [INFO] [GenericInstanceRegistry] Registered for itself: fr.neatmonster.nocheatplus.stats.Counters
25-07-22 10:56:48 [INFO] [GenericInstanceRegistry] Registered for itself: fr.neatmonster.nocheatplus.checks.workaround.WRPT
25-07-22 10:56:48 [INFO] [GenericInstanceRegistry] Registered for itself: fr.neatmonster.nocheatplus.checks.moving.location.tracking.LocationTrace$TraceEntryPool
25-07-22 10:56:48 [INFO] [GenericInstanceRegistry] Registered for itself: fr.neatmonster.nocheatplus.utilities.entity.PassengerUtil
25-07-22 10:56:48 [INFO] [GenericInstanceRegistry] Registered for fr.neatmonster.nocheatplus.compat.IBridgeCrossPlugin: fr.neatmonster.nocheatplus.compat.meta.BridgeCrossPlugin
25-07-22 10:56:48 [INFO] [GenericInstanceRegistry] Registered for fr.neatmonster.nocheatplus.compat.MCAccess: fr.neatmonster.nocheatplus.compat.bukkit.MCAccessBukkitModern
25-07-22 10:56:48 [INFO] [GenericInstanceRegistry] Registered for fr.neatmonster.nocheatplus.utilities.map.BlockCache: fr.neatmonster.nocheatplus.compat.bukkit.BlockCacheBukkitModern
25-07-22 10:56:48 [INFO] [GenericInstanceRegistry] Registered for fr.neatmonster.nocheatplus.components.modifier.IAttributeAccess: fr.neatmonster.nocheatplus.compat.bukkit.BukkitAttributeAccess
25-07-22 10:56:48 [INFO] [GenericInstanceRegistry] Registered for fr.neatmonster.nocheatplus.components.entity.IEntityAccessVehicle: fr.neatmonster.nocheatplus.compat.bukkit.EntityAccessVehicleMultiPassenger
25-07-22 10:56:48 [INFO] [GenericInstanceRegistry] Registered for itself: fr.neatmonster.nocheatplus.checks.moving.util.AuxMoving
25-07-22 10:56:48 [INFO] Added hook: AllViolations(NCP) [1.0].
25-07-22 10:56:48 [INFO] Added hook: ViolationFrequency(NCP) [1.0].
25-07-22 10:56:48 [INFO] Post-enable running...
25-07-22 10:56:48 [INFO] Post-enable finished.
25-07-22 10:56:48 [INFO] §c§l»Version information«§7
§6§lServer:§7
§7git-Patina-ver/1.16.5-"667fb1b" ~MC: 1.16.5~
§7§eDetected: §71.16.5
§6§lNoCheatPlus:§7
§7§ePlugin: §73.17.1-SNAPSHOT-Updated-b198
§7§eMCAccess: §71.13-1.21|? / Bukkit-API
§6§lFeatures:
§7§eblocks§7: BlocksMC1_4§f, §7BlocksMC1_5§f, §7BlocksMC1_6_1§f, §7BlocksMC1_7_2§f, §7BlocksMC1_8§f, §7BlocksMC1_9§f, §7BlocksMC1_10§f, §7BlocksMC1_11§f, §7BlocksMC1_12§f, §7BlocksMC1_13§f, §7BlocksMC1_14§f, §7BlocksMC1_15§f, §7BlocksMC1_16§f, §7MCAccessBukkitModern
§7§echecks§7: FastConsume§f, §7Gutenberg§f, §7HotFixFallingBlockPortalEnter
§7§edefaults§7: pvpKnockBackVelocity
§6§lHooks:
§7AllViolations~NCP~ 1.0§f, §7ViolationFrequency~NCP~ 1.0
25-07-22 11:12:56 [INFO] Removed hook: ViolationFrequency(NCP) [1.0].
25-07-22 11:12:56 [INFO] Removed hook: AllViolations(NCP) [1.0].
25-07-22 11:12:56 [FINE] | cancel.dead 0 | cancel.offline 0 | block.interact.look.current 0 | block.interact.look.flying.first 0 | block.interact.look.flying.other 0 | illegalitem 0 | boatsanywhere 0 | throwenderpearl 0 | fakeinvulnerable 0 | eggonentity 0 | event.player.move 7440 (7440/0) |
25-07-22 11:12:56 [INFO] [GenericInstanceRegistry] Registry cleared.
25-07-22 11:15:36 [INFO] Logger started.
25-07-22 11:15:36 [INFO] Logging system initialized.
25-07-22 11:15:36 [INFO] Detected Minecraft version: 1.16.5
25-07-22 11:15:39 [INFO] McAccess set to: 1.13-1.21|? / Bukkit-API
25-07-22 11:15:39 [INFO] Inventory checks: FastConsume is available, disabled InstantEat.
25-07-22 11:15:39 [INFO] Packet level access: ProtocolLib is not available.
25-07-22 11:15:39 [INFO] Force disable FastHeal, FastConsume, PacketFrequency and InstantBow on Minecraft 1.9 and later.
25-07-22 11:15:39 [INFO] Version 3.17.1-SNAPSHOT-Updated-b198 is enabled.
25-07-22 11:15:43 [INFO] [GenericInstanceRegistry] Registered (override) for itself: fr.neatmonster.nocheatplus.hooks.ExemptionSettings
25-07-22 11:15:43 [INFO] [GenericInstanceRegistry] Registered for itself: fr.neatmonster.nocheatplus.stats.Counters
25-07-22 11:15:43 [INFO] [GenericInstanceRegistry] Registered for itself: fr.neatmonster.nocheatplus.checks.workaround.WRPT
25-07-22 11:15:43 [INFO] [GenericInstanceRegistry] Registered for itself: fr.neatmonster.nocheatplus.checks.moving.location.tracking.LocationTrace$TraceEntryPool
25-07-22 11:15:43 [INFO] [GenericInstanceRegistry] Registered for itself: fr.neatmonster.nocheatplus.utilities.entity.PassengerUtil
25-07-22 11:15:43 [INFO] [GenericInstanceRegistry] Registered for fr.neatmonster.nocheatplus.compat.IBridgeCrossPlugin: fr.neatmonster.nocheatplus.compat.meta.BridgeCrossPlugin
25-07-22 11:15:43 [INFO] [GenericInstanceRegistry] Registered for fr.neatmonster.nocheatplus.compat.MCAccess: fr.neatmonster.nocheatplus.compat.bukkit.MCAccessBukkitModern
25-07-22 11:15:43 [INFO] [GenericInstanceRegistry] Registered for fr.neatmonster.nocheatplus.utilities.map.BlockCache: fr.neatmonster.nocheatplus.compat.bukkit.BlockCacheBukkitModern
25-07-22 11:15:43 [INFO] [GenericInstanceRegistry] Registered for fr.neatmonster.nocheatplus.components.modifier.IAttributeAccess: fr.neatmonster.nocheatplus.compat.bukkit.BukkitAttributeAccess
25-07-22 11:15:43 [INFO] [GenericInstanceRegistry] Registered for fr.neatmonster.nocheatplus.components.entity.IEntityAccessVehicle: fr.neatmonster.nocheatplus.compat.bukkit.EntityAccessVehicleMultiPassenger
25-07-22 11:15:43 [INFO] [GenericInstanceRegistry] Registered for itself: fr.neatmonster.nocheatplus.checks.moving.util.AuxMoving
25-07-22 11:15:43 [INFO] Added hook: AllViolations(NCP) [1.0].
25-07-22 11:15:43 [INFO] Added hook: ViolationFrequency(NCP) [1.0].
25-07-22 11:15:43 [INFO] Post-enable running...
25-07-22 11:15:43 [INFO] Post-enable finished.
25-07-22 11:15:43 [INFO] §c§l»Version information«§7
§6§lServer:§7
§7git-Patina-ver/1.16.5-"667fb1b" ~MC: 1.16.5~
§7§eDetected: §71.16.5
§6§lNoCheatPlus:§7
§7§ePlugin: §73.17.1-SNAPSHOT-Updated-b198
§7§eMCAccess: §71.13-1.21|? / Bukkit-API
§6§lFeatures:
§7§eblocks§7: BlocksMC1_4§f, §7BlocksMC1_5§f, §7BlocksMC1_6_1§f, §7BlocksMC1_7_2§f, §7BlocksMC1_8§f, §7BlocksMC1_9§f, §7BlocksMC1_10§f, §7BlocksMC1_11§f, §7BlocksMC1_12§f, §7BlocksMC1_13§f, §7BlocksMC1_14§f, §7BlocksMC1_15§f, §7BlocksMC1_16§f, §7MCAccessBukkitModern
§7§echecks§7: FastConsume§f, §7Gutenberg§f, §7HotFixFallingBlockPortalEnter
§7§edefaults§7: pvpKnockBackVelocity
§6§lHooks:
§7AllViolations~NCP~ 1.0§f, §7ViolationFrequency~NCP~ 1.0
25-07-22 11:19:18 [INFO] Removed hook: ViolationFrequency(NCP) [1.0].
25-07-22 11:19:18 [INFO] Removed hook: AllViolations(NCP) [1.0].
25-07-22 11:19:18 [FINE] | cancel.dead 0 | cancel.offline 0 | block.interact.look.current 0 | block.interact.look.flying.first 0 | block.interact.look.flying.other 0 | illegalitem 0 | boatsanywhere 0 | throwenderpearl 0 | fakeinvulnerable 0 | eggonentity 0 | event.player.move 3957 (3957/0) |
25-07-22 11:19:18 [INFO] [GenericInstanceRegistry] Registry cleared.
25-07-31 16:05:46 [INFO] Logger started.
25-07-31 16:05:46 [INFO] Logging system initialized.
25-07-31 16:05:46 [INFO] Detected Minecraft version: 1.16.5
25-07-31 16:05:52 [INFO] McAccess set to: 1.13-1.21|? / Bukkit-API
25-07-31 16:05:52 [INFO] Inventory checks: FastConsume is available, disabled InstantEat.
25-07-31 16:05:52 [INFO] Packet level access: ProtocolLib is not available.
25-07-31 16:05:52 [INFO] Force disable FastHeal, FastConsume, PacketFrequency and InstantBow on Minecraft 1.9 and later.
25-07-31 16:05:52 [INFO] Version 3.17.1-SNAPSHOT-Updated-b198 is enabled.
25-07-31 16:05:56 [INFO] [GenericInstanceRegistry] Registered (override) for itself: fr.neatmonster.nocheatplus.hooks.ExemptionSettings
25-07-31 16:05:56 [INFO] [GenericInstanceRegistry] Registered for itself: fr.neatmonster.nocheatplus.stats.Counters
25-07-31 16:05:56 [INFO] [GenericInstanceRegistry] Registered for itself: fr.neatmonster.nocheatplus.checks.workaround.WRPT
25-07-31 16:05:56 [INFO] [GenericInstanceRegistry] Registered for itself: fr.neatmonster.nocheatplus.checks.moving.location.tracking.LocationTrace$TraceEntryPool
25-07-31 16:05:56 [INFO] [GenericInstanceRegistry] Registered for itself: fr.neatmonster.nocheatplus.utilities.entity.PassengerUtil
25-07-31 16:05:56 [INFO] [GenericInstanceRegistry] Registered for fr.neatmonster.nocheatplus.compat.IBridgeCrossPlugin: fr.neatmonster.nocheatplus.compat.meta.BridgeCrossPlugin
25-07-31 16:05:56 [INFO] [GenericInstanceRegistry] Registered for fr.neatmonster.nocheatplus.compat.MCAccess: fr.neatmonster.nocheatplus.compat.bukkit.MCAccessBukkitModern
25-07-31 16:05:56 [INFO] [GenericInstanceRegistry] Registered for fr.neatmonster.nocheatplus.utilities.map.BlockCache: fr.neatmonster.nocheatplus.compat.bukkit.BlockCacheBukkitModern
25-07-31 16:05:56 [INFO] [GenericInstanceRegistry] Registered for fr.neatmonster.nocheatplus.components.modifier.IAttributeAccess: fr.neatmonster.nocheatplus.compat.bukkit.BukkitAttributeAccess
25-07-31 16:05:56 [INFO] [GenericInstanceRegistry] Registered for fr.neatmonster.nocheatplus.components.entity.IEntityAccessVehicle: fr.neatmonster.nocheatplus.compat.bukkit.EntityAccessVehicleMultiPassenger
25-07-31 16:05:56 [INFO] [GenericInstanceRegistry] Registered for itself: fr.neatmonster.nocheatplus.checks.moving.util.AuxMoving
25-07-31 16:05:56 [INFO] Added hook: AllViolations(NCP) [1.0].
25-07-31 16:05:56 [INFO] Added hook: ViolationFrequency(NCP) [1.0].
25-07-31 16:05:56 [INFO] Post-enable running...
25-07-31 16:05:56 [INFO] Post-enable finished.
25-07-31 16:05:56 [INFO] §c§l»Version information«§7
§6§lServer:§7
§7git-Patina-ver/1.16.5-"667fb1b" ~MC: 1.16.5~
§7§eDetected: §71.16.5
§6§lNoCheatPlus:§7
§7§ePlugin: §73.17.1-SNAPSHOT-Updated-b198
§7§eMCAccess: §71.13-1.21|? / Bukkit-API
§6§lFeatures:
§7§eblocks§7: BlocksMC1_4§f, §7BlocksMC1_5§f, §7BlocksMC1_6_1§f, §7BlocksMC1_7_2§f, §7BlocksMC1_8§f, §7BlocksMC1_9§f, §7BlocksMC1_10§f, §7BlocksMC1_11§f, §7BlocksMC1_12§f, §7BlocksMC1_13§f, §7BlocksMC1_14§f, §7BlocksMC1_15§f, §7BlocksMC1_16§f, §7MCAccessBukkitModern
§7§echecks§7: FastConsume§f, §7Gutenberg§f, §7HotFixFallingBlockPortalEnter
§7§edefaults§7: pvpKnockBackVelocity
§6§lHooks:
§7AllViolations~NCP~ 1.0§f, §7ViolationFrequency~NCP~ 1.0
25-07-31 16:06:46 [INFO] (CONSOLE) Kicked 2KvaytG : §c§l(!)§7 Stop spamming.
25-07-31 16:13:28 [INFO] Removed hook: ViolationFrequency(NCP) [1.0].
25-07-31 16:13:28 [INFO] Removed hook: AllViolations(NCP) [1.0].
25-07-31 16:13:28 [FINE] | cancel.dead 0 | cancel.offline 0 | block.interact.look.current 0 | block.interact.look.flying.first 0 | block.interact.look.flying.other 0 | illegalitem 0 | boatsanywhere 0 | throwenderpearl 0 | fakeinvulnerable 0 | eggonentity 0 | event.player.move 4321 (4321/0) |
25-07-31 16:13:28 [INFO] [GenericInstanceRegistry] Registry cleared.
25-08-02 16:47:42 [INFO] Logger started.
25-08-02 16:47:42 [INFO] Logging system initialized.
25-08-02 16:47:42 [INFO] Detected Minecraft version: 1.16.5
25-08-02 16:47:47 [INFO] McAccess set to: 1.13-1.21|? / Bukkit-API
25-08-02 16:47:48 [INFO] Inventory checks: FastConsume is available, disabled InstantEat.
25-08-02 16:47:48 [INFO] Packet level access: ProtocolLib is not available.
25-08-02 16:47:48 [INFO] Force disable FastHeal, FastConsume, PacketFrequency and InstantBow on Minecraft 1.9 and later.
25-08-02 16:47:48 [INFO] Version 3.17.1-SNAPSHOT-Updated-b198 is enabled.
25-08-02 16:47:52 [INFO] [GenericInstanceRegistry] Registered (override) for itself: fr.neatmonster.nocheatplus.hooks.ExemptionSettings
25-08-02 16:47:52 [INFO] [GenericInstanceRegistry] Registered for itself: fr.neatmonster.nocheatplus.stats.Counters
25-08-02 16:47:52 [INFO] [GenericInstanceRegistry] Registered for itself: fr.neatmonster.nocheatplus.checks.workaround.WRPT
25-08-02 16:47:52 [INFO] [GenericInstanceRegistry] Registered for itself: fr.neatmonster.nocheatplus.checks.moving.location.tracking.LocationTrace$TraceEntryPool
25-08-02 16:47:52 [INFO] [GenericInstanceRegistry] Registered for itself: fr.neatmonster.nocheatplus.utilities.entity.PassengerUtil
25-08-02 16:47:52 [INFO] [GenericInstanceRegistry] Registered for fr.neatmonster.nocheatplus.compat.IBridgeCrossPlugin: fr.neatmonster.nocheatplus.compat.meta.BridgeCrossPlugin
25-08-02 16:47:52 [INFO] [GenericInstanceRegistry] Registered for fr.neatmonster.nocheatplus.compat.MCAccess: fr.neatmonster.nocheatplus.compat.bukkit.MCAccessBukkitModern
25-08-02 16:47:52 [INFO] [GenericInstanceRegistry] Registered for fr.neatmonster.nocheatplus.utilities.map.BlockCache: fr.neatmonster.nocheatplus.compat.bukkit.BlockCacheBukkitModern
25-08-02 16:47:52 [INFO] [GenericInstanceRegistry] Registered for fr.neatmonster.nocheatplus.components.modifier.IAttributeAccess: fr.neatmonster.nocheatplus.compat.bukkit.BukkitAttributeAccess
25-08-02 16:47:52 [INFO] [GenericInstanceRegistry] Registered for fr.neatmonster.nocheatplus.components.entity.IEntityAccessVehicle: fr.neatmonster.nocheatplus.compat.bukkit.EntityAccessVehicleMultiPassenger
25-08-02 16:47:52 [INFO] [GenericInstanceRegistry] Registered for itself: fr.neatmonster.nocheatplus.checks.moving.util.AuxMoving
25-08-02 16:47:52 [INFO] Added hook: AllViolations(NCP) [1.0].
25-08-02 16:47:52 [INFO] Added hook: ViolationFrequency(NCP) [1.0].
25-08-02 16:47:52 [INFO] Post-enable running...
25-08-02 16:47:52 [INFO] Post-enable finished.
25-08-02 16:47:52 [INFO] §c§l»Version information«§7
§6§lServer:§7
§7git-Patina-ver/1.16.5-"667fb1b" ~MC: 1.16.5~
§7§eDetected: §71.16.5
§6§lNoCheatPlus:§7
§7§ePlugin: §73.17.1-SNAPSHOT-Updated-b198
§7§eMCAccess: §71.13-1.21|? / Bukkit-API
§6§lFeatures:
§7§eblocks§7: BlocksMC1_4§f, §7BlocksMC1_5§f, §7BlocksMC1_6_1§f, §7BlocksMC1_7_2§f, §7BlocksMC1_8§f, §7BlocksMC1_9§f, §7BlocksMC1_10§f, §7BlocksMC1_11§f, §7BlocksMC1_12§f, §7BlocksMC1_13§f, §7BlocksMC1_14§f, §7BlocksMC1_15§f, §7BlocksMC1_16§f, §7MCAccessBukkitModern
§7§echecks§7: FastConsume§f, §7Gutenberg§f, §7HotFixFallingBlockPortalEnter
§7§edefaults§7: pvpKnockBackVelocity
§6§lHooks:
§7AllViolations~NCP~ 1.0§f, §7ViolationFrequency~NCP~ 1.0
25-08-02 17:10:30 [INFO] Removed hook: ViolationFrequency(NCP) [1.0].
25-08-02 17:10:30 [INFO] Removed hook: AllViolations(NCP) [1.0].
25-08-02 17:10:30 [FINE] | cancel.dead 0 | cancel.offline 0 | block.interact.look.current 0 | block.interact.look.flying.first 0 | block.interact.look.flying.other 0 | illegalitem 0 | boatsanywhere 0 | throwenderpearl 0 | fakeinvulnerable 0 | eggonentity 0 | event.player.move 2193 (2193/0) |
25-08-02 17:10:30 [INFO] [GenericInstanceRegistry] Registry cleared.
25-08-02 21:22:56 [INFO] Logger started.
25-08-02 21:22:56 [INFO] Logging system initialized.
25-08-02 21:22:56 [INFO] Detected Minecraft version: 1.16.5
25-08-02 21:23:00 [INFO] McAccess set to: 1.13-1.21|? / Bukkit-API
25-08-02 21:23:00 [INFO] Inventory checks: FastConsume is available, disabled InstantEat.
25-08-02 21:23:00 [INFO] Packet level access: ProtocolLib is not available.
25-08-02 21:23:00 [INFO] Force disable FastHeal, FastConsume, PacketFrequency and InstantBow on Minecraft 1.9 and later.
25-08-02 21:23:00 [INFO] Version 3.17.1-SNAPSHOT-Updated-b198 is enabled.
25-08-02 21:23:05 [INFO] [GenericInstanceRegistry] Registered (override) for itself: fr.neatmonster.nocheatplus.hooks.ExemptionSettings
25-08-02 21:23:05 [INFO] [GenericInstanceRegistry] Registered for itself: fr.neatmonster.nocheatplus.stats.Counters
25-08-02 21:23:05 [INFO] [GenericInstanceRegistry] Registered for itself: fr.neatmonster.nocheatplus.checks.workaround.WRPT
25-08-02 21:23:05 [INFO] [GenericInstanceRegistry] Registered for itself: fr.neatmonster.nocheatplus.checks.moving.location.tracking.LocationTrace$TraceEntryPool
25-08-02 21:23:05 [INFO] [GenericInstanceRegistry] Registered for itself: fr.neatmonster.nocheatplus.utilities.entity.PassengerUtil
25-08-02 21:23:05 [INFO] [GenericInstanceRegistry] Registered for fr.neatmonster.nocheatplus.compat.IBridgeCrossPlugin: fr.neatmonster.nocheatplus.compat.meta.BridgeCrossPlugin
25-08-02 21:23:05 [INFO] [GenericInstanceRegistry] Registered for fr.neatmonster.nocheatplus.compat.MCAccess: fr.neatmonster.nocheatplus.compat.bukkit.MCAccessBukkitModern
25-08-02 21:23:05 [INFO] [GenericInstanceRegistry] Registered for fr.neatmonster.nocheatplus.utilities.map.BlockCache: fr.neatmonster.nocheatplus.compat.bukkit.BlockCacheBukkitModern
25-08-02 21:23:05 [INFO] [GenericInstanceRegistry] Registered for fr.neatmonster.nocheatplus.components.modifier.IAttributeAccess: fr.neatmonster.nocheatplus.compat.bukkit.BukkitAttributeAccess
25-08-02 21:23:05 [INFO] [GenericInstanceRegistry] Registered for fr.neatmonster.nocheatplus.components.entity.IEntityAccessVehicle: fr.neatmonster.nocheatplus.compat.bukkit.EntityAccessVehicleMultiPassenger
25-08-02 21:23:05 [INFO] [GenericInstanceRegistry] Registered for itself: fr.neatmonster.nocheatplus.checks.moving.util.AuxMoving
25-08-02 21:23:05 [INFO] Added hook: AllViolations(NCP) [1.0].
25-08-02 21:23:05 [INFO] Added hook: ViolationFrequency(NCP) [1.0].
25-08-02 21:23:05 [INFO] Post-enable running...
25-08-02 21:23:05 [INFO] Post-enable finished.
25-08-02 21:23:05 [INFO] §c§l»Version information«§7
§6§lServer:§7
§7git-Patina-ver/1.16.5-"667fb1b" ~MC: 1.16.5~
§7§eDetected: §71.16.5
§6§lNoCheatPlus:§7
§7§ePlugin: §73.17.1-SNAPSHOT-Updated-b198
§7§eMCAccess: §71.13-1.21|? / Bukkit-API
§6§lFeatures:
§7§eblocks§7: BlocksMC1_4§f, §7BlocksMC1_5§f, §7BlocksMC1_6_1§f, §7BlocksMC1_7_2§f, §7BlocksMC1_8§f, §7BlocksMC1_9§f, §7BlocksMC1_10§f, §7BlocksMC1_11§f, §7BlocksMC1_12§f, §7BlocksMC1_13§f, §7BlocksMC1_14§f, §7BlocksMC1_15§f, §7BlocksMC1_16§f, §7MCAccessBukkitModern
§7§echecks§7: FastConsume§f, §7Gutenberg§f, §7HotFixFallingBlockPortalEnter
§7§edefaults§7: pvpKnockBackVelocity
§6§lHooks:
§7AllViolations~NCP~ 1.0§f, §7ViolationFrequency~NCP~ 1.0
25-08-02 21:47:01 [INFO] Removed hook: ViolationFrequency(NCP) [1.0].
25-08-02 21:47:01 [INFO] Removed hook: AllViolations(NCP) [1.0].
25-08-02 21:47:01 [FINE] | cancel.dead 0 | cancel.offline 0 | block.interact.look.current 0 | block.interact.look.flying.first 0 | block.interact.look.flying.other 0 | illegalitem 0 | boatsanywhere 0 | throwenderpearl 0 | fakeinvulnerable 0 | eggonentity 0 | event.player.move 8499 (8499/0) |
25-08-02 21:47:01 [INFO] [GenericInstanceRegistry] Registry cleared.
25-08-03 09:34:07 [INFO] Logger started.
25-08-03 09:34:07 [INFO] Logging system initialized.
25-08-03 09:34:07 [INFO] Detected Minecraft version: 1.16.5
25-08-03 09:34:11 [INFO] McAccess set to: 1.13-1.21|? / Bukkit-API
25-08-03 09:34:12 [INFO] Inventory checks: FastConsume is available, disabled InstantEat.
25-08-03 09:34:12 [INFO] Packet level access: ProtocolLib is not available.
25-08-03 09:34:12 [INFO] Force disable FastHeal, FastConsume, PacketFrequency and InstantBow on Minecraft 1.9 and later.
25-08-03 09:34:12 [INFO] Version 3.17.1-SNAPSHOT-Updated-b198 is enabled.
25-08-03 09:34:15 [INFO] [GenericInstanceRegistry] Registered (override) for itself: fr.neatmonster.nocheatplus.hooks.ExemptionSettings
25-08-03 09:34:15 [INFO] [GenericInstanceRegistry] Registered for itself: fr.neatmonster.nocheatplus.stats.Counters
25-08-03 09:34:15 [INFO] [GenericInstanceRegistry] Registered for itself: fr.neatmonster.nocheatplus.checks.workaround.WRPT
25-08-03 09:34:15 [INFO] [GenericInstanceRegistry] Registered for itself: fr.neatmonster.nocheatplus.checks.moving.location.tracking.LocationTrace$TraceEntryPool
25-08-03 09:34:15 [INFO] [GenericInstanceRegistry] Registered for itself: fr.neatmonster.nocheatplus.utilities.entity.PassengerUtil
25-08-03 09:34:15 [INFO] [GenericInstanceRegistry] Registered for fr.neatmonster.nocheatplus.compat.IBridgeCrossPlugin: fr.neatmonster.nocheatplus.compat.meta.BridgeCrossPlugin
25-08-03 09:34:15 [INFO] [GenericInstanceRegistry] Registered for fr.neatmonster.nocheatplus.compat.MCAccess: fr.neatmonster.nocheatplus.compat.bukkit.MCAccessBukkitModern
25-08-03 09:34:15 [INFO] [GenericInstanceRegistry] Registered for fr.neatmonster.nocheatplus.utilities.map.BlockCache: fr.neatmonster.nocheatplus.compat.bukkit.BlockCacheBukkitModern
25-08-03 09:34:15 [INFO] [GenericInstanceRegistry] Registered for fr.neatmonster.nocheatplus.components.modifier.IAttributeAccess: fr.neatmonster.nocheatplus.compat.bukkit.BukkitAttributeAccess
25-08-03 09:34:15 [INFO] [GenericInstanceRegistry] Registered for fr.neatmonster.nocheatplus.components.entity.IEntityAccessVehicle: fr.neatmonster.nocheatplus.compat.bukkit.EntityAccessVehicleMultiPassenger
25-08-03 09:34:15 [INFO] [GenericInstanceRegistry] Registered for itself: fr.neatmonster.nocheatplus.checks.moving.util.AuxMoving
25-08-03 09:34:15 [INFO] Added hook: AllViolations(NCP) [1.0].
25-08-03 09:34:15 [INFO] Added hook: ViolationFrequency(NCP) [1.0].
25-08-03 09:34:15 [INFO] Post-enable running...
25-08-03 09:34:15 [INFO] Post-enable finished.
25-08-03 09:34:15 [INFO] §c§l»Version information«§7
§6§lServer:§7
§7git-Patina-ver/1.16.5-"667fb1b" ~MC: 1.16.5~
§7§eDetected: §71.16.5
§6§lNoCheatPlus:§7
§7§ePlugin: §73.17.1-SNAPSHOT-Updated-b198
§7§eMCAccess: §71.13-1.21|? / Bukkit-API
§6§lFeatures:
§7§eblocks§7: BlocksMC1_4§f, §7BlocksMC1_5§f, §7BlocksMC1_6_1§f, §7BlocksMC1_7_2§f, §7BlocksMC1_8§f, §7BlocksMC1_9§f, §7BlocksMC1_10§f, §7BlocksMC1_11§f, §7BlocksMC1_12§f, §7BlocksMC1_13§f, §7BlocksMC1_14§f, §7BlocksMC1_15§f, §7BlocksMC1_16§f, §7MCAccessBukkitModern
§7§echecks§7: FastConsume§f, §7Gutenberg§f, §7HotFixFallingBlockPortalEnter
§7§edefaults§7: pvpKnockBackVelocity
§6§lHooks:
§7AllViolations~NCP~ 1.0§f, §7ViolationFrequency~NCP~ 1.0
25-08-03 09:42:07 [INFO] Removed hook: ViolationFrequency(NCP) [1.0].
25-08-03 09:42:07 [INFO] Removed hook: AllViolations(NCP) [1.0].
25-08-03 09:42:07 [FINE] | cancel.dead 0 | cancel.offline 0 | block.interact.look.current 0 | block.interact.look.flying.first 0 | block.interact.look.flying.other 0 | illegalitem 0 | boatsanywhere 0 | throwenderpearl 0 | fakeinvulnerable 0 | eggonentity 0 | event.player.move 674 (674/0) |
25-08-03 09:42:07 [INFO] [GenericInstanceRegistry] Registry cleared.
25-08-04 08:05:48 [INFO] Logger started.
25-08-04 08:05:48 [INFO] Logging system initialized.
25-08-04 08:05:48 [INFO] Detected Minecraft version: 1.16.5
25-08-04 08:05:53 [INFO] McAccess set to: 1.13-1.21|? / Bukkit-API
25-08-04 08:05:53 [INFO] Inventory checks: FastConsume is available, disabled InstantEat.
25-08-04 08:05:53 [INFO] Packet level access: ProtocolLib is not available.
25-08-04 08:05:53 [INFO] Force disable FastHeal, FastConsume, PacketFrequency and InstantBow on Minecraft 1.9 and later.
25-08-04 08:05:53 [INFO] Version 3.17.1-SNAPSHOT-Updated-b198 is enabled.
25-08-04 08:05:56 [INFO] [GenericInstanceRegistry] Registered (override) for itself: fr.neatmonster.nocheatplus.hooks.ExemptionSettings
25-08-04 08:05:56 [INFO] [GenericInstanceRegistry] Registered for itself: fr.neatmonster.nocheatplus.stats.Counters
25-08-04 08:05:56 [INFO] [GenericInstanceRegistry] Registered for itself: fr.neatmonster.nocheatplus.checks.workaround.WRPT
25-08-04 08:05:56 [INFO] [GenericInstanceRegistry] Registered for itself: fr.neatmonster.nocheatplus.checks.moving.location.tracking.LocationTrace$TraceEntryPool
25-08-04 08:05:56 [INFO] [GenericInstanceRegistry] Registered for itself: fr.neatmonster.nocheatplus.utilities.entity.PassengerUtil
25-08-04 08:05:56 [INFO] [GenericInstanceRegistry] Registered for fr.neatmonster.nocheatplus.compat.IBridgeCrossPlugin: fr.neatmonster.nocheatplus.compat.meta.BridgeCrossPlugin
25-08-04 08:05:56 [INFO] [GenericInstanceRegistry] Registered for fr.neatmonster.nocheatplus.compat.MCAccess: fr.neatmonster.nocheatplus.compat.bukkit.MCAccessBukkitModern
25-08-04 08:05:56 [INFO] [GenericInstanceRegistry] Registered for fr.neatmonster.nocheatplus.utilities.map.BlockCache: fr.neatmonster.nocheatplus.compat.bukkit.BlockCacheBukkitModern
25-08-04 08:05:56 [INFO] [GenericInstanceRegistry] Registered for fr.neatmonster.nocheatplus.components.modifier.IAttributeAccess: fr.neatmonster.nocheatplus.compat.bukkit.BukkitAttributeAccess
25-08-04 08:05:56 [INFO] [GenericInstanceRegistry] Registered for fr.neatmonster.nocheatplus.components.entity.IEntityAccessVehicle: fr.neatmonster.nocheatplus.compat.bukkit.EntityAccessVehicleMultiPassenger
25-08-04 08:05:56 [INFO] [GenericInstanceRegistry] Registered for itself: fr.neatmonster.nocheatplus.checks.moving.util.AuxMoving
25-08-04 08:05:56 [INFO] Added hook: AllViolations(NCP) [1.0].
25-08-04 08:05:56 [INFO] Added hook: ViolationFrequency(NCP) [1.0].
25-08-04 08:05:56 [INFO] Post-enable running...
25-08-04 08:05:56 [INFO] Post-enable finished.
25-08-04 08:05:56 [INFO] §c§l»Version information«§7
§6§lServer:§7
§7git-Patina-ver/1.16.5-"667fb1b" ~MC: 1.16.5~
§7§eDetected: §71.16.5
§6§lNoCheatPlus:§7
§7§ePlugin: §73.17.1-SNAPSHOT-Updated-b198
§7§eMCAccess: §71.13-1.21|? / Bukkit-API
§6§lFeatures:
§7§eblocks§7: BlocksMC1_4§f, §7BlocksMC1_5§f, §7BlocksMC1_6_1§f, §7BlocksMC1_7_2§f, §7BlocksMC1_8§f, §7BlocksMC1_9§f, §7BlocksMC1_10§f, §7BlocksMC1_11§f, §7BlocksMC1_12§f, §7BlocksMC1_13§f, §7BlocksMC1_14§f, §7BlocksMC1_15§f, §7BlocksMC1_16§f, §7MCAccessBukkitModern
§7§echecks§7: FastConsume§f, §7Gutenberg§f, §7HotFixFallingBlockPortalEnter
§7§edefaults§7: pvpKnockBackVelocity
§6§lHooks:
§7AllViolations~NCP~ 1.0§f, §7ViolationFrequency~NCP~ 1.0
25-08-06 08:23:48 [INFO] Logger started.
25-08-06 08:23:48 [INFO] Logging system initialized.
25-08-06 08:23:48 [INFO] Detected Minecraft version: 1.16.5
25-08-06 08:23:54 [INFO] McAccess set to: 1.13-1.21|? / Bukkit-API
25-08-06 08:23:54 [INFO] Inventory checks: FastConsume is available, disabled InstantEat.
25-08-06 08:23:54 [INFO] Packet level access: ProtocolLib is not available.
25-08-06 08:23:54 [INFO] Force disable FastHeal, FastConsume, PacketFrequency and InstantBow on Minecraft 1.9 and later.
25-08-06 08:23:54 [INFO] Version 3.17.1-SNAPSHOT-Updated-b198 is enabled.
25-08-06 08:24:00 [INFO] [GenericInstanceRegistry] Registered (override) for itself: fr.neatmonster.nocheatplus.hooks.ExemptionSettings
25-08-06 08:24:00 [INFO] [GenericInstanceRegistry] Registered for itself: fr.neatmonster.nocheatplus.stats.Counters
25-08-06 08:24:00 [INFO] [GenericInstanceRegistry] Registered for itself: fr.neatmonster.nocheatplus.checks.workaround.WRPT
25-08-06 08:24:00 [INFO] [GenericInstanceRegistry] Registered for itself: fr.neatmonster.nocheatplus.checks.moving.location.tracking.LocationTrace$TraceEntryPool
25-08-06 08:24:00 [INFO] [GenericInstanceRegistry] Registered for itself: fr.neatmonster.nocheatplus.utilities.entity.PassengerUtil
25-08-06 08:24:00 [INFO] [GenericInstanceRegistry] Registered for fr.neatmonster.nocheatplus.compat.IBridgeCrossPlugin: fr.neatmonster.nocheatplus.compat.meta.BridgeCrossPlugin
25-08-06 08:24:00 [INFO] [GenericInstanceRegistry] Registered for fr.neatmonster.nocheatplus.compat.MCAccess: fr.neatmonster.nocheatplus.compat.bukkit.MCAccessBukkitModern
25-08-06 08:24:00 [INFO] [GenericInstanceRegistry] Registered for fr.neatmonster.nocheatplus.utilities.map.BlockCache: fr.neatmonster.nocheatplus.compat.bukkit.BlockCacheBukkitModern
25-08-06 08:24:00 [INFO] [GenericInstanceRegistry] Registered for fr.neatmonster.nocheatplus.components.modifier.IAttributeAccess: fr.neatmonster.nocheatplus.compat.bukkit.BukkitAttributeAccess
25-08-06 08:24:00 [INFO] [GenericInstanceRegistry] Registered for fr.neatmonster.nocheatplus.components.entity.IEntityAccessVehicle: fr.neatmonster.nocheatplus.compat.bukkit.EntityAccessVehicleMultiPassenger
25-08-06 08:24:00 [INFO] [GenericInstanceRegistry] Registered for itself: fr.neatmonster.nocheatplus.checks.moving.util.AuxMoving
25-08-06 08:24:00 [INFO] Added hook: AllViolations(NCP) [1.0].
25-08-06 08:24:00 [INFO] Added hook: ViolationFrequency(NCP) [1.0].
25-08-06 08:24:00 [INFO] Post-enable running...
25-08-06 08:24:00 [INFO] Post-enable finished.
25-08-06 08:24:00 [INFO] §c§l»Version information«§7
§6§lServer:§7
§7git-Patina-ver/1.16.5-"667fb1b" ~MC: 1.16.5~
§7§eDetected: §71.16.5
§6§lNoCheatPlus:§7
§7§ePlugin: §73.17.1-SNAPSHOT-Updated-b198
§7§eMCAccess: §71.13-1.21|? / Bukkit-API
§6§lFeatures:
§7§eblocks§7: BlocksMC1_4§f, §7BlocksMC1_5§f, §7BlocksMC1_6_1§f, §7BlocksMC1_7_2§f, §7BlocksMC1_8§f, §7BlocksMC1_9§f, §7BlocksMC1_10§f, §7BlocksMC1_11§f, §7BlocksMC1_12§f, §7BlocksMC1_13§f, §7BlocksMC1_14§f, §7BlocksMC1_15§f, §7BlocksMC1_16§f, §7MCAccessBukkitModern
§7§echecks§7: FastConsume§f, §7Gutenberg§f, §7HotFixFallingBlockPortalEnter
§7§edefaults§7: pvpKnockBackVelocity
§6§lHooks:
§7AllViolations~NCP~ 1.0§f, §7ViolationFrequency~NCP~ 1.0
25-08-06 08:26:10 [INFO] Removed hook: ViolationFrequency(NCP) [1.0].
25-08-06 08:26:10 [INFO] Removed hook: AllViolations(NCP) [1.0].
25-08-06 08:26:10 [FINE] | cancel.dead 0 | cancel.offline 0 | block.interact.look.current 0 | block.interact.look.flying.first 0 | block.interact.look.flying.other 0 | illegalitem 0 | boatsanywhere 0 | throwenderpearl 0 | fakeinvulnerable 0 | eggonentity 0 | event.player.move 722 (722/0) |
25-08-06 08:26:10 [INFO] [GenericInstanceRegistry] Registry cleared.
25-08-06 08:26:11 [INFO] Logger started.
25-08-06 08:26:11 [INFO] Logging system initialized.
25-08-06 08:26:11 [INFO] Detected Minecraft version: 1.16.5
25-08-06 08:26:13 [INFO] McAccess set to: 1.13-1.21|? / Bukkit-API
25-08-06 08:26:13 [INFO] Inventory checks: FastConsume is available, disabled InstantEat.
25-08-06 08:26:13 [INFO] Packet level access: ProtocolLib is not available.
25-08-06 08:26:13 [INFO] Force disable FastHeal, FastConsume, PacketFrequency and InstantBow on Minecraft 1.9 and later.
25-08-06 08:26:13 [INFO] Version 3.17.1-SNAPSHOT-Updated-b198 is enabled.
25-08-06 08:26:14 [INFO] [GenericInstanceRegistry] Registered (override) for itself: fr.neatmonster.nocheatplus.hooks.ExemptionSettings
25-08-06 08:26:14 [INFO] [GenericInstanceRegistry] Registered for itself: fr.neatmonster.nocheatplus.stats.Counters
25-08-06 08:26:14 [INFO] [GenericInstanceRegistry] Registered for itself: fr.neatmonster.nocheatplus.checks.workaround.WRPT
25-08-06 08:26:14 [INFO] [GenericInstanceRegistry] Registered for itself: fr.neatmonster.nocheatplus.checks.moving.location.tracking.LocationTrace$TraceEntryPool
25-08-06 08:26:14 [INFO] [GenericInstanceRegistry] Registered for itself: fr.neatmonster.nocheatplus.utilities.entity.PassengerUtil
25-08-06 08:26:14 [INFO] [GenericInstanceRegistry] Registered for fr.neatmonster.nocheatplus.compat.IBridgeCrossPlugin: fr.neatmonster.nocheatplus.compat.meta.BridgeCrossPlugin
25-08-06 08:26:14 [INFO] [GenericInstanceRegistry] Registered for fr.neatmonster.nocheatplus.compat.MCAccess: fr.neatmonster.nocheatplus.compat.bukkit.MCAccessBukkitModern
25-08-06 08:26:14 [INFO] [GenericInstanceRegistry] Registered for fr.neatmonster.nocheatplus.utilities.map.BlockCache: fr.neatmonster.nocheatplus.compat.bukkit.BlockCacheBukkitModern
25-08-06 08:26:14 [INFO] [GenericInstanceRegistry] Registered for fr.neatmonster.nocheatplus.components.modifier.IAttributeAccess: fr.neatmonster.nocheatplus.compat.bukkit.BukkitAttributeAccess
25-08-06 08:26:14 [INFO] [GenericInstanceRegistry] Registered for fr.neatmonster.nocheatplus.components.entity.IEntityAccessVehicle: fr.neatmonster.nocheatplus.compat.bukkit.EntityAccessVehicleMultiPassenger
25-08-06 08:26:14 [INFO] [GenericInstanceRegistry] Registered for itself: fr.neatmonster.nocheatplus.checks.moving.util.AuxMoving
25-08-06 08:26:14 [INFO] Added hook: AllViolations(NCP) [1.0].
25-08-06 08:26:14 [INFO] Added hook: ViolationFrequency(NCP) [1.0].
25-08-06 08:26:14 [INFO] Post-enable running...
25-08-06 08:26:14 [INFO] Updated data for 1 players (post-enable).
25-08-06 08:26:14 [INFO] Post-enable finished.
25-08-06 08:26:14 [INFO] §c§l»Version information«§7
§6§lServer:§7
§7git-Patina-ver/1.16.5-"667fb1b" ~MC: 1.16.5~
§7§eDetected: §71.16.5
§6§lNoCheatPlus:§7
§7§ePlugin: §73.17.1-SNAPSHOT-Updated-b198
§7§eMCAccess: §71.13-1.21|? / Bukkit-API
§6§lFeatures:
§7§eblocks§7: BlocksMC1_4§f, §7BlocksMC1_5§f, §7BlocksMC1_6_1§f, §7BlocksMC1_7_2§f, §7BlocksMC1_8§f, §7BlocksMC1_9§f, §7BlocksMC1_10§f, §7BlocksMC1_11§f, §7BlocksMC1_12§f, §7BlocksMC1_13§f, §7BlocksMC1_14§f, §7BlocksMC1_15§f, §7BlocksMC1_16§f, §7MCAccessBukkitModern
§7§echecks§7: FastConsume§f, §7Gutenberg§f, §7HotFixFallingBlockPortalEnter
§7§edefaults§7: pvpKnockBackVelocity
§6§lHooks:
§7AllViolations~NCP~ 1.0§f, §7ViolationFrequency~NCP~ 1.0
25-08-06 08:27:26 [INFO] Removed hook: ViolationFrequency(NCP) [1.0].
25-08-06 08:27:26 [INFO] Removed hook: AllViolations(NCP) [1.0].
25-08-06 08:27:26 [FINE] | cancel.dead 0 | cancel.offline 0 | block.interact.look.current 0 | block.interact.look.flying.first 0 | block.interact.look.flying.other 0 | illegalitem 0 | boatsanywhere 0 | throwenderpearl 0 | fakeinvulnerable 0 | eggonentity 0 | event.player.move 838 (838/0) |
25-08-06 08:27:26 [INFO] [GenericInstanceRegistry] Registry cleared.
25-08-06 08:27:48 [INFO] Logger started.
25-08-06 08:27:48 [INFO] Logging system initialized.
25-08-06 08:27:48 [INFO] Detected Minecraft version: 1.16.5
25-08-06 08:27:51 [INFO] McAccess set to: 1.13-1.21|? / Bukkit-API
25-08-06 08:27:51 [INFO] Inventory checks: FastConsume is available, disabled InstantEat.
25-08-06 08:27:51 [INFO] Packet level access: ProtocolLib is not available.
25-08-06 08:27:51 [INFO] Force disable FastHeal, FastConsume, PacketFrequency and InstantBow on Minecraft 1.9 and later.
25-08-06 08:27:51 [INFO] Version 3.17.1-SNAPSHOT-Updated-b198 is enabled.
25-08-06 08:27:54 [INFO] [GenericInstanceRegistry] Registered (override) for itself: fr.neatmonster.nocheatplus.hooks.ExemptionSettings
25-08-06 08:27:54 [INFO] [GenericInstanceRegistry] Registered for itself: fr.neatmonster.nocheatplus.stats.Counters
25-08-06 08:27:54 [INFO] [GenericInstanceRegistry] Registered for itself: fr.neatmonster.nocheatplus.checks.workaround.WRPT
25-08-06 08:27:54 [INFO] [GenericInstanceRegistry] Registered for itself: fr.neatmonster.nocheatplus.checks.moving.location.tracking.LocationTrace$TraceEntryPool
25-08-06 08:27:54 [INFO] [GenericInstanceRegistry] Registered for itself: fr.neatmonster.nocheatplus.utilities.entity.PassengerUtil
25-08-06 08:27:54 [INFO] [GenericInstanceRegistry] Registered for fr.neatmonster.nocheatplus.compat.IBridgeCrossPlugin: fr.neatmonster.nocheatplus.compat.meta.BridgeCrossPlugin
25-08-06 08:27:54 [INFO] [GenericInstanceRegistry] Registered for fr.neatmonster.nocheatplus.compat.MCAccess: fr.neatmonster.nocheatplus.compat.bukkit.MCAccessBukkitModern
25-08-06 08:27:54 [INFO] [GenericInstanceRegistry] Registered for fr.neatmonster.nocheatplus.utilities.map.BlockCache: fr.neatmonster.nocheatplus.compat.bukkit.BlockCacheBukkitModern
25-08-06 08:27:54 [INFO] [GenericInstanceRegistry] Registered for fr.neatmonster.nocheatplus.components.modifier.IAttributeAccess: fr.neatmonster.nocheatplus.compat.bukkit.BukkitAttributeAccess
25-08-06 08:27:54 [INFO] [GenericInstanceRegistry] Registered for fr.neatmonster.nocheatplus.components.entity.IEntityAccessVehicle: fr.neatmonster.nocheatplus.compat.bukkit.EntityAccessVehicleMultiPassenger
25-08-06 08:27:54 [INFO] [GenericInstanceRegistry] Registered for itself: fr.neatmonster.nocheatplus.checks.moving.util.AuxMoving
25-08-06 08:27:54 [INFO] Added hook: AllViolations(NCP) [1.0].
25-08-06 08:27:54 [INFO] Added hook: ViolationFrequency(NCP) [1.0].
25-08-06 08:27:54 [INFO] Post-enable running...
25-08-06 08:27:54 [INFO] Post-enable finished.
25-08-06 08:27:54 [INFO] §c§l»Version information«§7
§6§lServer:§7
§7git-Patina-ver/1.16.5-"667fb1b" ~MC: 1.16.5~
§7§eDetected: §71.16.5
§6§lNoCheatPlus:§7
§7§ePlugin: §73.17.1-SNAPSHOT-Updated-b198
§7§eMCAccess: §71.13-1.21|? / Bukkit-API
§6§lFeatures:
§7§eblocks§7: BlocksMC1_4§f, §7BlocksMC1_5§f, §7BlocksMC1_6_1§f, §7BlocksMC1_7_2§f, §7BlocksMC1_8§f, §7BlocksMC1_9§f, §7BlocksMC1_10§f, §7BlocksMC1_11§f, §7BlocksMC1_12§f, §7BlocksMC1_13§f, §7BlocksMC1_14§f, §7BlocksMC1_15§f, §7BlocksMC1_16§f, §7MCAccessBukkitModern
§7§echecks§7: FastConsume§f, §7Gutenberg§f, §7HotFixFallingBlockPortalEnter
§7§edefaults§7: pvpKnockBackVelocity
§6§lHooks:
§7AllViolations~NCP~ 1.0§f, §7ViolationFrequency~NCP~ 1.0
25-08-06 08:36:28 [INFO] Removed hook: ViolationFrequency(NCP) [1.0].
25-08-06 08:36:28 [INFO] Removed hook: AllViolations(NCP) [1.0].
25-08-06 08:36:28 [FINE] | cancel.dead 0 | cancel.offline 0 | block.interact.look.current 0 | block.interact.look.flying.first 0 | block.interact.look.flying.other 0 | illegalitem 0 | boatsanywhere 0 | throwenderpearl 0 | fakeinvulnerable 0 | eggonentity 0 | event.player.move 3803 (3803/0) |
25-08-06 08:36:28 [INFO] [GenericInstanceRegistry] Registry cleared.
25-08-06 08:36:30 [INFO] Logger started.
25-08-06 08:36:30 [INFO] Logging system initialized.
25-08-06 08:36:30 [INFO] Detected Minecraft version: 1.16.5
25-08-06 08:36:32 [INFO] McAccess set to: 1.13-1.21|? / Bukkit-API
25-08-06 08:36:32 [INFO] Inventory checks: FastConsume is available, disabled InstantEat.
25-08-06 08:36:32 [INFO] Packet level access: ProtocolLib is not available.
25-08-06 08:36:32 [INFO] Force disable FastHeal, FastConsume, PacketFrequency and InstantBow on Minecraft 1.9 and later.
25-08-06 08:36:32 [INFO] Version 3.17.1-SNAPSHOT-Updated-b198 is enabled.
25-08-06 08:36:34 [INFO] [GenericInstanceRegistry] Registered (override) for itself: fr.neatmonster.nocheatplus.hooks.ExemptionSettings
25-08-06 08:36:34 [INFO] [GenericInstanceRegistry] Registered for itself: fr.neatmonster.nocheatplus.stats.Counters
25-08-06 08:36:34 [INFO] [GenericInstanceRegistry] Registered for itself: fr.neatmonster.nocheatplus.checks.workaround.WRPT
25-08-06 08:36:34 [INFO] [GenericInstanceRegistry] Registered for itself: fr.neatmonster.nocheatplus.checks.moving.location.tracking.LocationTrace$TraceEntryPool
25-08-06 08:36:34 [INFO] [GenericInstanceRegistry] Registered for itself: fr.neatmonster.nocheatplus.utilities.entity.PassengerUtil
25-08-06 08:36:34 [INFO] [GenericInstanceRegistry] Registered for fr.neatmonster.nocheatplus.compat.IBridgeCrossPlugin: fr.neatmonster.nocheatplus.compat.meta.BridgeCrossPlugin
25-08-06 08:36:34 [INFO] [GenericInstanceRegistry] Registered for fr.neatmonster.nocheatplus.compat.MCAccess: fr.neatmonster.nocheatplus.compat.bukkit.MCAccessBukkitModern
25-08-06 08:36:34 [INFO] [GenericInstanceRegistry] Registered for fr.neatmonster.nocheatplus.utilities.map.BlockCache: fr.neatmonster.nocheatplus.compat.bukkit.BlockCacheBukkitModern
25-08-06 08:36:34 [INFO] [GenericInstanceRegistry] Registered for fr.neatmonster.nocheatplus.components.modifier.IAttributeAccess: fr.neatmonster.nocheatplus.compat.bukkit.BukkitAttributeAccess
25-08-06 08:36:34 [INFO] [GenericInstanceRegistry] Registered for fr.neatmonster.nocheatplus.components.entity.IEntityAccessVehicle: fr.neatmonster.nocheatplus.compat.bukkit.EntityAccessVehicleMultiPassenger
25-08-06 08:36:34 [INFO] [GenericInstanceRegistry] Registered for itself: fr.neatmonster.nocheatplus.checks.moving.util.AuxMoving
25-08-06 08:36:34 [INFO] Added hook: AllViolations(NCP) [1.0].
25-08-06 08:36:34 [INFO] Added hook: ViolationFrequency(NCP) [1.0].
25-08-06 08:36:34 [INFO] Post-enable running...
25-08-06 08:36:34 [INFO] Updated data for 1 players (post-enable).
25-08-06 08:36:34 [INFO] Post-enable finished.
25-08-06 08:36:34 [INFO] §c§l»Version information«§7
§6§lServer:§7
§7git-Patina-ver/1.16.5-"667fb1b" ~MC: 1.16.5~
§7§eDetected: §71.16.5
§6§lNoCheatPlus:§7
§7§ePlugin: §73.17.1-SNAPSHOT-Updated-b198
§7§eMCAccess: §71.13-1.21|? / Bukkit-API
§6§lFeatures:
§7§eblocks§7: BlocksMC1_4§f, §7BlocksMC1_5§f, §7BlocksMC1_6_1§f, §7BlocksMC1_7_2§f, §7BlocksMC1_8§f, §7BlocksMC1_9§f, §7BlocksMC1_10§f, §7BlocksMC1_11§f, §7BlocksMC1_12§f, §7BlocksMC1_13§f, §7BlocksMC1_14§f, §7BlocksMC1_15§f, §7BlocksMC1_16§f, §7MCAccessBukkitModern
§7§echecks§7: FastConsume§f, §7Gutenberg§f, §7HotFixFallingBlockPortalEnter
§7§edefaults§7: pvpKnockBackVelocity
§6§lHooks:
§7AllViolations~NCP~ 1.0§f, §7ViolationFrequency~NCP~ 1.0
25-08-06 08:36:47 [INFO] Removed hook: ViolationFrequency(NCP) [1.0].
25-08-06 08:36:47 [INFO] Removed hook: AllViolations(NCP) [1.0].
25-08-06 08:36:47 [FINE] | cancel.dead 0 | cancel.offline 0 | block.interact.look.current 0 | block.interact.look.flying.first 0 | block.interact.look.flying.other 0 | illegalitem 0 | boatsanywhere 0 | throwenderpearl 0 | fakeinvulnerable 0 | eggonentity 0 | event.player.move 130 (130/0) |
25-08-06 08:36:47 [INFO] [GenericInstanceRegistry] Registry cleared.
25-08-06 08:37:03 [INFO] Logger started.
25-08-06 08:37:03 [INFO] Logging system initialized.
25-08-06 08:37:03 [INFO] Detected Minecraft version: 1.16.5
25-08-06 08:37:07 [INFO] McAccess set to: 1.13-1.21|? / Bukkit-API
25-08-06 08:37:07 [INFO] Inventory checks: FastConsume is available, disabled InstantEat.
25-08-06 08:37:07 [INFO] Packet level access: ProtocolLib is not available.
25-08-06 08:37:07 [INFO] Force disable FastHeal, FastConsume, PacketFrequency and InstantBow on Minecraft 1.9 and later.
25-08-06 08:37:07 [INFO] Version 3.17.1-SNAPSHOT-Updated-b198 is enabled.
25-08-06 08:37:10 [INFO] [GenericInstanceRegistry] Registered (override) for itself: fr.neatmonster.nocheatplus.hooks.ExemptionSettings
25-08-06 08:37:10 [INFO] [GenericInstanceRegistry] Registered for itself: fr.neatmonster.nocheatplus.stats.Counters
25-08-06 08:37:10 [INFO] [GenericInstanceRegistry] Registered for itself: fr.neatmonster.nocheatplus.checks.workaround.WRPT
25-08-06 08:37:10 [INFO] [GenericInstanceRegistry] Registered for itself: fr.neatmonster.nocheatplus.checks.moving.location.tracking.LocationTrace$TraceEntryPool
25-08-06 08:37:10 [INFO] [GenericInstanceRegistry] Registered for itself: fr.neatmonster.nocheatplus.utilities.entity.PassengerUtil
25-08-06 08:37:10 [INFO] [GenericInstanceRegistry] Registered for fr.neatmonster.nocheatplus.compat.IBridgeCrossPlugin: fr.neatmonster.nocheatplus.compat.meta.BridgeCrossPlugin
25-08-06 08:37:10 [INFO] [GenericInstanceRegistry] Registered for fr.neatmonster.nocheatplus.compat.MCAccess: fr.neatmonster.nocheatplus.compat.bukkit.MCAccessBukkitModern
25-08-06 08:37:10 [INFO] [GenericInstanceRegistry] Registered for fr.neatmonster.nocheatplus.utilities.map.BlockCache: fr.neatmonster.nocheatplus.compat.bukkit.BlockCacheBukkitModern
25-08-06 08:37:10 [INFO] [GenericInstanceRegistry] Registered for fr.neatmonster.nocheatplus.components.modifier.IAttributeAccess: fr.neatmonster.nocheatplus.compat.bukkit.BukkitAttributeAccess
25-08-06 08:37:10 [INFO] [GenericInstanceRegistry] Registered for fr.neatmonster.nocheatplus.components.entity.IEntityAccessVehicle: fr.neatmonster.nocheatplus.compat.bukkit.EntityAccessVehicleMultiPassenger
25-08-06 08:37:10 [INFO] [GenericInstanceRegistry] Registered for itself: fr.neatmonster.nocheatplus.checks.moving.util.AuxMoving
25-08-06 08:37:10 [INFO] Added hook: AllViolations(NCP) [1.0].
25-08-06 08:37:10 [INFO] Added hook: ViolationFrequency(NCP) [1.0].
25-08-06 08:37:10 [INFO] Post-enable running...
25-08-06 08:37:10 [INFO] Post-enable finished.
25-08-06 08:37:10 [INFO] §c§l»Version information«§7
§6§lServer:§7
§7git-Patina-ver/1.16.5-"667fb1b" ~MC: 1.16.5~
§7§eDetected: §71.16.5
§6§lNoCheatPlus:§7
§7§ePlugin: §73.17.1-SNAPSHOT-Updated-b198
§7§eMCAccess: §71.13-1.21|? / Bukkit-API
§6§lFeatures:
§7§eblocks§7: BlocksMC1_4§f, §7BlocksMC1_5§f, §7BlocksMC1_6_1§f, §7BlocksMC1_7_2§f, §7BlocksMC1_8§f, §7BlocksMC1_9§f, §7BlocksMC1_10§f, §7BlocksMC1_11§f, §7BlocksMC1_12§f, §7BlocksMC1_13§f, §7BlocksMC1_14§f, §7BlocksMC1_15§f, §7BlocksMC1_16§f, §7MCAccessBukkitModern
§7§echecks§7: FastConsume§f, §7Gutenberg§f, §7HotFixFallingBlockPortalEnter
§7§edefaults§7: pvpKnockBackVelocity
§6§lHooks:
§7AllViolations~NCP~ 1.0§f, §7ViolationFrequency~NCP~ 1.0
25-08-06 08:42:02 [INFO] Removed hook: ViolationFrequency(NCP) [1.0].
25-08-06 08:42:02 [INFO] Removed hook: AllViolations(NCP) [1.0].
25-08-06 08:42:02 [FINE] | cancel.dead 0 | cancel.offline 0 | block.interact.look.current 0 | block.interact.look.flying.first 0 | block.interact.look.flying.other 0 | illegalitem 0 | boatsanywhere 0 | throwenderpearl 0 | fakeinvulnerable 0 | eggonentity 0 | event.player.move 940 (940/0) |
25-08-06 08:42:02 [INFO] [GenericInstanceRegistry] Registry cleared.
25-08-06 08:42:15 [INFO] Logger started.
25-08-06 08:42:15 [INFO] Logging system initialized.
25-08-06 08:42:15 [INFO] Detected Minecraft version: 1.16.5
25-08-06 08:42:18 [INFO] McAccess set to: 1.13-1.21|? / Bukkit-API
25-08-06 08:42:18 [INFO] Inventory checks: FastConsume is available, disabled InstantEat.
25-08-06 08:42:18 [INFO] Packet level access: ProtocolLib is not available.
25-08-06 08:42:18 [INFO] Force disable FastHeal, FastConsume, PacketFrequency and InstantBow on Minecraft 1.9 and later.
25-08-06 08:42:18 [INFO] Version 3.17.1-SNAPSHOT-Updated-b198 is enabled.
25-08-06 08:42:21 [INFO] [GenericInstanceRegistry] Registered (override) for itself: fr.neatmonster.nocheatplus.hooks.ExemptionSettings
25-08-06 08:42:21 [INFO] [GenericInstanceRegistry] Registered for itself: fr.neatmonster.nocheatplus.stats.Counters
25-08-06 08:42:21 [INFO] [GenericInstanceRegistry] Registered for itself: fr.neatmonster.nocheatplus.checks.workaround.WRPT
25-08-06 08:42:21 [INFO] [GenericInstanceRegistry] Registered for itself: fr.neatmonster.nocheatplus.checks.moving.location.tracking.LocationTrace$TraceEntryPool
25-08-06 08:42:21 [INFO] [GenericInstanceRegistry] Registered for itself: fr.neatmonster.nocheatplus.utilities.entity.PassengerUtil
25-08-06 08:42:21 [INFO] [GenericInstanceRegistry] Registered for fr.neatmonster.nocheatplus.compat.IBridgeCrossPlugin: fr.neatmonster.nocheatplus.compat.meta.BridgeCrossPlugin
25-08-06 08:42:21 [INFO] [GenericInstanceRegistry] Registered for fr.neatmonster.nocheatplus.compat.MCAccess: fr.neatmonster.nocheatplus.compat.bukkit.MCAccessBukkitModern
25-08-06 08:42:21 [INFO] [GenericInstanceRegistry] Registered for fr.neatmonster.nocheatplus.utilities.map.BlockCache: fr.neatmonster.nocheatplus.compat.bukkit.BlockCacheBukkitModern
25-08-06 08:42:21 [INFO] [GenericInstanceRegistry] Registered for fr.neatmonster.nocheatplus.components.modifier.IAttributeAccess: fr.neatmonster.nocheatplus.compat.bukkit.BukkitAttributeAccess
25-08-06 08:42:21 [INFO] [GenericInstanceRegistry] Registered for fr.neatmonster.nocheatplus.components.entity.IEntityAccessVehicle: fr.neatmonster.nocheatplus.compat.bukkit.EntityAccessVehicleMultiPassenger
25-08-06 08:42:21 [INFO] [GenericInstanceRegistry] Registered for itself: fr.neatmonster.nocheatplus.checks.moving.util.AuxMoving
25-08-06 08:42:21 [INFO] Added hook: AllViolations(NCP) [1.0].
25-08-06 08:42:21 [INFO] Added hook: ViolationFrequency(NCP) [1.0].
25-08-06 08:42:21 [INFO] Post-enable running...
25-08-06 08:42:21 [INFO] Post-enable finished.
25-08-06 08:42:21 [INFO] §c§l»Version information«§7
§6§lServer:§7
§7git-Patina-ver/1.16.5-"667fb1b" ~MC: 1.16.5~
§7§eDetected: §71.16.5
§6§lNoCheatPlus:§7
§7§ePlugin: §73.17.1-SNAPSHOT-Updated-b198
§7§eMCAccess: §71.13-1.21|? / Bukkit-API
§6§lFeatures:
§7§eblocks§7: BlocksMC1_4§f, §7BlocksMC1_5§f, §7BlocksMC1_6_1§f, §7BlocksMC1_7_2§f, §7BlocksMC1_8§f, §7BlocksMC1_9§f, §7BlocksMC1_10§f, §7BlocksMC1_11§f, §7BlocksMC1_12§f, §7BlocksMC1_13§f, §7BlocksMC1_14§f, §7BlocksMC1_15§f, §7BlocksMC1_16§f, §7MCAccessBukkitModern
§7§echecks§7: FastConsume§f, §7Gutenberg§f, §7HotFixFallingBlockPortalEnter
§7§edefaults§7: pvpKnockBackVelocity
§6§lHooks:
§7AllViolations~NCP~ 1.0§f, §7ViolationFrequency~NCP~ 1.0
25-08-06 08:47:06 [INFO] Removed hook: ViolationFrequency(NCP) [1.0].
25-08-06 08:47:06 [INFO] Removed hook: AllViolations(NCP) [1.0].
25-08-06 08:47:06 [FINE] | cancel.dead 0 | cancel.offline 0 | block.interact.look.current 0 | block.interact.look.flying.first 0 | block.interact.look.flying.other 0 | illegalitem 0 | boatsanywhere 0 | throwenderpearl 0 | fakeinvulnerable 0 | eggonentity 0 | event.player.move 4746 (4746/0) |
25-08-06 08:47:06 [INFO] [GenericInstanceRegistry] Registry cleared.
25-08-06 20:43:57 [INFO] Logger started.
25-08-06 20:43:57 [INFO] Logging system initialized.
25-08-06 20:43:57 [INFO] Detected Minecraft version: 1.16.5
25-08-06 20:44:02 [INFO] McAccess set to: 1.13-1.21|? / Bukkit-API
25-08-06 20:44:02 [INFO] Inventory checks: FastConsume is available, disabled InstantEat.
25-08-06 20:44:02 [INFO] Packet level access: ProtocolLib is not available.
25-08-06 20:44:02 [INFO] Force disable FastHeal, FastConsume, PacketFrequency and InstantBow on Minecraft 1.9 and later.
25-08-06 20:44:02 [INFO] Version 3.17.1-SNAPSHOT-Updated-b198 is enabled.
25-08-06 20:44:05 [INFO] [GenericInstanceRegistry] Registered (override) for itself: fr.neatmonster.nocheatplus.hooks.ExemptionSettings
25-08-06 20:44:05 [INFO] [GenericInstanceRegistry] Registered for itself: fr.neatmonster.nocheatplus.stats.Counters
25-08-06 20:44:05 [INFO] [GenericInstanceRegistry] Registered for itself: fr.neatmonster.nocheatplus.checks.workaround.WRPT
25-08-06 20:44:05 [INFO] [GenericInstanceRegistry] Registered for itself: fr.neatmonster.nocheatplus.checks.moving.location.tracking.LocationTrace$TraceEntryPool
25-08-06 20:44:05 [INFO] [GenericInstanceRegistry] Registered for itself: fr.neatmonster.nocheatplus.utilities.entity.PassengerUtil
25-08-06 20:44:05 [INFO] [GenericInstanceRegistry] Registered for fr.neatmonster.nocheatplus.compat.IBridgeCrossPlugin: fr.neatmonster.nocheatplus.compat.meta.BridgeCrossPlugin
25-08-06 20:44:05 [INFO] [GenericInstanceRegistry] Registered for fr.neatmonster.nocheatplus.compat.MCAccess: fr.neatmonster.nocheatplus.compat.bukkit.MCAccessBukkitModern
25-08-06 20:44:05 [INFO] [GenericInstanceRegistry] Registered for fr.neatmonster.nocheatplus.utilities.map.BlockCache: fr.neatmonster.nocheatplus.compat.bukkit.BlockCacheBukkitModern
25-08-06 20:44:05 [INFO] [GenericInstanceRegistry] Registered for fr.neatmonster.nocheatplus.components.modifier.IAttributeAccess: fr.neatmonster.nocheatplus.compat.bukkit.BukkitAttributeAccess
25-08-06 20:44:05 [INFO] [GenericInstanceRegistry] Registered for fr.neatmonster.nocheatplus.components.entity.IEntityAccessVehicle: fr.neatmonster.nocheatplus.compat.bukkit.EntityAccessVehicleMultiPassenger
25-08-06 20:44:05 [INFO] [GenericInstanceRegistry] Registered for itself: fr.neatmonster.nocheatplus.checks.moving.util.AuxMoving
25-08-06 20:44:05 [INFO] Post-enable running...
25-08-06 20:44:05 [INFO] Added hook: AllViolations(NCP) [1.0].
25-08-06 20:44:05 [INFO] Added hook: ViolationFrequency(NCP) [1.0].
25-08-06 20:44:05 [INFO] Post-enable finished.
25-08-06 20:44:05 [INFO] §c§l»Version information«§7
§6§lServer:§7
§7git-Patina-ver/1.16.5-"667fb1b" ~MC: 1.16.5~
§7§eDetected: §71.16.5
§6§lNoCheatPlus:§7
§7§ePlugin: §73.17.1-SNAPSHOT-Updated-b198
§7§eMCAccess: §71.13-1.21|? / Bukkit-API
§6§lFeatures:
§7§eblocks§7: BlocksMC1_4§f, §7BlocksMC1_5§f, §7BlocksMC1_6_1§f, §7BlocksMC1_7_2§f, §7BlocksMC1_8§f, §7BlocksMC1_9§f, §7BlocksMC1_10§f, §7BlocksMC1_11§f, §7BlocksMC1_12§f, §7BlocksMC1_13§f, §7BlocksMC1_14§f, §7BlocksMC1_15§f, §7BlocksMC1_16§f, §7MCAccessBukkitModern
§7§echecks§7: FastConsume§f, §7Gutenberg§f, §7HotFixFallingBlockPortalEnter
§7§edefaults§7: pvpKnockBackVelocity
§6§lHooks:
§7AllViolations~NCP~ 1.0§f, §7ViolationFrequency~NCP~ 1.0
25-08-06 21:03:01 [INFO] Removed hook: ViolationFrequency(NCP) [1.0].
25-08-06 21:03:01 [INFO] Removed hook: AllViolations(NCP) [1.0].
25-08-06 21:03:01 [FINE] | cancel.dead 0 | cancel.offline 0 | block.interact.look.current 0 | block.interact.look.flying.first 0 | block.interact.look.flying.other 0 | illegalitem 0 | boatsanywhere 0 | throwenderpearl 0 | fakeinvulnerable 0 | eggonentity 0 | event.player.move 1762 (1762/0) |
25-08-06 21:03:01 [INFO] [GenericInstanceRegistry] Registry cleared.
25-08-08 18:41:37 [INFO] Logger started.
25-08-08 18:41:37 [INFO] Logging system initialized.
25-08-08 18:41:37 [INFO] Detected Minecraft version: 1.16.5
25-08-08 18:41:42 [INFO] McAccess set to: 1.13-1.21|? / Bukkit-API
25-08-08 18:41:42 [INFO] Inventory checks: FastConsume is available, disabled InstantEat.
25-08-08 18:41:42 [INFO] Packet level access: ProtocolLib is not available.
25-08-08 18:41:42 [INFO] Force disable FastHeal, FastConsume, PacketFrequency and InstantBow on Minecraft 1.9 and later.
25-08-08 18:41:42 [INFO] Version 3.17.1-SNAPSHOT-Updated-b198 is enabled.
25-08-08 18:41:45 [INFO] [GenericInstanceRegistry] Registered (override) for itself: fr.neatmonster.nocheatplus.hooks.ExemptionSettings
25-08-08 18:41:45 [INFO] [GenericInstanceRegistry] Registered for itself: fr.neatmonster.nocheatplus.stats.Counters
25-08-08 18:41:45 [INFO] [GenericInstanceRegistry] Registered for itself: fr.neatmonster.nocheatplus.checks.workaround.WRPT
25-08-08 18:41:45 [INFO] [GenericInstanceRegistry] Registered for itself: fr.neatmonster.nocheatplus.checks.moving.location.tracking.LocationTrace$TraceEntryPool
25-08-08 18:41:45 [INFO] [GenericInstanceRegistry] Registered for itself: fr.neatmonster.nocheatplus.utilities.entity.PassengerUtil
25-08-08 18:41:45 [INFO] [GenericInstanceRegistry] Registered for fr.neatmonster.nocheatplus.compat.IBridgeCrossPlugin: fr.neatmonster.nocheatplus.compat.meta.BridgeCrossPlugin
25-08-08 18:41:45 [INFO] [GenericInstanceRegistry] Registered for fr.neatmonster.nocheatplus.compat.MCAccess: fr.neatmonster.nocheatplus.compat.bukkit.MCAccessBukkitModern
25-08-08 18:41:45 [INFO] [GenericInstanceRegistry] Registered for fr.neatmonster.nocheatplus.utilities.map.BlockCache: fr.neatmonster.nocheatplus.compat.bukkit.BlockCacheBukkitModern
25-08-08 18:41:45 [INFO] [GenericInstanceRegistry] Registered for fr.neatmonster.nocheatplus.components.modifier.IAttributeAccess: fr.neatmonster.nocheatplus.compat.bukkit.BukkitAttributeAccess
25-08-08 18:41:45 [INFO] [GenericInstanceRegistry] Registered for fr.neatmonster.nocheatplus.components.entity.IEntityAccessVehicle: fr.neatmonster.nocheatplus.compat.bukkit.EntityAccessVehicleMultiPassenger
25-08-08 18:41:45 [INFO] [GenericInstanceRegistry] Registered for itself: fr.neatmonster.nocheatplus.checks.moving.util.AuxMoving
25-08-08 18:41:45 [INFO] Added hook: AllViolations(NCP) [1.0].
25-08-08 18:41:45 [INFO] Added hook: ViolationFrequency(NCP) [1.0].
25-08-08 18:41:45 [INFO] Post-enable running...
25-08-08 18:41:45 [INFO] Post-enable finished.
25-08-08 18:41:45 [INFO] §c§l»Version information«§7
§6§lServer:§7
§7git-Patina-ver/1.16.5-"667fb1b" ~MC: 1.16.5~
§7§eDetected: §71.16.5
§6§lNoCheatPlus:§7
§7§ePlugin: §73.17.1-SNAPSHOT-Updated-b198
§7§eMCAccess: §71.13-1.21|? / Bukkit-API
§6§lFeatures:
§7§eblocks§7: BlocksMC1_4§f, §7BlocksMC1_5§f, §7BlocksMC1_6_1§f, §7BlocksMC1_7_2§f, §7BlocksMC1_8§f, §7BlocksMC1_9§f, §7BlocksMC1_10§f, §7BlocksMC1_11§f, §7BlocksMC1_12§f, §7BlocksMC1_13§f, §7BlocksMC1_14§f, §7BlocksMC1_15§f, §7BlocksMC1_16§f, §7MCAccessBukkitModern
§7§echecks§7: FastConsume§f, §7Gutenberg§f, §7HotFixFallingBlockPortalEnter
§7§edefaults§7: pvpKnockBackVelocity
§6§lHooks:
§7AllViolations~NCP~ 1.0§f, §7ViolationFrequency~NCP~ 1.0
25-08-08 20:16:23 [INFO] Removed hook: ViolationFrequency(NCP) [1.0].
25-08-08 20:16:23 [INFO] Removed hook: AllViolations(NCP) [1.0].
25-08-08 20:16:23 [FINE] | cancel.dead 0 | cancel.offline 0 | block.interact.look.current 30 (30/0) | block.interact.look.flying.first 0 | block.interact.look.flying.other 0 | illegalitem 0 | boatsanywhere 0 | throwenderpearl 0 | fakeinvulnerable 0 | eggonentity 0 | event.player.move 10488 (10488/0) |
25-08-08 20:16:23 [INFO] [GenericInstanceRegistry] Registry cleared.
25-08-10 09:47:03 [INFO] Logger started.
25-08-10 09:47:03 [INFO] Logging system initialized.
25-08-10 09:47:03 [INFO] Detected Minecraft version: 1.16.5
25-08-10 09:47:07 [INFO] McAccess set to: 1.13-1.21|? / Bukkit-API
25-08-10 09:47:07 [INFO] Inventory checks: FastConsume is available, disabled InstantEat.
25-08-10 09:47:07 [INFO] Packet level access: ProtocolLib is not available.
25-08-10 09:47:07 [INFO] Force disable FastHeal, FastConsume, PacketFrequency and InstantBow on Minecraft 1.9 and later.
25-08-10 09:47:07 [INFO] Version 3.17.1-SNAPSHOT-Updated-b198 is enabled.
25-08-10 09:47:09 [INFO] [GenericInstanceRegistry] Registered (override) for itself: fr.neatmonster.nocheatplus.hooks.ExemptionSettings
25-08-10 09:47:09 [INFO] [GenericInstanceRegistry] Registered for itself: fr.neatmonster.nocheatplus.stats.Counters
25-08-10 09:47:09 [INFO] [GenericInstanceRegistry] Registered for itself: fr.neatmonster.nocheatplus.checks.workaround.WRPT
25-08-10 09:47:09 [INFO] [GenericInstanceRegistry] Registered for itself: fr.neatmonster.nocheatplus.checks.moving.location.tracking.LocationTrace$TraceEntryPool
25-08-10 09:47:09 [INFO] [GenericInstanceRegistry] Registered for itself: fr.neatmonster.nocheatplus.utilities.entity.PassengerUtil
25-08-10 09:47:09 [INFO] [GenericInstanceRegistry] Registered for fr.neatmonster.nocheatplus.compat.IBridgeCrossPlugin: fr.neatmonster.nocheatplus.compat.meta.BridgeCrossPlugin
25-08-10 09:47:09 [INFO] [GenericInstanceRegistry] Registered for fr.neatmonster.nocheatplus.compat.MCAccess: fr.neatmonster.nocheatplus.compat.bukkit.MCAccessBukkitModern
25-08-10 09:47:09 [INFO] [GenericInstanceRegistry] Registered for fr.neatmonster.nocheatplus.utilities.map.BlockCache: fr.neatmonster.nocheatplus.compat.bukkit.BlockCacheBukkitModern
25-08-10 09:47:09 [INFO] [GenericInstanceRegistry] Registered for fr.neatmonster.nocheatplus.components.modifier.IAttributeAccess: fr.neatmonster.nocheatplus.compat.bukkit.BukkitAttributeAccess
25-08-10 09:47:09 [INFO] [GenericInstanceRegistry] Registered for fr.neatmonster.nocheatplus.components.entity.IEntityAccessVehicle: fr.neatmonster.nocheatplus.compat.bukkit.EntityAccessVehicleMultiPassenger
25-08-10 09:47:09 [INFO] [GenericInstanceRegistry] Registered for itself: fr.neatmonster.nocheatplus.checks.moving.util.AuxMoving
25-08-10 09:47:09 [INFO] Added hook: AllViolations(NCP) [1.0].
25-08-10 09:47:09 [INFO] Added hook: ViolationFrequency(NCP) [1.0].
25-08-10 09:47:09 [INFO] Post-enable running...
25-08-10 09:47:09 [INFO] Post-enable finished.
25-08-10 09:47:09 [INFO] §c§l»Version information«§7
§6§lServer:§7
§7git-Patina-ver/1.16.5-"667fb1b" ~MC: 1.16.5~
§7§eDetected: §71.16.5
§6§lNoCheatPlus:§7
§7§ePlugin: §73.17.1-SNAPSHOT-Updated-b198
§7§eMCAccess: §71.13-1.21|? / Bukkit-API
§6§lFeatures:
§7§eblocks§7: BlocksMC1_4§f, §7BlocksMC1_5§f, §7BlocksMC1_6_1§f, §7BlocksMC1_7_2§f, §7BlocksMC1_8§f, §7BlocksMC1_9§f, §7BlocksMC1_10§f, §7BlocksMC1_11§f, §7BlocksMC1_12§f, §7BlocksMC1_13§f, §7BlocksMC1_14§f, §7BlocksMC1_15§f, §7BlocksMC1_16§f, §7MCAccessBukkitModern
§7§echecks§7: FastConsume§f, §7Gutenberg§f, §7HotFixFallingBlockPortalEnter
§7§edefaults§7: pvpKnockBackVelocity
§6§lHooks:
§7AllViolations~NCP~ 1.0§f, §7ViolationFrequency~NCP~ 1.0
25-08-10 14:24:32 [INFO] Removed hook: ViolationFrequency(NCP) [1.0].
25-08-10 14:24:32 [INFO] Removed hook: AllViolations(NCP) [1.0].
25-08-10 14:24:32 [FINE] | cancel.dead 0 | cancel.offline 0 | block.interact.look.current 2 (2/0) | block.interact.look.flying.first 0 | block.interact.look.flying.other 0 | illegalitem 0 | boatsanywhere 0 | throwenderpearl 0 | fakeinvulnerable 0 | eggonentity 0 | event.player.move 2752 (2752/0) |
25-08-10 14:24:32 [INFO] [GenericInstanceRegistry] Registry cleared.
25-08-11 09:56:38 [INFO] Logger started.
25-08-11 09:56:38 [INFO] Logging system initialized.
25-08-11 09:56:38 [INFO] Detected Minecraft version: 1.16.5
25-08-11 09:56:42 [INFO] McAccess set to: 1.13-1.21|? / Bukkit-API
25-08-11 09:56:43 [INFO] Inventory checks: FastConsume is available, disabled InstantEat.
25-08-11 09:56:43 [INFO] Packet level access: ProtocolLib is not available.
25-08-11 09:56:43 [INFO] Force disable FastHeal, FastConsume, PacketFrequency and InstantBow on Minecraft 1.9 and later.
25-08-11 09:56:43 [INFO] Version 3.17.1-SNAPSHOT-Updated-b198 is enabled.
25-08-11 09:56:45 [INFO] [GenericInstanceRegistry] Registered (override) for itself: fr.neatmonster.nocheatplus.hooks.ExemptionSettings
25-08-11 09:56:45 [INFO] [GenericInstanceRegistry] Registered for itself: fr.neatmonster.nocheatplus.stats.Counters
25-08-11 09:56:45 [INFO] [GenericInstanceRegistry] Registered for itself: fr.neatmonster.nocheatplus.checks.workaround.WRPT
25-08-11 09:56:45 [INFO] [GenericInstanceRegistry] Registered for itself: fr.neatmonster.nocheatplus.checks.moving.location.tracking.LocationTrace$TraceEntryPool
25-08-11 09:56:45 [INFO] [GenericInstanceRegistry] Registered for itself: fr.neatmonster.nocheatplus.utilities.entity.PassengerUtil
25-08-11 09:56:45 [INFO] [GenericInstanceRegistry] Registered for fr.neatmonster.nocheatplus.compat.IBridgeCrossPlugin: fr.neatmonster.nocheatplus.compat.meta.BridgeCrossPlugin
25-08-11 09:56:45 [INFO] [GenericInstanceRegistry] Registered for fr.neatmonster.nocheatplus.compat.MCAccess: fr.neatmonster.nocheatplus.compat.bukkit.MCAccessBukkitModern
25-08-11 09:56:45 [INFO] [GenericInstanceRegistry] Registered for fr.neatmonster.nocheatplus.utilities.map.BlockCache: fr.neatmonster.nocheatplus.compat.bukkit.BlockCacheBukkitModern
25-08-11 09:56:45 [INFO] [GenericInstanceRegistry] Registered for fr.neatmonster.nocheatplus.components.modifier.IAttributeAccess: fr.neatmonster.nocheatplus.compat.bukkit.BukkitAttributeAccess
25-08-11 09:56:45 [INFO] [GenericInstanceRegistry] Registered for fr.neatmonster.nocheatplus.components.entity.IEntityAccessVehicle: fr.neatmonster.nocheatplus.compat.bukkit.EntityAccessVehicleMultiPassenger
25-08-11 09:56:45 [INFO] [GenericInstanceRegistry] Registered for itself: fr.neatmonster.nocheatplus.checks.moving.util.AuxMoving
25-08-11 09:56:45 [INFO] Added hook: AllViolations(NCP) [1.0].
25-08-11 09:56:45 [INFO] Added hook: ViolationFrequency(NCP) [1.0].
25-08-11 09:56:45 [INFO] Post-enable running...
25-08-11 09:56:45 [INFO] Post-enable finished.
25-08-11 09:56:45 [INFO] §c§l»Version information«§7
§6§lServer:§7
§7git-Patina-ver/1.16.5-"667fb1b" ~MC: 1.16.5~
§7§eDetected: §71.16.5
§6§lNoCheatPlus:§7
§7§ePlugin: §73.17.1-SNAPSHOT-Updated-b198
§7§eMCAccess: §71.13-1.21|? / Bukkit-API
§6§lFeatures:
§7§eblocks§7: BlocksMC1_4§f, §7BlocksMC1_5§f, §7BlocksMC1_6_1§f, §7BlocksMC1_7_2§f, §7BlocksMC1_8§f, §7BlocksMC1_9§f, §7BlocksMC1_10§f, §7BlocksMC1_11§f, §7BlocksMC1_12§f, §7BlocksMC1_13§f, §7BlocksMC1_14§f, §7BlocksMC1_15§f, §7BlocksMC1_16§f, §7MCAccessBukkitModern
§7§echecks§7: FastConsume§f, §7Gutenberg§f, §7HotFixFallingBlockPortalEnter
§7§edefaults§7: pvpKnockBackVelocity
§6§lHooks:
§7AllViolations~NCP~ 1.0§f, §7ViolationFrequency~NCP~ 1.0
25-08-11 09:59:25 [INFO] Removed hook: ViolationFrequency(NCP) [1.0].
25-08-11 09:59:25 [INFO] Removed hook: AllViolations(NCP) [1.0].
25-08-11 09:59:25 [FINE] | cancel.dead 0 | cancel.offline 0 | block.interact.look.current 0 | block.interact.look.flying.first 0 | block.interact.look.flying.other 0 | illegalitem 0 | boatsanywhere 0 | throwenderpearl 0 | fakeinvulnerable 0 | eggonentity 0 | event.player.move 224 (224/0) |
25-08-11 09:59:25 [INFO] [GenericInstanceRegistry] Registry cleared.
25-08-11 10:01:12 [INFO] Logger started.
25-08-11 10:01:12 [INFO] Logging system initialized.
25-08-11 10:01:12 [INFO] Detected Minecraft version: 1.16.5
25-08-11 10:01:15 [INFO] McAccess set to: 1.13-1.21|? / Bukkit-API
25-08-11 10:01:15 [INFO] Inventory checks: FastConsume is available, disabled InstantEat.
25-08-11 10:01:15 [INFO] Packet level access: ProtocolLib is not available.
25-08-11 10:01:15 [INFO] Force disable FastHeal, FastConsume, PacketFrequency and InstantBow on Minecraft 1.9 and later.
25-08-11 10:01:15 [INFO] Version 3.17.1-SNAPSHOT-Updated-b198 is enabled.
25-08-11 10:01:18 [INFO] [GenericInstanceRegistry] Registered (override) for itself: fr.neatmonster.nocheatplus.hooks.ExemptionSettings
25-08-11 10:01:18 [INFO] [GenericInstanceRegistry] Registered for itself: fr.neatmonster.nocheatplus.stats.Counters
25-08-11 10:01:18 [INFO] [GenericInstanceRegistry] Registered for itself: fr.neatmonster.nocheatplus.checks.workaround.WRPT
25-08-11 10:01:18 [INFO] [GenericInstanceRegistry] Registered for itself: fr.neatmonster.nocheatplus.checks.moving.location.tracking.LocationTrace$TraceEntryPool
25-08-11 10:01:18 [INFO] [GenericInstanceRegistry] Registered for itself: fr.neatmonster.nocheatplus.utilities.entity.PassengerUtil
25-08-11 10:01:18 [INFO] [GenericInstanceRegistry] Registered for fr.neatmonster.nocheatplus.compat.IBridgeCrossPlugin: fr.neatmonster.nocheatplus.compat.meta.BridgeCrossPlugin
25-08-11 10:01:18 [INFO] [GenericInstanceRegistry] Registered for fr.neatmonster.nocheatplus.compat.MCAccess: fr.neatmonster.nocheatplus.compat.bukkit.MCAccessBukkitModern
25-08-11 10:01:18 [INFO] [GenericInstanceRegistry] Registered for fr.neatmonster.nocheatplus.utilities.map.BlockCache: fr.neatmonster.nocheatplus.compat.bukkit.BlockCacheBukkitModern
25-08-11 10:01:18 [INFO] [GenericInstanceRegistry] Registered for fr.neatmonster.nocheatplus.components.modifier.IAttributeAccess: fr.neatmonster.nocheatplus.compat.bukkit.BukkitAttributeAccess
25-08-11 10:01:18 [INFO] [GenericInstanceRegistry] Registered for fr.neatmonster.nocheatplus.components.entity.IEntityAccessVehicle: fr.neatmonster.nocheatplus.compat.bukkit.EntityAccessVehicleMultiPassenger
25-08-11 10:01:18 [INFO] [GenericInstanceRegistry] Registered for itself: fr.neatmonster.nocheatplus.checks.moving.util.AuxMoving
25-08-11 10:01:18 [INFO] Added hook: AllViolations(NCP) [1.0].
25-08-11 10:01:18 [INFO] Added hook: ViolationFrequency(NCP) [1.0].
25-08-11 10:01:18 [INFO] Post-enable running...
25-08-11 10:01:18 [INFO] Post-enable finished.
25-08-11 10:01:18 [INFO] §c§l»Version information«§7
§6§lServer:§7
§7git-Patina-ver/1.16.5-"667fb1b" ~MC: 1.16.5~
§7§eDetected: §71.16.5
§6§lNoCheatPlus:§7
§7§ePlugin: §73.17.1-SNAPSHOT-Updated-b198
§7§eMCAccess: §71.13-1.21|? / Bukkit-API
§6§lFeatures:
§7§eblocks§7: BlocksMC1_4§f, §7BlocksMC1_5§f, §7BlocksMC1_6_1§f, §7BlocksMC1_7_2§f, §7BlocksMC1_8§f, §7BlocksMC1_9§f, §7BlocksMC1_10§f, §7BlocksMC1_11§f, §7BlocksMC1_12§f, §7BlocksMC1_13§f, §7BlocksMC1_14§f, §7BlocksMC1_15§f, §7BlocksMC1_16§f, §7MCAccessBukkitModern
§7§echecks§7: FastConsume§f, §7Gutenberg§f, §7HotFixFallingBlockPortalEnter
§7§edefaults§7: pvpKnockBackVelocity
§6§lHooks:
§7AllViolations~NCP~ 1.0§f, §7ViolationFrequency~NCP~ 1.0
25-08-11 10:40:59 [INFO] Removed hook: ViolationFrequency(NCP) [1.0].
25-08-11 10:40:59 [INFO] Removed hook: AllViolations(NCP) [1.0].
25-08-11 10:40:59 [FINE] | cancel.dead 0 | cancel.offline 0 | block.interact.look.current 0 | block.interact.look.flying.first 0 | block.interact.look.flying.other 0 | illegalitem 0 | boatsanywhere 0 | throwenderpearl 0 | fakeinvulnerable 0 | eggonentity 0 | event.player.move 5074 (5074/0) |
25-08-11 10:40:59 [INFO] [GenericInstanceRegistry] Registry cleared.
25-08-11 11:04:22 [INFO] Logger started.
25-08-11 11:04:22 [INFO] Logging system initialized.
25-08-11 11:04:22 [INFO] Detected Minecraft version: 1.16.5
25-08-11 11:04:26 [INFO] McAccess set to: 1.13-1.21|? / Bukkit-API
25-08-11 11:04:26 [INFO] Inventory checks: FastConsume is available, disabled InstantEat.
25-08-11 11:04:26 [INFO] Packet level access: ProtocolLib is not available.
25-08-11 11:04:26 [INFO] Force disable FastHeal, FastConsume, PacketFrequency and InstantBow on Minecraft 1.9 and later.
25-08-11 11:04:26 [INFO] Version 3.17.1-SNAPSHOT-Updated-b198 is enabled.
25-08-11 11:04:29 [INFO] [GenericInstanceRegistry] Registered (override) for itself: fr.neatmonster.nocheatplus.hooks.ExemptionSettings
25-08-11 11:04:29 [INFO] [GenericInstanceRegistry] Registered for itself: fr.neatmonster.nocheatplus.stats.Counters
25-08-11 11:04:29 [INFO] [GenericInstanceRegistry] Registered for itself: fr.neatmonster.nocheatplus.checks.workaround.WRPT
25-08-11 11:04:29 [INFO] [GenericInstanceRegistry] Registered for itself: fr.neatmonster.nocheatplus.checks.moving.location.tracking.LocationTrace$TraceEntryPool
25-08-11 11:04:29 [INFO] [GenericInstanceRegistry] Registered for itself: fr.neatmonster.nocheatplus.utilities.entity.PassengerUtil
25-08-11 11:04:29 [INFO] [GenericInstanceRegistry] Registered for fr.neatmonster.nocheatplus.compat.IBridgeCrossPlugin: fr.neatmonster.nocheatplus.compat.meta.BridgeCrossPlugin
25-08-11 11:04:29 [INFO] [GenericInstanceRegistry] Registered for fr.neatmonster.nocheatplus.compat.MCAccess: fr.neatmonster.nocheatplus.compat.bukkit.MCAccessBukkitModern
25-08-11 11:04:29 [INFO] [GenericInstanceRegistry] Registered for fr.neatmonster.nocheatplus.utilities.map.BlockCache: fr.neatmonster.nocheatplus.compat.bukkit.BlockCacheBukkitModern
25-08-11 11:04:29 [INFO] [GenericInstanceRegistry] Registered for fr.neatmonster.nocheatplus.components.modifier.IAttributeAccess: fr.neatmonster.nocheatplus.compat.bukkit.BukkitAttributeAccess
25-08-11 11:04:29 [INFO] [GenericInstanceRegistry] Registered for fr.neatmonster.nocheatplus.components.entity.IEntityAccessVehicle: fr.neatmonster.nocheatplus.compat.bukkit.EntityAccessVehicleMultiPassenger
25-08-11 11:04:29 [INFO] [GenericInstanceRegistry] Registered for itself: fr.neatmonster.nocheatplus.checks.moving.util.AuxMoving
25-08-11 11:04:29 [INFO] Added hook: AllViolations(NCP) [1.0].
25-08-11 11:04:29 [INFO] Added hook: ViolationFrequency(NCP) [1.0].
25-08-11 11:04:29 [INFO] Post-enable running...
25-08-11 11:04:29 [INFO] Post-enable finished.
25-08-11 11:04:29 [INFO] §c§l»Version information«§7
§6§lServer:§7
§7git-Patina-ver/1.16.5-"667fb1b" ~MC: 1.16.5~
§7§eDetected: §71.16.5
§6§lNoCheatPlus:§7
§7§ePlugin: §73.17.1-SNAPSHOT-Updated-b198
§7§eMCAccess: §71.13-1.21|? / Bukkit-API
§6§lFeatures:
§7§eblocks§7: BlocksMC1_4§f, §7BlocksMC1_5§f, §7BlocksMC1_6_1§f, §7BlocksMC1_7_2§f, §7BlocksMC1_8§f, §7BlocksMC1_9§f, §7BlocksMC1_10§f, §7BlocksMC1_11§f, §7BlocksMC1_12§f, §7BlocksMC1_13§f, §7BlocksMC1_14§f, §7BlocksMC1_15§f, §7BlocksMC1_16§f, §7MCAccessBukkitModern
§7§echecks§7: FastConsume§f, §7Gutenberg§f, §7HotFixFallingBlockPortalEnter
§7§edefaults§7: pvpKnockBackVelocity
§6§lHooks:
§7AllViolations~NCP~ 1.0§f, §7ViolationFrequency~NCP~ 1.0
25-08-11 12:14:21 [INFO] Removed hook: ViolationFrequency(NCP) [1.0].
25-08-11 12:14:21 [INFO] Removed hook: AllViolations(NCP) [1.0].
25-08-11 12:14:21 [FINE] | cancel.dead 1 (1/0) | cancel.offline 0 | block.interact.look.current 880 (880/0) | block.interact.look.flying.first 0 | block.interact.look.flying.other 0 | illegalitem 0 | boatsanywhere 0 | throwenderpearl 0 | fakeinvulnerable 0 | eggonentity 0 | event.player.move 6699 (6699/0) |
25-08-11 12:14:21 [INFO] [GenericInstanceRegistry] Registry cleared.
25-08-12 17:52:45 [INFO] Logger started.
25-08-12 17:52:45 [INFO] Logging system initialized.
25-08-12 17:52:45 [INFO] Detected Minecraft version: 1.16.5
25-08-12 17:52:50 [INFO] McAccess set to: 1.13-1.21|? / Bukkit-API
25-08-12 17:52:50 [INFO] Inventory checks: FastConsume is available, disabled InstantEat.
25-08-12 17:52:50 [INFO] Packet level access: ProtocolLib is not available.
25-08-12 17:52:50 [INFO] Force disable FastHeal, FastConsume, PacketFrequency and InstantBow on Minecraft 1.9 and later.
25-08-12 17:52:50 [INFO] Version 3.17.1-SNAPSHOT-Updated-b198 is enabled.
25-08-12 17:52:54 [INFO] [GenericInstanceRegistry] Registered (override) for itself: fr.neatmonster.nocheatplus.hooks.ExemptionSettings
25-08-12 17:52:54 [INFO] Post-enable running...
25-08-12 17:52:54 [INFO] [GenericInstanceRegistry] Registered for itself: fr.neatmonster.nocheatplus.stats.Counters
25-08-12 17:52:54 [INFO] [GenericInstanceRegistry] Registered for itself: fr.neatmonster.nocheatplus.checks.workaround.WRPT
25-08-12 17:52:54 [INFO] [GenericInstanceRegistry] Registered for itself: fr.neatmonster.nocheatplus.checks.moving.location.tracking.LocationTrace$TraceEntryPool
25-08-12 17:52:54 [INFO] [GenericInstanceRegistry] Registered for itself: fr.neatmonster.nocheatplus.utilities.entity.PassengerUtil
25-08-12 17:52:54 [INFO] [GenericInstanceRegistry] Registered for fr.neatmonster.nocheatplus.compat.IBridgeCrossPlugin: fr.neatmonster.nocheatplus.compat.meta.BridgeCrossPlugin
25-08-12 17:52:54 [INFO] [GenericInstanceRegistry] Registered for fr.neatmonster.nocheatplus.compat.MCAccess: fr.neatmonster.nocheatplus.compat.bukkit.MCAccessBukkitModern
25-08-12 17:52:54 [INFO] [GenericInstanceRegistry] Registered for fr.neatmonster.nocheatplus.utilities.map.BlockCache: fr.neatmonster.nocheatplus.compat.bukkit.BlockCacheBukkitModern
25-08-12 17:52:54 [INFO] [GenericInstanceRegistry] Registered for fr.neatmonster.nocheatplus.components.modifier.IAttributeAccess: fr.neatmonster.nocheatplus.compat.bukkit.BukkitAttributeAccess
25-08-12 17:52:54 [INFO] [GenericInstanceRegistry] Registered for fr.neatmonster.nocheatplus.components.entity.IEntityAccessVehicle: fr.neatmonster.nocheatplus.compat.bukkit.EntityAccessVehicleMultiPassenger
25-08-12 17:52:54 [INFO] [GenericInstanceRegistry] Registered for itself: fr.neatmonster.nocheatplus.checks.moving.util.AuxMoving
25-08-12 17:52:54 [INFO] Added hook: AllViolations(NCP) [1.0].
25-08-12 17:52:54 [INFO] Added hook: ViolationFrequency(NCP) [1.0].
25-08-12 17:52:54 [INFO] Post-enable finished.
25-08-12 17:52:54 [INFO] §c§l»Version information«§7
§6§lServer:§7
§7git-Patina-ver/1.16.5-"667fb1b" ~MC: 1.16.5~
§7§eDetected: §71.16.5
§6§lNoCheatPlus:§7
§7§ePlugin: §73.17.1-SNAPSHOT-Updated-b198
§7§eMCAccess: §71.13-1.21|? / Bukkit-API
§6§lFeatures:
§7§eblocks§7: BlocksMC1_4§f, §7BlocksMC1_5§f, §7BlocksMC1_6_1§f, §7BlocksMC1_7_2§f, §7BlocksMC1_8§f, §7BlocksMC1_9§f, §7BlocksMC1_10§f, §7BlocksMC1_11§f, §7BlocksMC1_12§f, §7BlocksMC1_13§f, §7BlocksMC1_14§f, §7BlocksMC1_15§f, §7BlocksMC1_16§f, §7MCAccessBukkitModern
§7§echecks§7: FastConsume§f, §7Gutenberg§f, §7HotFixFallingBlockPortalEnter
§7§edefaults§7: pvpKnockBackVelocity
§6§lHooks:
§7AllViolations~NCP~ 1.0§f, §7ViolationFrequency~NCP~ 1.0
25-08-12 19:03:19 [INFO] Removed hook: ViolationFrequency(NCP) [1.0].
25-08-12 19:03:19 [INFO] Removed hook: AllViolations(NCP) [1.0].
25-08-12 19:03:19 [FINE] | cancel.dead 0 | cancel.offline 0 | block.interact.look.current 0 | block.interact.look.flying.first 0 | block.interact.look.flying.other 0 | illegalitem 0 | boatsanywhere 0 | throwenderpearl 0 | fakeinvulnerable 0 | eggonentity 0 | event.player.move 40 (40/0) |
25-08-12 19:03:19 [INFO] [GenericInstanceRegistry] Registry cleared.
25-08-13 10:23:18 [INFO] Logger started.
25-08-13 10:23:18 [INFO] Logging system initialized.
25-08-13 10:23:18 [INFO] Detected Minecraft version: 1.16.5
25-08-13 10:23:25 [INFO] McAccess set to: 1.13-1.21|? / Bukkit-API
25-08-13 10:23:25 [INFO] Inventory checks: FastConsume is available, disabled InstantEat.
25-08-13 10:23:25 [INFO] Packet level access: ProtocolLib is not available.
25-08-13 10:23:26 [INFO] Force disable FastHeal, FastConsume, PacketFrequency and InstantBow on Minecraft 1.9 and later.
25-08-13 10:23:26 [INFO] Version 3.17.1-SNAPSHOT-Updated-b198 is enabled.
25-08-13 10:23:30 [INFO] [GenericInstanceRegistry] Registered (override) for itself: fr.neatmonster.nocheatplus.hooks.ExemptionSettings
25-08-13 10:23:30 [INFO] [GenericInstanceRegistry] Registered for itself: fr.neatmonster.nocheatplus.stats.Counters
25-08-13 10:23:30 [INFO] [GenericInstanceRegistry] Registered for itself: fr.neatmonster.nocheatplus.checks.workaround.WRPT
25-08-13 10:23:30 [INFO] [GenericInstanceRegistry] Registered for itself: fr.neatmonster.nocheatplus.checks.moving.location.tracking.LocationTrace$TraceEntryPool
25-08-13 10:23:30 [INFO] [GenericInstanceRegistry] Registered for itself: fr.neatmonster.nocheatplus.utilities.entity.PassengerUtil
25-08-13 10:23:30 [INFO] [GenericInstanceRegistry] Registered for fr.neatmonster.nocheatplus.compat.IBridgeCrossPlugin: fr.neatmonster.nocheatplus.compat.meta.BridgeCrossPlugin
25-08-13 10:23:30 [INFO] [GenericInstanceRegistry] Registered for fr.neatmonster.nocheatplus.compat.MCAccess: fr.neatmonster.nocheatplus.compat.bukkit.MCAccessBukkitModern
25-08-13 10:23:30 [INFO] [GenericInstanceRegistry] Registered for fr.neatmonster.nocheatplus.utilities.map.BlockCache: fr.neatmonster.nocheatplus.compat.bukkit.BlockCacheBukkitModern
25-08-13 10:23:30 [INFO] [GenericInstanceRegistry] Registered for fr.neatmonster.nocheatplus.components.modifier.IAttributeAccess: fr.neatmonster.nocheatplus.compat.bukkit.BukkitAttributeAccess
25-08-13 10:23:30 [INFO] [GenericInstanceRegistry] Registered for fr.neatmonster.nocheatplus.components.entity.IEntityAccessVehicle: fr.neatmonster.nocheatplus.compat.bukkit.EntityAccessVehicleMultiPassenger
25-08-13 10:23:30 [INFO] [GenericInstanceRegistry] Registered for itself: fr.neatmonster.nocheatplus.checks.moving.util.AuxMoving
25-08-13 10:23:30 [INFO] Added hook: AllViolations(NCP) [1.0].
25-08-13 10:23:30 [INFO] Added hook: ViolationFrequency(NCP) [1.0].
25-08-13 10:23:30 [INFO] Post-enable running...
25-08-13 10:23:30 [INFO] Post-enable finished.
25-08-13 10:23:30 [INFO] §c§l»Version information«§7
§6§lServer:§7
§7git-Patina-ver/1.16.5-"667fb1b" ~MC: 1.16.5~
§7§eDetected: §71.16.5
§6§lNoCheatPlus:§7
§7§ePlugin: §73.17.1-SNAPSHOT-Updated-b198
§7§eMCAccess: §71.13-1.21|? / Bukkit-API
§6§lFeatures:
§7§eblocks§7: BlocksMC1_4§f, §7BlocksMC1_5§f, §7BlocksMC1_6_1§f, §7BlocksMC1_7_2§f, §7BlocksMC1_8§f, §7BlocksMC1_9§f, §7BlocksMC1_10§f, §7BlocksMC1_11§f, §7BlocksMC1_12§f, §7BlocksMC1_13§f, §7BlocksMC1_14§f, §7BlocksMC1_15§f, §7BlocksMC1_16§f, §7MCAccessBukkitModern
§7§echecks§7: FastConsume§f, §7Gutenberg§f, §7HotFixFallingBlockPortalEnter
§7§edefaults§7: pvpKnockBackVelocity
§6§lHooks:
§7AllViolations~NCP~ 1.0§f, §7ViolationFrequency~NCP~ 1.0
25-08-13 10:41:19 [INFO] Removed hook: ViolationFrequency(NCP) [1.0].
25-08-13 10:41:19 [INFO] Removed hook: AllViolations(NCP) [1.0].
25-08-13 10:41:19 [FINE] | cancel.dead 0 | cancel.offline 0 | block.interact.look.current 4 (4/0) | block.interact.look.flying.first 0 | block.interact.look.flying.other 0 | illegalitem 0 | boatsanywhere 0 | throwenderpearl 0 | fakeinvulnerable 0 | eggonentity 0 | event.player.move 5273 (5273/0) |
25-08-13 10:41:19 [INFO] [GenericInstanceRegistry] Registry cleared.
25-08-13 12:27:15 [INFO] Logger started.
25-08-13 12:27:15 [INFO] Logging system initialized.
25-08-13 12:27:15 [INFO] Detected Minecraft version: 1.16.5
25-08-13 12:27:22 [INFO] McAccess set to: 1.13-1.21|? / Bukkit-API
25-08-13 12:27:22 [INFO] Inventory checks: FastConsume is available, disabled InstantEat.
25-08-13 12:27:22 [INFO] Packet level access: ProtocolLib is not available.
25-08-13 12:27:22 [INFO] Force disable FastHeal, FastConsume, PacketFrequency and InstantBow on Minecraft 1.9 and later.
25-08-13 12:27:22 [INFO] Version 3.17.1-SNAPSHOT-Updated-b198 is enabled.
25-08-13 12:27:25 [INFO] [GenericInstanceRegistry] Registered (override) for itself: fr.neatmonster.nocheatplus.hooks.ExemptionSettings
25-08-13 12:27:25 [INFO] [GenericInstanceRegistry] Registered for itself: fr.neatmonster.nocheatplus.stats.Counters
25-08-13 12:27:25 [INFO] [GenericInstanceRegistry] Registered for itself: fr.neatmonster.nocheatplus.checks.workaround.WRPT
25-08-13 12:27:25 [INFO] [GenericInstanceRegistry] Registered for itself: fr.neatmonster.nocheatplus.checks.moving.location.tracking.LocationTrace$TraceEntryPool
25-08-13 12:27:25 [INFO] [GenericInstanceRegistry] Registered for itself: fr.neatmonster.nocheatplus.utilities.entity.PassengerUtil
25-08-13 12:27:25 [INFO] [GenericInstanceRegistry] Registered for fr.neatmonster.nocheatplus.compat.IBridgeCrossPlugin: fr.neatmonster.nocheatplus.compat.meta.BridgeCrossPlugin
25-08-13 12:27:25 [INFO] [GenericInstanceRegistry] Registered for fr.neatmonster.nocheatplus.compat.MCAccess: fr.neatmonster.nocheatplus.compat.bukkit.MCAccessBukkitModern
25-08-13 12:27:25 [INFO] [GenericInstanceRegistry] Registered for fr.neatmonster.nocheatplus.utilities.map.BlockCache: fr.neatmonster.nocheatplus.compat.bukkit.BlockCacheBukkitModern
25-08-13 12:27:25 [INFO] [GenericInstanceRegistry] Registered for fr.neatmonster.nocheatplus.components.modifier.IAttributeAccess: fr.neatmonster.nocheatplus.compat.bukkit.BukkitAttributeAccess
25-08-13 12:27:25 [INFO] [GenericInstanceRegistry] Registered for fr.neatmonster.nocheatplus.components.entity.IEntityAccessVehicle: fr.neatmonster.nocheatplus.compat.bukkit.EntityAccessVehicleMultiPassenger
25-08-13 12:27:25 [INFO] [GenericInstanceRegistry] Registered for itself: fr.neatmonster.nocheatplus.checks.moving.util.AuxMoving
25-08-13 12:27:25 [INFO] Added hook: AllViolations(NCP) [1.0].
25-08-13 12:27:25 [INFO] Added hook: ViolationFrequency(NCP) [1.0].
25-08-13 12:27:25 [INFO] Post-enable running...
25-08-13 12:27:25 [INFO] Post-enable finished.
25-08-13 12:27:25 [INFO] §c§l»Version information«§7
§6§lServer:§7
§7git-Patina-ver/1.16.5-"667fb1b" ~MC: 1.16.5~
§7§eDetected: §71.16.5
§6§lNoCheatPlus:§7
§7§ePlugin: §73.17.1-SNAPSHOT-Updated-b198
§7§eMCAccess: §71.13-1.21|? / Bukkit-API
§6§lFeatures:
§7§eblocks§7: BlocksMC1_4§f, §7BlocksMC1_5§f, §7BlocksMC1_6_1§f, §7BlocksMC1_7_2§f, §7BlocksMC1_8§f, §7BlocksMC1_9§f, §7BlocksMC1_10§f, §7BlocksMC1_11§f, §7BlocksMC1_12§f, §7BlocksMC1_13§f, §7BlocksMC1_14§f, §7BlocksMC1_15§f, §7BlocksMC1_16§f, §7MCAccessBukkitModern
§7§echecks§7: FastConsume§f, §7Gutenberg§f, §7HotFixFallingBlockPortalEnter
§7§edefaults§7: pvpKnockBackVelocity
§6§lHooks:
§7AllViolations~NCP~ 1.0§f, §7ViolationFrequency~NCP~ 1.0
25-08-14 08:23:28 [INFO] Logger started.
25-08-14 08:23:28 [INFO] Logging system initialized.
25-08-14 08:23:28 [INFO] Detected Minecraft version: 1.16.5
25-08-14 08:23:39 [INFO] McAccess set to: 1.13-1.21|? / Bukkit-API
25-08-14 08:23:40 [INFO] Inventory checks: FastConsume is available, disabled InstantEat.
25-08-14 08:23:40 [INFO] Packet level access: ProtocolLib is not available.
25-08-14 08:23:40 [INFO] Force disable FastHeal, FastConsume, PacketFrequency and InstantBow on Minecraft 1.9 and later.
25-08-14 08:23:40 [INFO] Version 3.17.1-SNAPSHOT-Updated-b198 is enabled.
25-08-14 08:23:44 [INFO] [GenericInstanceRegistry] Registered (override) for itself: fr.neatmonster.nocheatplus.hooks.ExemptionSettings
25-08-14 08:23:44 [INFO] [GenericInstanceRegistry] Registered for itself: fr.neatmonster.nocheatplus.stats.Counters
25-08-14 08:23:44 [INFO] [GenericInstanceRegistry] Registered for itself: fr.neatmonster.nocheatplus.checks.workaround.WRPT
25-08-14 08:23:44 [INFO] [GenericInstanceRegistry] Registered for itself: fr.neatmonster.nocheatplus.checks.moving.location.tracking.LocationTrace$TraceEntryPool
25-08-14 08:23:44 [INFO] [GenericInstanceRegistry] Registered for itself: fr.neatmonster.nocheatplus.utilities.entity.PassengerUtil
25-08-14 08:23:44 [INFO] [GenericInstanceRegistry] Registered for fr.neatmonster.nocheatplus.compat.IBridgeCrossPlugin: fr.neatmonster.nocheatplus.compat.meta.BridgeCrossPlugin
25-08-14 08:23:44 [INFO] [GenericInstanceRegistry] Registered for fr.neatmonster.nocheatplus.compat.MCAccess: fr.neatmonster.nocheatplus.compat.bukkit.MCAccessBukkitModern
25-08-14 08:23:44 [INFO] [GenericInstanceRegistry] Registered for fr.neatmonster.nocheatplus.utilities.map.BlockCache: fr.neatmonster.nocheatplus.compat.bukkit.BlockCacheBukkitModern
25-08-14 08:23:44 [INFO] [GenericInstanceRegistry] Registered for fr.neatmonster.nocheatplus.components.modifier.IAttributeAccess: fr.neatmonster.nocheatplus.compat.bukkit.BukkitAttributeAccess
25-08-14 08:23:44 [INFO] [GenericInstanceRegistry] Registered for fr.neatmonster.nocheatplus.components.entity.IEntityAccessVehicle: fr.neatmonster.nocheatplus.compat.bukkit.EntityAccessVehicleMultiPassenger
25-08-14 08:23:44 [INFO] [GenericInstanceRegistry] Registered for itself: fr.neatmonster.nocheatplus.checks.moving.util.AuxMoving
25-08-14 08:23:44 [INFO] Added hook: AllViolations(NCP) [1.0].
25-08-14 08:23:44 [INFO] Added hook: ViolationFrequency(NCP) [1.0].
25-08-14 08:23:44 [INFO] Post-enable running...
25-08-14 08:23:44 [INFO] Post-enable finished.
25-08-14 08:23:44 [INFO] §c§l»Version information«§7
§6§lServer:§7
§7git-Patina-ver/1.16.5-"667fb1b" ~MC: 1.16.5~
§7§eDetected: §71.16.5
§6§lNoCheatPlus:§7
§7§ePlugin: §73.17.1-SNAPSHOT-Updated-b198
§7§eMCAccess: §71.13-1.21|? / Bukkit-API
§6§lFeatures:
§7§eblocks§7: BlocksMC1_4§f, §7BlocksMC1_5§f, §7BlocksMC1_6_1§f, §7BlocksMC1_7_2§f, §7BlocksMC1_8§f, §7BlocksMC1_9§f, §7BlocksMC1_10§f, §7BlocksMC1_11§f, §7BlocksMC1_12§f, §7BlocksMC1_13§f, §7BlocksMC1_14§f, §7BlocksMC1_15§f, §7BlocksMC1_16§f, §7MCAccessBukkitModern
§7§echecks§7: FastConsume§f, §7Gutenberg§f, §7HotFixFallingBlockPortalEnter
§7§edefaults§7: pvpKnockBackVelocity
§6§lHooks:
§7AllViolations~NCP~ 1.0§f, §7ViolationFrequency~NCP~ 1.0
25-08-14 10:01:27 [INFO] Removed hook: ViolationFrequency(NCP) [1.0].
25-08-14 10:01:27 [INFO] Removed hook: AllViolations(NCP) [1.0].
25-08-14 10:01:27 [FINE] | cancel.dead 0 | cancel.offline 0 | block.interact.look.current 0 | block.interact.look.flying.first 0 | block.interact.look.flying.other 0 | illegalitem 0 | boatsanywhere 0 | throwenderpearl 0 | fakeinvulnerable 0 | eggonentity 0 | event.player.move 990 (990/0) |
25-08-14 10:01:27 [INFO] [GenericInstanceRegistry] Registry cleared.
25-11-01 13:28:47 [INFO] Logger started.
25-11-01 13:28:47 [INFO] Logging system initialized.
25-11-01 13:28:47 [INFO] Detected Minecraft version: 1.16.5
25-11-01 13:29:00 [INFO] McAccess set to: 1.13-1.21|? / Bukkit-API
25-11-01 13:29:01 [INFO] Inventory checks: FastConsume is available, disabled InstantEat.
25-11-01 13:29:01 [INFO] Packet level access: ProtocolLib is not available.
25-11-01 13:29:01 [INFO] Force disable FastHeal, FastConsume, PacketFrequency and InstantBow on Minecraft 1.9 and later.
25-11-01 13:29:01 [INFO] Version 3.17.1-SNAPSHOT-Updated-b198 is enabled.
25-11-01 13:29:06 [INFO] [GenericInstanceRegistry] Registered (override) for itself: fr.neatmonster.nocheatplus.hooks.ExemptionSettings
25-11-01 13:29:06 [INFO] [GenericInstanceRegistry] Registered for itself: fr.neatmonster.nocheatplus.stats.Counters
25-11-01 13:29:06 [INFO] [GenericInstanceRegistry] Registered for itself: fr.neatmonster.nocheatplus.checks.workaround.WRPT
25-11-01 13:29:06 [INFO] [GenericInstanceRegistry] Registered for itself: fr.neatmonster.nocheatplus.checks.moving.location.tracking.LocationTrace$TraceEntryPool
25-11-01 13:29:06 [INFO] [GenericInstanceRegistry] Registered for itself: fr.neatmonster.nocheatplus.utilities.entity.PassengerUtil
25-11-01 13:29:06 [INFO] [GenericInstanceRegistry] Registered for fr.neatmonster.nocheatplus.compat.IBridgeCrossPlugin: fr.neatmonster.nocheatplus.compat.meta.BridgeCrossPlugin
25-11-01 13:29:06 [INFO] [GenericInstanceRegistry] Registered for fr.neatmonster.nocheatplus.compat.MCAccess: fr.neatmonster.nocheatplus.compat.bukkit.MCAccessBukkitModern
25-11-01 13:29:06 [INFO] [GenericInstanceRegistry] Registered for fr.neatmonster.nocheatplus.utilities.map.BlockCache: fr.neatmonster.nocheatplus.compat.bukkit.BlockCacheBukkitModern
25-11-01 13:29:06 [INFO] [GenericInstanceRegistry] Registered for fr.neatmonster.nocheatplus.components.modifier.IAttributeAccess: fr.neatmonster.nocheatplus.compat.bukkit.BukkitAttributeAccess
25-11-01 13:29:06 [INFO] [GenericInstanceRegistry] Registered for fr.neatmonster.nocheatplus.components.entity.IEntityAccessVehicle: fr.neatmonster.nocheatplus.compat.bukkit.EntityAccessVehicleMultiPassenger
25-11-01 13:29:06 [INFO] [GenericInstanceRegistry] Registered for itself: fr.neatmonster.nocheatplus.checks.moving.util.AuxMoving
25-11-01 13:29:06 [INFO] Added hook: AllViolations(NCP) [1.0].
25-11-01 13:29:06 [INFO] Added hook: ViolationFrequency(NCP) [1.0].
25-11-01 13:29:06 [INFO] Post-enable running...
25-11-01 13:29:06 [INFO] Post-enable finished.
25-11-01 13:29:06 [INFO] §c§l»Version information«§7
§6§lServer:§7
§7git-Patina-ver/1.16.5-"667fb1b" ~MC: 1.16.5~
§7§eDetected: §71.16.5
§6§lNoCheatPlus:§7
§7§ePlugin: §73.17.1-SNAPSHOT-Updated-b198
§7§eMCAccess: §71.13-1.21|? / Bukkit-API
§6§lFeatures:
§7§eblocks§7: BlocksMC1_4§f, §7BlocksMC1_5§f, §7BlocksMC1_6_1§f, §7BlocksMC1_7_2§f, §7BlocksMC1_8§f, §7BlocksMC1_9§f, §7BlocksMC1_10§f, §7BlocksMC1_11§f, §7BlocksMC1_12§f, §7BlocksMC1_13§f, §7BlocksMC1_14§f, §7BlocksMC1_15§f, §7BlocksMC1_16§f, §7MCAccessBukkitModern
§7§echecks§7: FastConsume§f, §7Gutenberg§f, §7HotFixFallingBlockPortalEnter
§7§edefaults§7: pvpKnockBackVelocity
§6§lHooks:
§7AllViolations~NCP~ 1.0§f, §7ViolationFrequency~NCP~ 1.0
25-11-01 14:11:41 [INFO] Removed hook: ViolationFrequency(NCP) [1.0].
25-11-01 14:11:41 [INFO] Removed hook: AllViolations(NCP) [1.0].
25-11-01 14:11:41 [FINE] | cancel.dead 0 | cancel.offline 0 | block.interact.look.current 0 | block.interact.look.flying.first 0 | block.interact.look.flying.other 0 | illegalitem 0 | boatsanywhere 0 | throwenderpearl 0 | fakeinvulnerable 0 | eggonentity 0 | event.player.move 9688 (9688/0) |
25-11-01 14:11:41 [INFO] [GenericInstanceRegistry] Registry cleared.
26-08-30 18:56:45 [INFO] Logger started.
26-08-30 18:56:45 [INFO] Logging system initialized.
26-08-30 18:56:45 [INFO] Detected Minecraft version: 1.16.5
26-08-30 18:56:53 [INFO] McAccess set to: 1.13-1.21|? / Bukkit-API
26-08-30 18:56:54 [INFO] Inventory checks: FastConsume is available, disabled InstantEat.
26-08-30 18:56:54 [INFO] Packet level access: ProtocolLib is not available.
26-08-30 18:56:54 [INFO] Force disable FastHeal, FastConsume, PacketFrequency and InstantBow on Minecraft 1.9 and later.
26-08-30 18:56:54 [INFO] Version 3.17.1-SNAPSHOT-Updated-b198 is enabled.
26-08-30 18:56:57 [INFO] [GenericInstanceRegistry] Registered (override) for itself: fr.neatmonster.nocheatplus.hooks.ExemptionSettings
26-08-30 18:56:57 [INFO] [GenericInstanceRegistry] Registered for itself: fr.neatmonster.nocheatplus.stats.Counters
26-08-30 18:56:57 [INFO] [GenericInstanceRegistry] Registered for itself: fr.neatmonster.nocheatplus.checks.workaround.WRPT
26-08-30 18:56:57 [INFO] [GenericInstanceRegistry] Registered for itself: fr.neatmonster.nocheatplus.checks.moving.location.tracking.LocationTrace$TraceEntryPool
26-08-30 18:56:57 [INFO] [GenericInstanceRegistry] Registered for itself: fr.neatmonster.nocheatplus.utilities.entity.PassengerUtil
26-08-30 18:56:57 [INFO] Post-enable running...
26-08-30 18:56:57 [INFO] [GenericInstanceRegistry] Registered for fr.neatmonster.nocheatplus.compat.IBridgeCrossPlugin: fr.neatmonster.nocheatplus.compat.meta.BridgeCrossPlugin
26-08-30 18:56:57 [INFO] [GenericInstanceRegistry] Registered for fr.neatmonster.nocheatplus.compat.MCAccess: fr.neatmonster.nocheatplus.compat.bukkit.MCAccessBukkitModern
26-08-30 18:56:57 [INFO] [GenericInstanceRegistry] Registered for fr.neatmonster.nocheatplus.utilities.map.BlockCache: fr.neatmonster.nocheatplus.compat.bukkit.BlockCacheBukkitModern
26-08-30 18:56:57 [INFO] [GenericInstanceRegistry] Registered for fr.neatmonster.nocheatplus.components.modifier.IAttributeAccess: fr.neatmonster.nocheatplus.compat.bukkit.BukkitAttributeAccess
26-08-30 18:56:57 [INFO] [GenericInstanceRegistry] Registered for fr.neatmonster.nocheatplus.components.entity.IEntityAccessVehicle: fr.neatmonster.nocheatplus.compat.bukkit.EntityAccessVehicleMultiPassenger
26-08-30 18:56:57 [INFO] [GenericInstanceRegistry] Registered for itself: fr.neatmonster.nocheatplus.checks.moving.util.AuxMoving
26-08-30 18:56:57 [INFO] Added hook: AllViolations(NCP) [1.0].
26-08-30 18:56:57 [INFO] Added hook: ViolationFrequency(NCP) [1.0].
26-08-30 18:56:57 [INFO] Post-enable finished.
26-08-30 18:56:57 [INFO] §c§l»Version information«§7
§6§lServer:§7
§7git-Patina-ver/1.16.5-"667fb1b" ~MC: 1.16.5~
§7§eDetected: §71.16.5
§6§lNoCheatPlus:§7
§7§ePlugin: §73.17.1-SNAPSHOT-Updated-b198
§7§eMCAccess: §71.13-1.21|? / Bukkit-API
§6§lFeatures:
§7§eblocks§7: BlocksMC1_4§f, §7BlocksMC1_5§f, §7BlocksMC1_6_1§f, §7BlocksMC1_7_2§f, §7BlocksMC1_8§f, §7BlocksMC1_9§f, §7BlocksMC1_10§f, §7BlocksMC1_11§f, §7BlocksMC1_12§f, §7BlocksMC1_13§f, §7BlocksMC1_14§f, §7BlocksMC1_15§f, §7BlocksMC1_16§f, §7MCAccessBukkitModern
§7§echecks§7: FastConsume§f, §7Gutenberg§f, §7HotFixFallingBlockPortalEnter
§7§edefaults§7: pvpKnockBackVelocity
§6§lHooks:
§7AllViolations~NCP~ 1.0§f, §7ViolationFrequency~NCP~ 1.0
26-08-30 19:09:16 [INFO] Removed hook: ViolationFrequency(NCP) [1.0].
26-08-30 19:09:16 [INFO] Removed hook: AllViolations(NCP) [1.0].
26-08-30 19:09:16 [FINE] | cancel.dead 0 | cancel.offline 0 | block.interact.look.current 0 | block.interact.look.flying.first 0 | block.interact.look.flying.other 0 | illegalitem 0 | boatsanywhere 0 | throwenderpearl 0 | fakeinvulnerable 0 | eggonentity 0 | event.player.move 3785 (3785/0) |
26-08-30 19:09:16 [INFO] [GenericInstanceRegistry] Registry cleared.
